2025-08-11 14:02:15 INFO  [background-preinit] o.h.validator.internal.util.Version - HV000001: Hibernate Validator 8.0.2.Final
2025-08-11 14:02:15 INFO  [main] r.d.calculator.CalculatorApplication - Starting CalculatorApplication using Java 21.0.8 with PID 14540 (C:\Users\PC\Desktop\gitRepos\bank\calculator\target\classes started by PC in C:\Users\PC\Desktop\gitRepos\bank)
2025-08-11 14:02:15 DEBUG [main] r.d.calculator.CalculatorApplication - Running with Spring Boot v3.4.4, Spring v6.2.5
2025-08-11 14:02:15 INFO  [main] r.d.calculator.CalculatorApplication - No active profile set, falling back to 1 default profile: "default"
2025-08-11 14:02:16 INFO  [main] o.s.b.w.e.tomcat.TomcatWebServer - Tomcat initialized with port 8080 (http)
2025-08-11 14:02:16 INFO  [main] o.a.coyote.http11.Http11NioProtocol - Initializing ProtocolHandler ["http-nio-8080"]
2025-08-11 14:02:16 INFO  [main] o.a.catalina.core.StandardService - Starting service [Tomcat]
2025-08-11 14:02:16 INFO  [main] o.a.catalina.core.StandardEngine - Starting Servlet engine: [Apache Tomcat/10.1.39]
2025-08-11 14:02:16 INFO  [main] o.a.c.c.C.[Tomcat].[localhost].[/] - Initializing Spring embedded WebApplicationContext
2025-08-11 14:02:16 INFO  [main] o.s.b.w.s.c.ServletWebServerApplicationContext - Root WebApplicationContext: initialization completed in 866 ms
2025-08-11 14:02:17 INFO  [main] o.a.coyote.http11.Http11NioProtocol - Starting ProtocolHandler ["http-nio-8080"]
2025-08-11 14:02:17 INFO  [main] o.s.b.w.e.tomcat.TomcatWebServer - Tomcat started on port 8080 (http) with context path '/'
2025-08-11 14:02:17 INFO  [main] r.d.calculator.CalculatorApplication - Started CalculatorApplication in 1.76 seconds (process running for 2.011)
2025-08-11 14:06:36 INFO  [http-nio-8080-exec-1] o.a.c.c.C.[Tomcat].[localhost].[/] - Initializing Spring DispatcherServlet 'dispatcherServlet'
2025-08-11 14:06:36 INFO  [http-nio-8080-exec-1] o.s.web.servlet.DispatcherServlet - Initializing Servlet 'dispatcherServlet'
2025-08-11 14:06:36 INFO  [http-nio-8080-exec-1] o.s.web.servlet.DispatcherServlet - Completed initialization in 2 ms
2025-08-11 14:06:36 INFO  [http-nio-8080-exec-1] r.d.c.c.CalculatorController - Received loan offers request: LoanStatementRequestDto(amount=25000, term=8, firstName=Coul, lastName=Rust, middleName=Jackson, email=coul@example.com, birthdate=2003-01-01, passportSeries=1234, passportNumber=567890)
2025-08-11 14:06:36 DEBUG [http-nio-8080-exec-1] r.d.c.s.i.CalcLoanOfferServiceImpl - Calculating loan offers LoanStatementRequestDto(amount=25000, term=8, firstName=Coul, lastName=Rust, middleName=Jackson, email=coul@example.com, birthdate=2003-01-01, passportSeries=1234, passportNumber=567890)
2025-08-11 14:06:36 DEBUG [http-nio-8080-exec-1] r.d.c.s.i.CalcLoanOfferServiceImpl - Creating loan offer: loanStatementRequest=LoanStatementRequestDto(amount=25000, term=8, firstName=Coul, lastName=Rust, middleName=Jackson, email=coul@example.com, birthdate=2003-01-01, passportSeries=1234, passportNumber=567890), isInsuranceEnabled=false, isSalaryClient=false
2025-08-11 14:06:36 DEBUG [http-nio-8080-exec-1] r.d.c.s.i.CalcLoanOfferServiceImpl - Setting loanAmount: 25000
2025-08-11 14:06:36 DEBUG [http-nio-8080-exec-1] r.d.c.s.LoanCalculatorComponent - Adjusting rate depending on settings: isInsuranceEnabled=false,  isSalaryClient=false
2025-08-11 14:06:36 DEBUG [http-nio-8080-exec-1] r.d.c.s.LoanCalculatorComponent - Calculated rate: rate=20
2025-08-11 14:06:36 DEBUG [http-nio-8080-exec-1] r.d.c.s.i.CalcLoanOfferServiceImpl - Calculated rate: 20
2025-08-11 14:06:36 DEBUG [http-nio-8080-exec-1] r.d.c.s.LoanCalculatorComponent - Calculating principal: amount=25000, isInsuranceEnabled=false
2025-08-11 14:06:36 DEBUG [http-nio-8080-exec-1] r.d.c.s.LoanCalculatorComponent - Calculated amount: amount=25000
2025-08-11 14:06:36 DEBUG [http-nio-8080-exec-1] r.d.c.s.i.CalcLoanOfferServiceImpl - Calculated principal: 25000
2025-08-11 14:06:36 DEBUG [http-nio-8080-exec-1] r.d.c.s.LoanCalculatorComponent - Calculating annuity monthly payment: loanAmount=25000, rate=20, term=8
2025-08-11 14:06:36 DEBUG [http-nio-8080-exec-1] r.d.c.s.LoanCalculatorComponent - Calculated monthly payment: 3363.89
2025-08-11 14:06:36 DEBUG [http-nio-8080-exec-1] r.d.c.s.i.CalcLoanOfferServiceImpl - Calculated monthly payment: 3363.89
2025-08-11 14:06:36 DEBUG [http-nio-8080-exec-1] r.d.c.s.LoanCalculatorComponent - Calculating total amount: monthlyPayment=3363.89, term=8
2025-08-11 14:06:36 DEBUG [http-nio-8080-exec-1] r.d.c.s.LoanCalculatorComponent - Calculated total amount: totalAmount=26911.12
2025-08-11 14:06:36 DEBUG [http-nio-8080-exec-1] r.d.c.s.i.CalcLoanOfferServiceImpl - Calculated totalAmount: 26911.12
2025-08-11 14:06:36 DEBUG [http-nio-8080-exec-1] r.d.c.s.i.CalcLoanOfferServiceImpl - Calculated loan offer: LoanOfferDto(statementId=75a04fa0-9864-4be9-8da4-a03126f7ccf8, requestedAmount=25000, totalAmount=26911.12, term=8, monthlyPayment=3363.89, rate=20, isInsuranceEnabled=false, isSalaryClient=false)
2025-08-11 14:06:36 DEBUG [http-nio-8080-exec-1] r.d.c.s.i.CalcLoanOfferServiceImpl - Creating loan offer: loanStatementRequest=LoanStatementRequestDto(amount=25000, term=8, firstName=Coul, lastName=Rust, middleName=Jackson, email=coul@example.com, birthdate=2003-01-01, passportSeries=1234, passportNumber=567890), isInsuranceEnabled=false, isSalaryClient=true
2025-08-11 14:06:36 DEBUG [http-nio-8080-exec-1] r.d.c.s.i.CalcLoanOfferServiceImpl - Setting loanAmount: 25000
2025-08-11 14:06:36 DEBUG [http-nio-8080-exec-1] r.d.c.s.LoanCalculatorComponent - Adjusting rate depending on settings: isInsuranceEnabled=false,  isSalaryClient=true
2025-08-11 14:06:36 DEBUG [http-nio-8080-exec-1] r.d.c.s.LoanCalculatorComponent - Calculating  rate by SALARY_CLIENT_DISCOUNT: rate=19
2025-08-11 14:06:36 DEBUG [http-nio-8080-exec-1] r.d.c.s.LoanCalculatorComponent - Calculated rate: rate=19
2025-08-11 14:06:36 DEBUG [http-nio-8080-exec-1] r.d.c.s.i.CalcLoanOfferServiceImpl - Calculated rate: 19
2025-08-11 14:06:36 DEBUG [http-nio-8080-exec-1] r.d.c.s.LoanCalculatorComponent - Calculating principal: amount=25000, isInsuranceEnabled=false
2025-08-11 14:06:36 DEBUG [http-nio-8080-exec-1] r.d.c.s.LoanCalculatorComponent - Calculated amount: amount=25000
2025-08-11 14:06:36 DEBUG [http-nio-8080-exec-1] r.d.c.s.i.CalcLoanOfferServiceImpl - Calculated principal: 25000
2025-08-11 14:06:36 DEBUG [http-nio-8080-exec-1] r.d.c.s.LoanCalculatorComponent - Calculating annuity monthly payment: loanAmount=25000, rate=19, term=8
2025-08-11 14:06:36 DEBUG [http-nio-8080-exec-1] r.d.c.s.LoanCalculatorComponent - Calculated monthly payment: 3351.74
2025-08-11 14:06:36 DEBUG [http-nio-8080-exec-1] r.d.c.s.i.CalcLoanOfferServiceImpl - Calculated monthly payment: 3351.74
2025-08-11 14:06:36 DEBUG [http-nio-8080-exec-1] r.d.c.s.LoanCalculatorComponent - Calculating total amount: monthlyPayment=3351.74, term=8
2025-08-11 14:06:36 DEBUG [http-nio-8080-exec-1] r.d.c.s.LoanCalculatorComponent - Calculated total amount: totalAmount=26813.92
2025-08-11 14:06:36 DEBUG [http-nio-8080-exec-1] r.d.c.s.i.CalcLoanOfferServiceImpl - Calculated totalAmount: 26813.92
2025-08-11 14:06:36 DEBUG [http-nio-8080-exec-1] r.d.c.s.i.CalcLoanOfferServiceImpl - Calculated loan offer: LoanOfferDto(statementId=f48a51e4-d872-4c27-82a2-15910206afe7, requestedAmount=25000, totalAmount=26813.92, term=8, monthlyPayment=3351.74, rate=19, isInsuranceEnabled=false, isSalaryClient=true)
2025-08-11 14:06:36 DEBUG [http-nio-8080-exec-1] r.d.c.s.i.CalcLoanOfferServiceImpl - Creating loan offer: loanStatementRequest=LoanStatementRequestDto(amount=25000, term=8, firstName=Coul, lastName=Rust, middleName=Jackson, email=coul@example.com, birthdate=2003-01-01, passportSeries=1234, passportNumber=567890), isInsuranceEnabled=true, isSalaryClient=false
2025-08-11 14:06:36 DEBUG [http-nio-8080-exec-1] r.d.c.s.i.CalcLoanOfferServiceImpl - Setting loanAmount: 25000
2025-08-11 14:06:36 DEBUG [http-nio-8080-exec-1] r.d.c.s.LoanCalculatorComponent - Adjusting rate depending on settings: isInsuranceEnabled=true,  isSalaryClient=false
2025-08-11 14:06:36 DEBUG [http-nio-8080-exec-1] r.d.c.s.LoanCalculatorComponent - Calculating  rate by INSURANCE_DISCOUNT: rate=17
2025-08-11 14:06:36 DEBUG [http-nio-8080-exec-1] r.d.c.s.LoanCalculatorComponent - Calculated rate: rate=17
2025-08-11 14:06:36 DEBUG [http-nio-8080-exec-1] r.d.c.s.i.CalcLoanOfferServiceImpl - Calculated rate: 17
2025-08-11 14:06:36 DEBUG [http-nio-8080-exec-1] r.d.c.s.LoanCalculatorComponent - Calculating principal: amount=25000, isInsuranceEnabled=true
2025-08-11 14:06:36 DEBUG [http-nio-8080-exec-1] r.d.c.s.LoanCalculatorComponent - Increased amount: amount=125000
2025-08-11 14:06:36 DEBUG [http-nio-8080-exec-1] r.d.c.s.i.CalcLoanOfferServiceImpl - Calculated principal: 125000
2025-08-11 14:06:36 DEBUG [http-nio-8080-exec-1] r.d.c.s.LoanCalculatorComponent - Calculating annuity monthly payment: loanAmount=125000, rate=17, term=8
2025-08-11 14:06:36 DEBUG [http-nio-8080-exec-1] r.d.c.s.LoanCalculatorComponent - Calculated monthly payment: 16637.44
2025-08-11 14:06:36 DEBUG [http-nio-8080-exec-1] r.d.c.s.i.CalcLoanOfferServiceImpl - Calculated monthly payment: 16637.44
2025-08-11 14:06:36 DEBUG [http-nio-8080-exec-1] r.d.c.s.LoanCalculatorComponent - Calculating total amount: monthlyPayment=16637.44, term=8
2025-08-11 14:06:36 DEBUG [http-nio-8080-exec-1] r.d.c.s.LoanCalculatorComponent - Calculated total amount: totalAmount=133099.52
2025-08-11 14:06:36 DEBUG [http-nio-8080-exec-1] r.d.c.s.i.CalcLoanOfferServiceImpl - Calculated totalAmount: 133099.52
2025-08-11 14:06:36 DEBUG [http-nio-8080-exec-1] r.d.c.s.i.CalcLoanOfferServiceImpl - Calculated loan offer: LoanOfferDto(statementId=7d0cf039-d2ba-4a8d-8f8a-2f46f61e5953, requestedAmount=25000, totalAmount=133099.52, term=8, monthlyPayment=16637.44, rate=17, isInsuranceEnabled=true, isSalaryClient=false)
2025-08-11 14:06:36 DEBUG [http-nio-8080-exec-1] r.d.c.s.i.CalcLoanOfferServiceImpl - Creating loan offer: loanStatementRequest=LoanStatementRequestDto(amount=25000, term=8, firstName=Coul, lastName=Rust, middleName=Jackson, email=coul@example.com, birthdate=2003-01-01, passportSeries=1234, passportNumber=567890), isInsuranceEnabled=true, isSalaryClient=true
2025-08-11 14:06:36 DEBUG [http-nio-8080-exec-1] r.d.c.s.i.CalcLoanOfferServiceImpl - Setting loanAmount: 25000
2025-08-11 14:06:36 DEBUG [http-nio-8080-exec-1] r.d.c.s.LoanCalculatorComponent - Adjusting rate depending on settings: isInsuranceEnabled=true,  isSalaryClient=true
2025-08-11 14:06:36 DEBUG [http-nio-8080-exec-1] r.d.c.s.LoanCalculatorComponent - Calculating  rate by INSURANCE_DISCOUNT: rate=17
2025-08-11 14:06:36 DEBUG [http-nio-8080-exec-1] r.d.c.s.LoanCalculatorComponent - Calculating  rate by SALARY_CLIENT_DISCOUNT: rate=16
2025-08-11 14:06:36 DEBUG [http-nio-8080-exec-1] r.d.c.s.LoanCalculatorComponent - Calculated rate: rate=16
2025-08-11 14:06:36 DEBUG [http-nio-8080-exec-1] r.d.c.s.i.CalcLoanOfferServiceImpl - Calculated rate: 16
2025-08-11 14:06:36 DEBUG [http-nio-8080-exec-1] r.d.c.s.LoanCalculatorComponent - Calculating principal: amount=25000, isInsuranceEnabled=true
2025-08-11 14:06:36 DEBUG [http-nio-8080-exec-1] r.d.c.s.LoanCalculatorComponent - Increased amount: amount=125000
2025-08-11 14:06:36 DEBUG [http-nio-8080-exec-1] r.d.c.s.i.CalcLoanOfferServiceImpl - Calculated principal: 125000
2025-08-11 14:06:36 DEBUG [http-nio-8080-exec-1] r.d.c.s.LoanCalculatorComponent - Calculating annuity monthly payment: loanAmount=125000, rate=16, term=8
2025-08-11 14:06:36 DEBUG [http-nio-8080-exec-1] r.d.c.s.LoanCalculatorComponent - Calculated monthly payment: 16576.98
2025-08-11 14:06:36 DEBUG [http-nio-8080-exec-1] r.d.c.s.i.CalcLoanOfferServiceImpl - Calculated monthly payment: 16576.98
2025-08-11 14:06:36 DEBUG [http-nio-8080-exec-1] r.d.c.s.LoanCalculatorComponent - Calculating total amount: monthlyPayment=16576.98, term=8
2025-08-11 14:06:36 DEBUG [http-nio-8080-exec-1] r.d.c.s.LoanCalculatorComponent - Calculated total amount: totalAmount=132615.84
2025-08-11 14:06:36 DEBUG [http-nio-8080-exec-1] r.d.c.s.i.CalcLoanOfferServiceImpl - Calculated totalAmount: 132615.84
2025-08-11 14:06:36 DEBUG [http-nio-8080-exec-1] r.d.c.s.i.CalcLoanOfferServiceImpl - Calculated loan offer: LoanOfferDto(statementId=a2fd5c40-bdd5-465a-b6c4-61da6a923017, requestedAmount=25000, totalAmount=132615.84, term=8, monthlyPayment=16576.98, rate=16, isInsuranceEnabled=true, isSalaryClient=true)
2025-08-11 14:06:36 DEBUG [http-nio-8080-exec-1] r.d.c.s.i.CalcLoanOfferServiceImpl - Calculated list of loan offers [LoanOfferDto(statementId=75a04fa0-9864-4be9-8da4-a03126f7ccf8, requestedAmount=25000, totalAmount=26911.12, term=8, monthlyPayment=3363.89, rate=20, isInsuranceEnabled=false, isSalaryClient=false), LoanOfferDto(statementId=f48a51e4-d872-4c27-82a2-15910206afe7, requestedAmount=25000, totalAmount=26813.92, term=8, monthlyPayment=3351.74, rate=19, isInsuranceEnabled=false, isSalaryClient=true), LoanOfferDto(statementId=7d0cf039-d2ba-4a8d-8f8a-2f46f61e5953, requestedAmount=25000, totalAmount=133099.52, term=8, monthlyPayment=16637.44, rate=17, isInsuranceEnabled=true, isSalaryClient=false), LoanOfferDto(statementId=a2fd5c40-bdd5-465a-b6c4-61da6a923017, requestedAmount=25000, totalAmount=132615.84, term=8, monthlyPayment=16576.98, rate=16, isInsuranceEnabled=true, isSalaryClient=true)]
2025-08-11 14:06:36 INFO  [http-nio-8080-exec-1] r.d.c.c.CalculatorController - Response for loan offers request <200 OK OK,[LoanOfferDto(statementId=75a04fa0-9864-4be9-8da4-a03126f7ccf8, requestedAmount=25000, totalAmount=26911.12, term=8, monthlyPayment=3363.89, rate=20, isInsuranceEnabled=false, isSalaryClient=false), LoanOfferDto(statementId=f48a51e4-d872-4c27-82a2-15910206afe7, requestedAmount=25000, totalAmount=26813.92, term=8, monthlyPayment=3351.74, rate=19, isInsuranceEnabled=false, isSalaryClient=true), LoanOfferDto(statementId=7d0cf039-d2ba-4a8d-8f8a-2f46f61e5953, requestedAmount=25000, totalAmount=133099.52, term=8, monthlyPayment=16637.44, rate=17, isInsuranceEnabled=true, isSalaryClient=false), LoanOfferDto(statementId=a2fd5c40-bdd5-465a-b6c4-61da6a923017, requestedAmount=25000, totalAmount=132615.84, term=8, monthlyPayment=16576.98, rate=16, isInsuranceEnabled=true, isSalaryClient=true)],[]>
2025-08-11 14:13:23 INFO  [http-nio-8080-exec-3] r.d.c.c.CalculatorController - Received credit creation request: ScoringDataDto(amount=25000, term=8, firstName=Coul, lastName=Rust, middleName=Jackson, gender=FEMALE, birthdate=2003-01-01, passportSeries=1234, passportNumber=567890, passportIssueDate=2003-01-01, passportIssueBranch=MG Russia, maritalStatus=MARRIED, dependentAmount=25000, employment=EmploymentDto(employmentStatus=SELF_EMPLOYED, employerINN=123456789012, salary=60000, position=MANAGER, workExperienceTotal=20, workExperienceCurrent=10), accountNumber=12345678901234567000, isInsuranceEnabled=true, isSalaryClient=true)
2025-08-11 14:13:23 DEBUG [http-nio-8080-exec-3] r.d.c.s.impl.CalcCreditServiceImpl - Calculating credit ScoringDataDto(amount=25000, term=8, firstName=Coul, lastName=Rust, middleName=Jackson, gender=FEMALE, birthdate=2003-01-01, passportSeries=1234, passportNumber=567890, passportIssueDate=2003-01-01, passportIssueBranch=MG Russia, maritalStatus=MARRIED, dependentAmount=25000, employment=EmploymentDto(employmentStatus=SELF_EMPLOYED, employerINN=123456789012, salary=60000, position=MANAGER, workExperienceTotal=20, workExperienceCurrent=10), accountNumber=12345678901234567000, isInsuranceEnabled=true, isSalaryClient=true)
2025-08-11 14:13:23 DEBUG [http-nio-8080-exec-3] r.d.c.s.impl.CalcCreditServiceImpl - Creating credit ScoringDataDto(amount=25000, term=8, firstName=Coul, lastName=Rust, middleName=Jackson, gender=FEMALE, birthdate=2003-01-01, passportSeries=1234, passportNumber=567890, passportIssueDate=2003-01-01, passportIssueBranch=MG Russia, maritalStatus=MARRIED, dependentAmount=25000, employment=EmploymentDto(employmentStatus=SELF_EMPLOYED, employerINN=123456789012, salary=60000, position=MANAGER, workExperienceTotal=20, workExperienceCurrent=10), accountNumber=12345678901234567000, isInsuranceEnabled=true, isSalaryClient=true)
2025-08-11 14:13:23 DEBUG [http-nio-8080-exec-3] r.d.c.s.impl.CalcCreditServiceImpl - Validating scoring data ScoringDataDto(amount=25000, term=8, firstName=Coul, lastName=Rust, middleName=Jackson, gender=FEMALE, birthdate=2003-01-01, passportSeries=1234, passportNumber=567890, passportIssueDate=2003-01-01, passportIssueBranch=MG Russia, maritalStatus=MARRIED, dependentAmount=25000, employment=EmploymentDto(employmentStatus=SELF_EMPLOYED, employerINN=123456789012, salary=60000, position=MANAGER, workExperienceTotal=20, workExperienceCurrent=10), accountNumber=12345678901234567000, isInsuranceEnabled=true, isSalaryClient=true)
2025-08-11 14:13:23 DEBUG [http-nio-8080-exec-3] r.d.c.service.utils.UserValidator - Validating scoring data ScoringDataDto(amount=25000, term=8, firstName=Coul, lastName=Rust, middleName=Jackson, gender=FEMALE, birthdate=2003-01-01, passportSeries=1234, passportNumber=567890, passportIssueDate=2003-01-01, passportIssueBranch=MG Russia, maritalStatus=MARRIED, dependentAmount=25000, employment=EmploymentDto(employmentStatus=SELF_EMPLOYED, employerINN=123456789012, salary=60000, position=MANAGER, workExperienceTotal=20, workExperienceCurrent=10), accountNumber=12345678901234567000, isInsuranceEnabled=true, isSalaryClient=true)
2025-08-11 14:13:23 DEBUG [http-nio-8080-exec-3] r.d.c.service.utils.UserValidator - Validating employment status scoring data ScoringDataDto(amount=25000, term=8, firstName=Coul, lastName=Rust, middleName=Jackson, gender=FEMALE, birthdate=2003-01-01, passportSeries=1234, passportNumber=567890, passportIssueDate=2003-01-01, passportIssueBranch=MG Russia, maritalStatus=MARRIED, dependentAmount=25000, employment=EmploymentDto(employmentStatus=SELF_EMPLOYED, employerINN=123456789012, salary=60000, position=MANAGER, workExperienceTotal=20, workExperienceCurrent=10), accountNumber=12345678901234567000, isInsuranceEnabled=true, isSalaryClient=true)
2025-08-11 14:13:23 DEBUG [http-nio-8080-exec-3] r.d.c.service.utils.UserValidator - Calculated rate by 2 for SELF_EMPLOYED CreditDto(amount=25000, term=8, monthlyPayment=null, rate=22, psk=null, isInsuranceEnabled=true, isSalaryClient=true, paymentSchedule=null)
2025-08-11 14:13:23 DEBUG [http-nio-8080-exec-3] r.d.c.service.utils.UserValidator - Validated EmploymentStatus for creditCreditDto(amount=25000, term=8, monthlyPayment=null, rate=22, psk=null, isInsuranceEnabled=true, isSalaryClient=true, paymentSchedule=null)
2025-08-11 14:13:23 DEBUG [http-nio-8080-exec-3] r.d.c.service.utils.UserValidator - Employment position validating scoring data, ScoringDataDto(amount=25000, term=8, firstName=Coul, lastName=Rust, middleName=Jackson, gender=FEMALE, birthdate=2003-01-01, passportSeries=1234, passportNumber=567890, passportIssueDate=2003-01-01, passportIssueBranch=MG Russia, maritalStatus=MARRIED, dependentAmount=25000, employment=EmploymentDto(employmentStatus=SELF_EMPLOYED, employerINN=123456789012, salary=60000, position=MANAGER, workExperienceTotal=20, workExperienceCurrent=10), accountNumber=12345678901234567000, isInsuranceEnabled=true, isSalaryClient=true)
2025-08-11 14:13:23 DEBUG [http-nio-8080-exec-3] r.d.c.service.utils.UserValidator - Subtracted rate by 2 for MANAGER CreditDto(amount=25000, term=8, monthlyPayment=null, rate=20, psk=null, isInsuranceEnabled=true, isSalaryClient=true, paymentSchedule=null)
2025-08-11 14:13:23 DEBUG [http-nio-8080-exec-3] r.d.c.service.utils.UserValidator - Validated EmploymentPosition for creditCreditDto(amount=25000, term=8, monthlyPayment=null, rate=20, psk=null, isInsuranceEnabled=true, isSalaryClient=true, paymentSchedule=null)
2025-08-11 14:13:23 DEBUG [http-nio-8080-exec-3] r.d.c.service.utils.UserValidator - Validating loan amount scoring data, ScoringDataDto(amount=25000, term=8, firstName=Coul, lastName=Rust, middleName=Jackson, gender=FEMALE, birthdate=2003-01-01, passportSeries=1234, passportNumber=567890, passportIssueDate=2003-01-01, passportIssueBranch=MG Russia, maritalStatus=MARRIED, dependentAmount=25000, employment=EmploymentDto(employmentStatus=SELF_EMPLOYED, employerINN=123456789012, salary=60000, position=MANAGER, workExperienceTotal=20, workExperienceCurrent=10), accountNumber=12345678901234567000, isInsuranceEnabled=true, isSalaryClient=true)
2025-08-11 14:13:23 DEBUG [http-nio-8080-exec-3] r.d.c.service.utils.UserValidator - Validated loan amount for credit: ScoringDataDto(amount=25000, term=8, firstName=Coul, lastName=Rust, middleName=Jackson, gender=FEMALE, birthdate=2003-01-01, passportSeries=1234, passportNumber=567890, passportIssueDate=2003-01-01, passportIssueBranch=MG Russia, maritalStatus=MARRIED, dependentAmount=25000, employment=EmploymentDto(employmentStatus=SELF_EMPLOYED, employerINN=123456789012, salary=60000, position=MANAGER, workExperienceTotal=20, workExperienceCurrent=10), accountNumber=12345678901234567000, isInsuranceEnabled=true, isSalaryClient=true)
2025-08-11 14:13:23 DEBUG [http-nio-8080-exec-3] r.d.c.service.utils.UserValidator - Employment marital status validating ScoringDataDto(amount=25000, term=8, firstName=Coul, lastName=Rust, middleName=Jackson, gender=FEMALE, birthdate=2003-01-01, passportSeries=1234, passportNumber=567890, passportIssueDate=2003-01-01, passportIssueBranch=MG Russia, maritalStatus=MARRIED, dependentAmount=25000, employment=EmploymentDto(employmentStatus=SELF_EMPLOYED, employerINN=123456789012, salary=60000, position=MANAGER, workExperienceTotal=20, workExperienceCurrent=10), accountNumber=12345678901234567000, isInsuranceEnabled=true, isSalaryClient=true)
2025-08-11 14:13:23 DEBUG [http-nio-8080-exec-3] r.d.c.service.utils.UserValidator - Subtracted rate by 3 for MARRIED CreditDto(amount=25000, term=8, monthlyPayment=null, rate=17, psk=null, isInsuranceEnabled=true, isSalaryClient=true, paymentSchedule=null)
2025-08-11 14:13:23 DEBUG [http-nio-8080-exec-3] r.d.c.service.utils.UserValidator - Validated MaritalStatus for creditCreditDto(amount=25000, term=8, monthlyPayment=null, rate=17, psk=null, isInsuranceEnabled=true, isSalaryClient=true, paymentSchedule=null)
2025-08-11 14:13:23 DEBUG [http-nio-8080-exec-3] r.d.c.service.utils.UserValidator - Validating age scoring data, ScoringDataDto(amount=25000, term=8, firstName=Coul, lastName=Rust, middleName=Jackson, gender=FEMALE, birthdate=2003-01-01, passportSeries=1234, passportNumber=567890, passportIssueDate=2003-01-01, passportIssueBranch=MG Russia, maritalStatus=MARRIED, dependentAmount=25000, employment=EmploymentDto(employmentStatus=SELF_EMPLOYED, employerINN=123456789012, salary=60000, position=MANAGER, workExperienceTotal=20, workExperienceCurrent=10), accountNumber=12345678901234567000, isInsuranceEnabled=true, isSalaryClient=true)
2025-08-11 14:13:23 DEBUG [http-nio-8080-exec-3] r.d.c.service.utils.UserValidator - Validated age for credit22
2025-08-11 14:13:23 DEBUG [http-nio-8080-exec-3] r.d.c.service.utils.UserValidator - Validating gender scoring data, ScoringDataDto(amount=25000, term=8, firstName=Coul, lastName=Rust, middleName=Jackson, gender=FEMALE, birthdate=2003-01-01, passportSeries=1234, passportNumber=567890, passportIssueDate=2003-01-01, passportIssueBranch=MG Russia, maritalStatus=MARRIED, dependentAmount=25000, employment=EmploymentDto(employmentStatus=SELF_EMPLOYED, employerINN=123456789012, salary=60000, position=MANAGER, workExperienceTotal=20, workExperienceCurrent=10), accountNumber=12345678901234567000, isInsuranceEnabled=true, isSalaryClient=true)
2025-08-11 14:13:23 DEBUG [http-nio-8080-exec-3] r.d.c.service.utils.UserValidator - Validated Gender for creditCreditDto(amount=25000, term=8, monthlyPayment=null, rate=17, psk=null, isInsuranceEnabled=true, isSalaryClient=true, paymentSchedule=null)
2025-08-11 14:13:23 DEBUG [http-nio-8080-exec-3] r.d.c.service.utils.UserValidator - Validating work experience scoring data, ScoringDataDto(amount=25000, term=8, firstName=Coul, lastName=Rust, middleName=Jackson, gender=FEMALE, birthdate=2003-01-01, passportSeries=1234, passportNumber=567890, passportIssueDate=2003-01-01, passportIssueBranch=MG Russia, maritalStatus=MARRIED, dependentAmount=25000, employment=EmploymentDto(employmentStatus=SELF_EMPLOYED, employerINN=123456789012, salary=60000, position=MANAGER, workExperienceTotal=20, workExperienceCurrent=10), accountNumber=12345678901234567000, isInsuranceEnabled=true, isSalaryClient=true)
2025-08-11 14:13:23 DEBUG [http-nio-8080-exec-3] r.d.c.service.utils.UserValidator - Validated WorkExperience, ScoringDataDto(amount=25000, term=8, firstName=Coul, lastName=Rust, middleName=Jackson, gender=FEMALE, birthdate=2003-01-01, passportSeries=1234, passportNumber=567890, passportIssueDate=2003-01-01, passportIssueBranch=MG Russia, maritalStatus=MARRIED, dependentAmount=25000, employment=EmploymentDto(employmentStatus=SELF_EMPLOYED, employerINN=123456789012, salary=60000, position=MANAGER, workExperienceTotal=20, workExperienceCurrent=10), accountNumber=12345678901234567000, isInsuranceEnabled=true, isSalaryClient=true)
2025-08-11 14:13:23 DEBUG [http-nio-8080-exec-3] r.d.c.service.utils.UserValidator - Validated scoring data for creditCreditDto(amount=25000, term=8, monthlyPayment=null, rate=17, psk=null, isInsuranceEnabled=true, isSalaryClient=true, paymentSchedule=null)
2025-08-11 14:13:23 DEBUG [http-nio-8080-exec-3] r.d.c.s.LoanCalculatorComponent - Adjusting rate depending on settings: isInsuranceEnabled=true,  isSalaryClient=true
2025-08-11 14:13:23 DEBUG [http-nio-8080-exec-3] r.d.c.s.LoanCalculatorComponent - Calculating  rate by INSURANCE_DISCOUNT: rate=14
2025-08-11 14:13:23 DEBUG [http-nio-8080-exec-3] r.d.c.s.LoanCalculatorComponent - Calculating  rate by SALARY_CLIENT_DISCOUNT: rate=13
2025-08-11 14:13:23 DEBUG [http-nio-8080-exec-3] r.d.c.s.LoanCalculatorComponent - Calculated rate: rate=13
2025-08-11 14:13:23 DEBUG [http-nio-8080-exec-3] r.d.c.s.impl.CalcCreditServiceImpl - Calculated rate: 13
2025-08-11 14:13:23 DEBUG [http-nio-8080-exec-3] r.d.c.s.LoanCalculatorComponent - Calculating principal: amount=25000, isInsuranceEnabled=true
2025-08-11 14:13:23 DEBUG [http-nio-8080-exec-3] r.d.c.s.LoanCalculatorComponent - Increased amount: amount=125000
2025-08-11 14:13:23 DEBUG [http-nio-8080-exec-3] r.d.c.s.impl.CalcCreditServiceImpl - Calculated principal: 125000
2025-08-11 14:13:23 DEBUG [http-nio-8080-exec-3] r.d.c.s.LoanCalculatorComponent - Calculating annuity monthly payment: loanAmount=125000, rate=13, term=8
2025-08-11 14:13:23 DEBUG [http-nio-8080-exec-3] r.d.c.s.LoanCalculatorComponent - Calculated monthly payment: 16396.29
2025-08-11 14:13:23 DEBUG [http-nio-8080-exec-3] r.d.c.s.impl.CalcCreditServiceImpl - Calculated monthly payment: 16396.29
2025-08-11 14:13:23 DEBUG [http-nio-8080-exec-3] r.d.c.s.LoanCalculatorComponent - Calculating total amount: monthlyPayment=16396.29, term=8
2025-08-11 14:13:23 DEBUG [http-nio-8080-exec-3] r.d.c.s.LoanCalculatorComponent - Calculated total amount: totalAmount=131170.32
2025-08-11 14:13:23 DEBUG [http-nio-8080-exec-3] r.d.c.s.impl.CalcCreditServiceImpl - Calculated totalAmount: 131170.32
2025-08-11 14:13:23 DEBUG [http-nio-8080-exec-3] r.d.c.s.impl.CalcCreditServiceImpl - Calculating PSK by: principal=125000, monthlyPayment=131170.32, termMonths=8
2025-08-11 14:13:23 DEBUG [http-nio-8080-exec-3] r.d.c.s.impl.CalcCreditServiceImpl - Calculated PSK: 409500.00%
2025-08-11 14:13:23 DEBUG [http-nio-8080-exec-3] r.d.c.s.impl.CalcCreditServiceImpl - Calculating payment schedule for credit: CreditDto(amount=125000, term=8, monthlyPayment=16396.29, rate=13, psk=409500.00, isInsuranceEnabled=true, isSalaryClient=true, paymentSchedule=null)
2025-08-11 14:13:23 DEBUG [http-nio-8080-exec-3] r.d.c.s.impl.CalcCreditServiceImpl - Calculating interest payment: remainingDebt=125000, rate=13
2025-08-11 14:13:23 DEBUG [http-nio-8080-exec-3] r.d.c.s.impl.CalcCreditServiceImpl - Calculated interest payment: interest=1354.16
2025-08-11 14:13:23 DEBUG [http-nio-8080-exec-3] r.d.c.s.impl.CalcCreditServiceImpl - Calculating debt payment: totalPayment=16396.29, interestPayment=1354.16
2025-08-11 14:13:23 DEBUG [http-nio-8080-exec-3] r.d.c.s.impl.CalcCreditServiceImpl - Calculated debt payment: debtPayment=15042.13
2025-08-11 14:13:23 DEBUG [http-nio-8080-exec-3] r.d.c.s.impl.CalcCreditServiceImpl - Calculating remaining debt: remainingDebt=125000, debtPayment=15042.13
2025-08-11 14:13:23 DEBUG [http-nio-8080-exec-3] r.d.c.s.impl.CalcCreditServiceImpl - Calculated remaining debt: remainingDebt=109957.87
2025-08-11 14:13:23 DEBUG [http-nio-8080-exec-3] r.d.c.s.impl.CalcCreditServiceImpl - Month 1: interest=1354.16, debt=15042.13, remainingDebt=125000.00
2025-08-11 14:13:23 DEBUG [http-nio-8080-exec-3] r.d.c.s.impl.CalcCreditServiceImpl - Added schedule element: PaymentScheduleElementDto(number=1, date=2025-09-11, totalPayment=16396.29, interestPayment=1354.16, debtPayment=15042.13, remainingDebt=125000.00)
2025-08-11 14:13:23 DEBUG [http-nio-8080-exec-3] r.d.c.s.impl.CalcCreditServiceImpl - Calculating interest payment: remainingDebt=125000, rate=13
2025-08-11 14:13:23 DEBUG [http-nio-8080-exec-3] r.d.c.s.impl.CalcCreditServiceImpl - Calculated interest payment: interest=1354.16
2025-08-11 14:13:23 DEBUG [http-nio-8080-exec-3] r.d.c.s.impl.CalcCreditServiceImpl - Calculating debt payment: totalPayment=16396.29, interestPayment=1354.16
2025-08-11 14:13:23 DEBUG [http-nio-8080-exec-3] r.d.c.s.impl.CalcCreditServiceImpl - Calculated debt payment: debtPayment=15042.13
2025-08-11 14:13:23 DEBUG [http-nio-8080-exec-3] r.d.c.s.impl.CalcCreditServiceImpl - Calculating remaining debt: remainingDebt=125000, debtPayment=15042.13
2025-08-11 14:13:23 DEBUG [http-nio-8080-exec-3] r.d.c.s.impl.CalcCreditServiceImpl - Calculated remaining debt: remainingDebt=109957.87
2025-08-11 14:13:23 DEBUG [http-nio-8080-exec-3] r.d.c.s.impl.CalcCreditServiceImpl - Month 2: interest=1354.16, debt=15042.13, remainingDebt=125000.00
2025-08-11 14:13:23 DEBUG [http-nio-8080-exec-3] r.d.c.s.impl.CalcCreditServiceImpl - Added schedule element: PaymentScheduleElementDto(number=2, date=2025-10-11, totalPayment=16396.29, interestPayment=1354.16, debtPayment=15042.13, remainingDebt=125000.00)
2025-08-11 14:13:23 DEBUG [http-nio-8080-exec-3] r.d.c.s.impl.CalcCreditServiceImpl - Calculating interest payment: remainingDebt=125000, rate=13
2025-08-11 14:13:23 DEBUG [http-nio-8080-exec-3] r.d.c.s.impl.CalcCreditServiceImpl - Calculated interest payment: interest=1354.16
2025-08-11 14:13:23 DEBUG [http-nio-8080-exec-3] r.d.c.s.impl.CalcCreditServiceImpl - Calculating debt payment: totalPayment=16396.29, interestPayment=1354.16
2025-08-11 14:13:23 DEBUG [http-nio-8080-exec-3] r.d.c.s.impl.CalcCreditServiceImpl - Calculated debt payment: debtPayment=15042.13
2025-08-11 14:13:23 DEBUG [http-nio-8080-exec-3] r.d.c.s.impl.CalcCreditServiceImpl - Calculating remaining debt: remainingDebt=125000, debtPayment=15042.13
2025-08-11 14:13:23 DEBUG [http-nio-8080-exec-3] r.d.c.s.impl.CalcCreditServiceImpl - Calculated remaining debt: remainingDebt=109957.87
2025-08-11 14:13:23 DEBUG [http-nio-8080-exec-3] r.d.c.s.impl.CalcCreditServiceImpl - Month 3: interest=1354.16, debt=15042.13, remainingDebt=125000.00
2025-08-11 14:13:23 DEBUG [http-nio-8080-exec-3] r.d.c.s.impl.CalcCreditServiceImpl - Added schedule element: PaymentScheduleElementDto(number=3, date=2025-11-11, totalPayment=16396.29, interestPayment=1354.16, debtPayment=15042.13, remainingDebt=125000.00)
2025-08-11 14:13:23 DEBUG [http-nio-8080-exec-3] r.d.c.s.impl.CalcCreditServiceImpl - Calculating interest payment: remainingDebt=125000, rate=13
2025-08-11 14:13:23 DEBUG [http-nio-8080-exec-3] r.d.c.s.impl.CalcCreditServiceImpl - Calculated interest payment: interest=1354.16
2025-08-11 14:13:23 DEBUG [http-nio-8080-exec-3] r.d.c.s.impl.CalcCreditServiceImpl - Calculating debt payment: totalPayment=16396.29, interestPayment=1354.16
2025-08-11 14:13:23 DEBUG [http-nio-8080-exec-3] r.d.c.s.impl.CalcCreditServiceImpl - Calculated debt payment: debtPayment=15042.13
2025-08-11 14:13:23 DEBUG [http-nio-8080-exec-3] r.d.c.s.impl.CalcCreditServiceImpl - Calculating remaining debt: remainingDebt=125000, debtPayment=15042.13
2025-08-11 14:13:23 DEBUG [http-nio-8080-exec-3] r.d.c.s.impl.CalcCreditServiceImpl - Calculated remaining debt: remainingDebt=109957.87
2025-08-11 14:13:23 DEBUG [http-nio-8080-exec-3] r.d.c.s.impl.CalcCreditServiceImpl - Month 4: interest=1354.16, debt=15042.13, remainingDebt=125000.00
2025-08-11 14:13:23 DEBUG [http-nio-8080-exec-3] r.d.c.s.impl.CalcCreditServiceImpl - Added schedule element: PaymentScheduleElementDto(number=4, date=2025-12-11, totalPayment=16396.29, interestPayment=1354.16, debtPayment=15042.13, remainingDebt=125000.00)
2025-08-11 14:13:23 DEBUG [http-nio-8080-exec-3] r.d.c.s.impl.CalcCreditServiceImpl - Calculating interest payment: remainingDebt=125000, rate=13
2025-08-11 14:13:23 DEBUG [http-nio-8080-exec-3] r.d.c.s.impl.CalcCreditServiceImpl - Calculated interest payment: interest=1354.16
2025-08-11 14:13:23 DEBUG [http-nio-8080-exec-3] r.d.c.s.impl.CalcCreditServiceImpl - Calculating debt payment: totalPayment=16396.29, interestPayment=1354.16
2025-08-11 14:13:23 DEBUG [http-nio-8080-exec-3] r.d.c.s.impl.CalcCreditServiceImpl - Calculated debt payment: debtPayment=15042.13
2025-08-11 14:13:23 DEBUG [http-nio-8080-exec-3] r.d.c.s.impl.CalcCreditServiceImpl - Calculating remaining debt: remainingDebt=125000, debtPayment=15042.13
2025-08-11 14:13:23 DEBUG [http-nio-8080-exec-3] r.d.c.s.impl.CalcCreditServiceImpl - Calculated remaining debt: remainingDebt=109957.87
2025-08-11 14:13:23 DEBUG [http-nio-8080-exec-3] r.d.c.s.impl.CalcCreditServiceImpl - Month 5: interest=1354.16, debt=15042.13, remainingDebt=125000.00
2025-08-11 14:13:23 DEBUG [http-nio-8080-exec-3] r.d.c.s.impl.CalcCreditServiceImpl - Added schedule element: PaymentScheduleElementDto(number=5, date=2026-01-11, totalPayment=16396.29, interestPayment=1354.16, debtPayment=15042.13, remainingDebt=125000.00)
2025-08-11 14:13:23 DEBUG [http-nio-8080-exec-3] r.d.c.s.impl.CalcCreditServiceImpl - Calculating interest payment: remainingDebt=125000, rate=13
2025-08-11 14:13:23 DEBUG [http-nio-8080-exec-3] r.d.c.s.impl.CalcCreditServiceImpl - Calculated interest payment: interest=1354.16
2025-08-11 14:13:23 DEBUG [http-nio-8080-exec-3] r.d.c.s.impl.CalcCreditServiceImpl - Calculating debt payment: totalPayment=16396.29, interestPayment=1354.16
2025-08-11 14:13:23 DEBUG [http-nio-8080-exec-3] r.d.c.s.impl.CalcCreditServiceImpl - Calculated debt payment: debtPayment=15042.13
2025-08-11 14:13:23 DEBUG [http-nio-8080-exec-3] r.d.c.s.impl.CalcCreditServiceImpl - Calculating remaining debt: remainingDebt=125000, debtPayment=15042.13
2025-08-11 14:13:23 DEBUG [http-nio-8080-exec-3] r.d.c.s.impl.CalcCreditServiceImpl - Calculated remaining debt: remainingDebt=109957.87
2025-08-11 14:13:23 DEBUG [http-nio-8080-exec-3] r.d.c.s.impl.CalcCreditServiceImpl - Month 6: interest=1354.16, debt=15042.13, remainingDebt=125000.00
2025-08-11 14:13:23 DEBUG [http-nio-8080-exec-3] r.d.c.s.impl.CalcCreditServiceImpl - Added schedule element: PaymentScheduleElementDto(number=6, date=2026-02-11, totalPayment=16396.29, interestPayment=1354.16, debtPayment=15042.13, remainingDebt=125000.00)
2025-08-11 14:13:23 DEBUG [http-nio-8080-exec-3] r.d.c.s.impl.CalcCreditServiceImpl - Calculating interest payment: remainingDebt=125000, rate=13
2025-08-11 14:13:23 DEBUG [http-nio-8080-exec-3] r.d.c.s.impl.CalcCreditServiceImpl - Calculated interest payment: interest=1354.16
2025-08-11 14:13:23 DEBUG [http-nio-8080-exec-3] r.d.c.s.impl.CalcCreditServiceImpl - Calculating debt payment: totalPayment=16396.29, interestPayment=1354.16
2025-08-11 14:13:23 DEBUG [http-nio-8080-exec-3] r.d.c.s.impl.CalcCreditServiceImpl - Calculated debt payment: debtPayment=15042.13
2025-08-11 14:13:23 DEBUG [http-nio-8080-exec-3] r.d.c.s.impl.CalcCreditServiceImpl - Calculating remaining debt: remainingDebt=125000, debtPayment=15042.13
2025-08-11 14:13:23 DEBUG [http-nio-8080-exec-3] r.d.c.s.impl.CalcCreditServiceImpl - Calculated remaining debt: remainingDebt=109957.87
2025-08-11 14:13:23 DEBUG [http-nio-8080-exec-3] r.d.c.s.impl.CalcCreditServiceImpl - Month 7: interest=1354.16, debt=15042.13, remainingDebt=125000.00
2025-08-11 14:13:23 DEBUG [http-nio-8080-exec-3] r.d.c.s.impl.CalcCreditServiceImpl - Added schedule element: PaymentScheduleElementDto(number=7, date=2026-03-11, totalPayment=16396.29, interestPayment=1354.16, debtPayment=15042.13, remainingDebt=125000.00)
2025-08-11 14:13:23 DEBUG [http-nio-8080-exec-3] r.d.c.s.impl.CalcCreditServiceImpl - Calculating interest payment: remainingDebt=125000, rate=13
2025-08-11 14:13:23 DEBUG [http-nio-8080-exec-3] r.d.c.s.impl.CalcCreditServiceImpl - Calculated interest payment: interest=1354.16
2025-08-11 14:13:23 DEBUG [http-nio-8080-exec-3] r.d.c.s.impl.CalcCreditServiceImpl - Calculating debt payment: totalPayment=16396.29, interestPayment=1354.16
2025-08-11 14:13:23 DEBUG [http-nio-8080-exec-3] r.d.c.s.impl.CalcCreditServiceImpl - Calculated debt payment: debtPayment=15042.13
2025-08-11 14:13:23 DEBUG [http-nio-8080-exec-3] r.d.c.s.impl.CalcCreditServiceImpl - Calculating remaining debt: remainingDebt=125000, debtPayment=15042.13
2025-08-11 14:13:23 DEBUG [http-nio-8080-exec-3] r.d.c.s.impl.CalcCreditServiceImpl - Calculated remaining debt: remainingDebt=109957.87
2025-08-11 14:13:23 DEBUG [http-nio-8080-exec-3] r.d.c.s.impl.CalcCreditServiceImpl - Month 8: interest=1354.16, debt=15042.13, remainingDebt=125000.00
2025-08-11 14:13:23 DEBUG [http-nio-8080-exec-3] r.d.c.s.impl.CalcCreditServiceImpl - Total payment by element: 141396.29
2025-08-11 14:13:23 DEBUG [http-nio-8080-exec-3] r.d.c.s.impl.CalcCreditServiceImpl - Added schedule element: PaymentScheduleElementDto(number=8, date=2026-04-11, totalPayment=141396.29, interestPayment=1354.16, debtPayment=15042.13, remainingDebt=0.00)
2025-08-11 14:13:23 DEBUG [http-nio-8080-exec-3] r.d.c.s.impl.CalcCreditServiceImpl - Calculated payment schedule for credit: [PaymentScheduleElementDto(number=1, date=2025-09-11, totalPayment=16396.29, interestPayment=1354.16, debtPayment=15042.13, remainingDebt=125000.00), PaymentScheduleElementDto(number=2, date=2025-10-11, totalPayment=16396.29, interestPayment=1354.16, debtPayment=15042.13, remainingDebt=125000.00), PaymentScheduleElementDto(number=3, date=2025-11-11, totalPayment=16396.29, interestPayment=1354.16, debtPayment=15042.13, remainingDebt=125000.00), PaymentScheduleElementDto(number=4, date=2025-12-11, totalPayment=16396.29, interestPayment=1354.16, debtPayment=15042.13, remainingDebt=125000.00), PaymentScheduleElementDto(number=5, date=2026-01-11, totalPayment=16396.29, interestPayment=1354.16, debtPayment=15042.13, remainingDebt=125000.00), PaymentScheduleElementDto(number=6, date=2026-02-11, totalPayment=16396.29, interestPayment=1354.16, debtPayment=15042.13, remainingDebt=125000.00), PaymentScheduleElementDto(number=7, date=2026-03-11, totalPayment=16396.29, interestPayment=1354.16, debtPayment=15042.13, remainingDebt=125000.00), PaymentScheduleElementDto(number=8, date=2026-04-11, totalPayment=141396.29, interestPayment=1354.16, debtPayment=15042.13, remainingDebt=0.00)]
2025-08-11 14:13:23 DEBUG [http-nio-8080-exec-3] r.d.c.s.impl.CalcCreditServiceImpl - Credit dto created CreditDto(amount=125000, term=8, monthlyPayment=16396.29, rate=13, psk=409500.00, isInsuranceEnabled=true, isSalaryClient=true, paymentSchedule=[PaymentScheduleElementDto(number=1, date=2025-09-11, totalPayment=16396.29, interestPayment=1354.16, debtPayment=15042.13, remainingDebt=125000.00), PaymentScheduleElementDto(number=2, date=2025-10-11, totalPayment=16396.29, interestPayment=1354.16, debtPayment=15042.13, remainingDebt=125000.00), PaymentScheduleElementDto(number=3, date=2025-11-11, totalPayment=16396.29, interestPayment=1354.16, debtPayment=15042.13, remainingDebt=125000.00), PaymentScheduleElementDto(number=4, date=2025-12-11, totalPayment=16396.29, interestPayment=1354.16, debtPayment=15042.13, remainingDebt=125000.00), PaymentScheduleElementDto(number=5, date=2026-01-11, totalPayment=16396.29, interestPayment=1354.16, debtPayment=15042.13, remainingDebt=125000.00), PaymentScheduleElementDto(number=6, date=2026-02-11, totalPayment=16396.29, interestPayment=1354.16, debtPayment=15042.13, remainingDebt=125000.00), PaymentScheduleElementDto(number=7, date=2026-03-11, totalPayment=16396.29, interestPayment=1354.16, debtPayment=15042.13, remainingDebt=125000.00), PaymentScheduleElementDto(number=8, date=2026-04-11, totalPayment=141396.29, interestPayment=1354.16, debtPayment=15042.13, remainingDebt=0.00)])
2025-08-11 14:13:23 DEBUG [http-nio-8080-exec-3] r.d.c.s.impl.CalcCreditServiceImpl - Calculated credit CreditDto(amount=125000, term=8, monthlyPayment=16396.29, rate=13, psk=409500.00, isInsuranceEnabled=true, isSalaryClient=true, paymentSchedule=[PaymentScheduleElementDto(number=1, date=2025-09-11, totalPayment=16396.29, interestPayment=1354.16, debtPayment=15042.13, remainingDebt=125000.00), PaymentScheduleElementDto(number=2, date=2025-10-11, totalPayment=16396.29, interestPayment=1354.16, debtPayment=15042.13, remainingDebt=125000.00), PaymentScheduleElementDto(number=3, date=2025-11-11, totalPayment=16396.29, interestPayment=1354.16, debtPayment=15042.13, remainingDebt=125000.00), PaymentScheduleElementDto(number=4, date=2025-12-11, totalPayment=16396.29, interestPayment=1354.16, debtPayment=15042.13, remainingDebt=125000.00), PaymentScheduleElementDto(number=5, date=2026-01-11, totalPayment=16396.29, interestPayment=1354.16, debtPayment=15042.13, remainingDebt=125000.00), PaymentScheduleElementDto(number=6, date=2026-02-11, totalPayment=16396.29, interestPayment=1354.16, debtPayment=15042.13, remainingDebt=125000.00), PaymentScheduleElementDto(number=7, date=2026-03-11, totalPayment=16396.29, interestPayment=1354.16, debtPayment=15042.13, remainingDebt=125000.00), PaymentScheduleElementDto(number=8, date=2026-04-11, totalPayment=141396.29, interestPayment=1354.16, debtPayment=15042.13, remainingDebt=0.00)])
2025-08-11 14:13:23 INFO  [http-nio-8080-exec-3] r.d.c.c.CalculatorController - Response for credit creation request: <200 OK OK,CreditDto(amount=125000, term=8, monthlyPayment=16396.29, rate=13, psk=409500.00, isInsuranceEnabled=true, isSalaryClient=true, paymentSchedule=[PaymentScheduleElementDto(number=1, date=2025-09-11, totalPayment=16396.29, interestPayment=1354.16, debtPayment=15042.13, remainingDebt=125000.00), PaymentScheduleElementDto(number=2, date=2025-10-11, totalPayment=16396.29, interestPayment=1354.16, debtPayment=15042.13, remainingDebt=125000.00), PaymentScheduleElementDto(number=3, date=2025-11-11, totalPayment=16396.29, interestPayment=1354.16, debtPayment=15042.13, remainingDebt=125000.00), PaymentScheduleElementDto(number=4, date=2025-12-11, totalPayment=16396.29, interestPayment=1354.16, debtPayment=15042.13, remainingDebt=125000.00), PaymentScheduleElementDto(number=5, date=2026-01-11, totalPayment=16396.29, interestPayment=1354.16, debtPayment=15042.13, remainingDebt=125000.00), PaymentScheduleElementDto(number=6, date=2026-02-11, totalPayment=16396.29, interestPayment=1354.16, debtPayment=15042.13, remainingDebt=125000.00), PaymentScheduleElementDto(number=7, date=2026-03-11, totalPayment=16396.29, interestPayment=1354.16, debtPayment=15042.13, remainingDebt=125000.00), PaymentScheduleElementDto(number=8, date=2026-04-11, totalPayment=141396.29, interestPayment=1354.16, debtPayment=15042.13, remainingDebt=0.00)]),[]>
2025-08-11 14:13:37 INFO  [http-nio-8080-exec-5] r.d.c.c.CalculatorController - Received credit creation request: ScoringDataDto(amount=25000, term=8, firstName=Coul, lastName=Rust, middleName=Jackson, gender=FEMALE, birthdate=2003-01-01, passportSeries=1234, passportNumber=567890, passportIssueDate=2023-01-01, passportIssueBranch=MG Russia, maritalStatus=MARRIED, dependentAmount=25000, employment=EmploymentDto(employmentStatus=SELF_EMPLOYED, employerINN=123456789012, salary=60000, position=MANAGER, workExperienceTotal=20, workExperienceCurrent=10), accountNumber=12345678901234567000, isInsuranceEnabled=true, isSalaryClient=true)
2025-08-11 14:13:37 DEBUG [http-nio-8080-exec-5] r.d.c.s.impl.CalcCreditServiceImpl - Calculating credit ScoringDataDto(amount=25000, term=8, firstName=Coul, lastName=Rust, middleName=Jackson, gender=FEMALE, birthdate=2003-01-01, passportSeries=1234, passportNumber=567890, passportIssueDate=2023-01-01, passportIssueBranch=MG Russia, maritalStatus=MARRIED, dependentAmount=25000, employment=EmploymentDto(employmentStatus=SELF_EMPLOYED, employerINN=123456789012, salary=60000, position=MANAGER, workExperienceTotal=20, workExperienceCurrent=10), accountNumber=12345678901234567000, isInsuranceEnabled=true, isSalaryClient=true)
2025-08-11 14:13:37 DEBUG [http-nio-8080-exec-5] r.d.c.s.impl.CalcCreditServiceImpl - Creating credit ScoringDataDto(amount=25000, term=8, firstName=Coul, lastName=Rust, middleName=Jackson, gender=FEMALE, birthdate=2003-01-01, passportSeries=1234, passportNumber=567890, passportIssueDate=2023-01-01, passportIssueBranch=MG Russia, maritalStatus=MARRIED, dependentAmount=25000, employment=EmploymentDto(employmentStatus=SELF_EMPLOYED, employerINN=123456789012, salary=60000, position=MANAGER, workExperienceTotal=20, workExperienceCurrent=10), accountNumber=12345678901234567000, isInsuranceEnabled=true, isSalaryClient=true)
2025-08-11 14:13:37 DEBUG [http-nio-8080-exec-5] r.d.c.s.impl.CalcCreditServiceImpl - Validating scoring data ScoringDataDto(amount=25000, term=8, firstName=Coul, lastName=Rust, middleName=Jackson, gender=FEMALE, birthdate=2003-01-01, passportSeries=1234, passportNumber=567890, passportIssueDate=2023-01-01, passportIssueBranch=MG Russia, maritalStatus=MARRIED, dependentAmount=25000, employment=EmploymentDto(employmentStatus=SELF_EMPLOYED, employerINN=123456789012, salary=60000, position=MANAGER, workExperienceTotal=20, workExperienceCurrent=10), accountNumber=12345678901234567000, isInsuranceEnabled=true, isSalaryClient=true)
2025-08-11 14:13:37 DEBUG [http-nio-8080-exec-5] r.d.c.service.utils.UserValidator - Validating scoring data ScoringDataDto(amount=25000, term=8, firstName=Coul, lastName=Rust, middleName=Jackson, gender=FEMALE, birthdate=2003-01-01, passportSeries=1234, passportNumber=567890, passportIssueDate=2023-01-01, passportIssueBranch=MG Russia, maritalStatus=MARRIED, dependentAmount=25000, employment=EmploymentDto(employmentStatus=SELF_EMPLOYED, employerINN=123456789012, salary=60000, position=MANAGER, workExperienceTotal=20, workExperienceCurrent=10), accountNumber=12345678901234567000, isInsuranceEnabled=true, isSalaryClient=true)
2025-08-11 14:13:37 DEBUG [http-nio-8080-exec-5] r.d.c.service.utils.UserValidator - Validating employment status scoring data ScoringDataDto(amount=25000, term=8, firstName=Coul, lastName=Rust, middleName=Jackson, gender=FEMALE, birthdate=2003-01-01, passportSeries=1234, passportNumber=567890, passportIssueDate=2023-01-01, passportIssueBranch=MG Russia, maritalStatus=MARRIED, dependentAmount=25000, employment=EmploymentDto(employmentStatus=SELF_EMPLOYED, employerINN=123456789012, salary=60000, position=MANAGER, workExperienceTotal=20, workExperienceCurrent=10), accountNumber=12345678901234567000, isInsuranceEnabled=true, isSalaryClient=true)
2025-08-11 14:13:37 DEBUG [http-nio-8080-exec-5] r.d.c.service.utils.UserValidator - Calculated rate by 2 for SELF_EMPLOYED CreditDto(amount=25000, term=8, monthlyPayment=null, rate=22, psk=null, isInsuranceEnabled=true, isSalaryClient=true, paymentSchedule=null)
2025-08-11 14:13:37 DEBUG [http-nio-8080-exec-5] r.d.c.service.utils.UserValidator - Validated EmploymentStatus for creditCreditDto(amount=25000, term=8, monthlyPayment=null, rate=22, psk=null, isInsuranceEnabled=true, isSalaryClient=true, paymentSchedule=null)
2025-08-11 14:13:37 DEBUG [http-nio-8080-exec-5] r.d.c.service.utils.UserValidator - Employment position validating scoring data, ScoringDataDto(amount=25000, term=8, firstName=Coul, lastName=Rust, middleName=Jackson, gender=FEMALE, birthdate=2003-01-01, passportSeries=1234, passportNumber=567890, passportIssueDate=2023-01-01, passportIssueBranch=MG Russia, maritalStatus=MARRIED, dependentAmount=25000, employment=EmploymentDto(employmentStatus=SELF_EMPLOYED, employerINN=123456789012, salary=60000, position=MANAGER, workExperienceTotal=20, workExperienceCurrent=10), accountNumber=12345678901234567000, isInsuranceEnabled=true, isSalaryClient=true)
2025-08-11 14:13:37 DEBUG [http-nio-8080-exec-5] r.d.c.service.utils.UserValidator - Subtracted rate by 2 for MANAGER CreditDto(amount=25000, term=8, monthlyPayment=null, rate=20, psk=null, isInsuranceEnabled=true, isSalaryClient=true, paymentSchedule=null)
2025-08-11 14:13:37 DEBUG [http-nio-8080-exec-5] r.d.c.service.utils.UserValidator - Validated EmploymentPosition for creditCreditDto(amount=25000, term=8, monthlyPayment=null, rate=20, psk=null, isInsuranceEnabled=true, isSalaryClient=true, paymentSchedule=null)
2025-08-11 14:13:37 DEBUG [http-nio-8080-exec-5] r.d.c.service.utils.UserValidator - Validating loan amount scoring data, ScoringDataDto(amount=25000, term=8, firstName=Coul, lastName=Rust, middleName=Jackson, gender=FEMALE, birthdate=2003-01-01, passportSeries=1234, passportNumber=567890, passportIssueDate=2023-01-01, passportIssueBranch=MG Russia, maritalStatus=MARRIED, dependentAmount=25000, employment=EmploymentDto(employmentStatus=SELF_EMPLOYED, employerINN=123456789012, salary=60000, position=MANAGER, workExperienceTotal=20, workExperienceCurrent=10), accountNumber=12345678901234567000, isInsuranceEnabled=true, isSalaryClient=true)
2025-08-11 14:13:37 DEBUG [http-nio-8080-exec-5] r.d.c.service.utils.UserValidator - Validated loan amount for credit: ScoringDataDto(amount=25000, term=8, firstName=Coul, lastName=Rust, middleName=Jackson, gender=FEMALE, birthdate=2003-01-01, passportSeries=1234, passportNumber=567890, passportIssueDate=2023-01-01, passportIssueBranch=MG Russia, maritalStatus=MARRIED, dependentAmount=25000, employment=EmploymentDto(employmentStatus=SELF_EMPLOYED, employerINN=123456789012, salary=60000, position=MANAGER, workExperienceTotal=20, workExperienceCurrent=10), accountNumber=12345678901234567000, isInsuranceEnabled=true, isSalaryClient=true)
2025-08-11 14:13:37 DEBUG [http-nio-8080-exec-5] r.d.c.service.utils.UserValidator - Employment marital status validating ScoringDataDto(amount=25000, term=8, firstName=Coul, lastName=Rust, middleName=Jackson, gender=FEMALE, birthdate=2003-01-01, passportSeries=1234, passportNumber=567890, passportIssueDate=2023-01-01, passportIssueBranch=MG Russia, maritalStatus=MARRIED, dependentAmount=25000, employment=EmploymentDto(employmentStatus=SELF_EMPLOYED, employerINN=123456789012, salary=60000, position=MANAGER, workExperienceTotal=20, workExperienceCurrent=10), accountNumber=12345678901234567000, isInsuranceEnabled=true, isSalaryClient=true)
2025-08-11 14:13:37 DEBUG [http-nio-8080-exec-5] r.d.c.service.utils.UserValidator - Subtracted rate by 3 for MARRIED CreditDto(amount=25000, term=8, monthlyPayment=null, rate=17, psk=null, isInsuranceEnabled=true, isSalaryClient=true, paymentSchedule=null)
2025-08-11 14:13:37 DEBUG [http-nio-8080-exec-5] r.d.c.service.utils.UserValidator - Validated MaritalStatus for creditCreditDto(amount=25000, term=8, monthlyPayment=null, rate=17, psk=null, isInsuranceEnabled=true, isSalaryClient=true, paymentSchedule=null)
2025-08-11 14:13:37 DEBUG [http-nio-8080-exec-5] r.d.c.service.utils.UserValidator - Validating age scoring data, ScoringDataDto(amount=25000, term=8, firstName=Coul, lastName=Rust, middleName=Jackson, gender=FEMALE, birthdate=2003-01-01, passportSeries=1234, passportNumber=567890, passportIssueDate=2023-01-01, passportIssueBranch=MG Russia, maritalStatus=MARRIED, dependentAmount=25000, employment=EmploymentDto(employmentStatus=SELF_EMPLOYED, employerINN=123456789012, salary=60000, position=MANAGER, workExperienceTotal=20, workExperienceCurrent=10), accountNumber=12345678901234567000, isInsuranceEnabled=true, isSalaryClient=true)
2025-08-11 14:13:37 DEBUG [http-nio-8080-exec-5] r.d.c.service.utils.UserValidator - Validated age for credit22
2025-08-11 14:13:37 DEBUG [http-nio-8080-exec-5] r.d.c.service.utils.UserValidator - Validating gender scoring data, ScoringDataDto(amount=25000, term=8, firstName=Coul, lastName=Rust, middleName=Jackson, gender=FEMALE, birthdate=2003-01-01, passportSeries=1234, passportNumber=567890, passportIssueDate=2023-01-01, passportIssueBranch=MG Russia, maritalStatus=MARRIED, dependentAmount=25000, employment=EmploymentDto(employmentStatus=SELF_EMPLOYED, employerINN=123456789012, salary=60000, position=MANAGER, workExperienceTotal=20, workExperienceCurrent=10), accountNumber=12345678901234567000, isInsuranceEnabled=true, isSalaryClient=true)
2025-08-11 14:13:37 DEBUG [http-nio-8080-exec-5] r.d.c.service.utils.UserValidator - Validated Gender for creditCreditDto(amount=25000, term=8, monthlyPayment=null, rate=17, psk=null, isInsuranceEnabled=true, isSalaryClient=true, paymentSchedule=null)
2025-08-11 14:13:37 DEBUG [http-nio-8080-exec-5] r.d.c.service.utils.UserValidator - Validating work experience scoring data, ScoringDataDto(amount=25000, term=8, firstName=Coul, lastName=Rust, middleName=Jackson, gender=FEMALE, birthdate=2003-01-01, passportSeries=1234, passportNumber=567890, passportIssueDate=2023-01-01, passportIssueBranch=MG Russia, maritalStatus=MARRIED, dependentAmount=25000, employment=EmploymentDto(employmentStatus=SELF_EMPLOYED, employerINN=123456789012, salary=60000, position=MANAGER, workExperienceTotal=20, workExperienceCurrent=10), accountNumber=12345678901234567000, isInsuranceEnabled=true, isSalaryClient=true)
2025-08-11 14:13:37 DEBUG [http-nio-8080-exec-5] r.d.c.service.utils.UserValidator - Validated WorkExperience, ScoringDataDto(amount=25000, term=8, firstName=Coul, lastName=Rust, middleName=Jackson, gender=FEMALE, birthdate=2003-01-01, passportSeries=1234, passportNumber=567890, passportIssueDate=2023-01-01, passportIssueBranch=MG Russia, maritalStatus=MARRIED, dependentAmount=25000, employment=EmploymentDto(employmentStatus=SELF_EMPLOYED, employerINN=123456789012, salary=60000, position=MANAGER, workExperienceTotal=20, workExperienceCurrent=10), accountNumber=12345678901234567000, isInsuranceEnabled=true, isSalaryClient=true)
2025-08-11 14:13:37 DEBUG [http-nio-8080-exec-5] r.d.c.service.utils.UserValidator - Validated scoring data for creditCreditDto(amount=25000, term=8, monthlyPayment=null, rate=17, psk=null, isInsuranceEnabled=true, isSalaryClient=true, paymentSchedule=null)
2025-08-11 14:13:37 DEBUG [http-nio-8080-exec-5] r.d.c.s.LoanCalculatorComponent - Adjusting rate depending on settings: isInsuranceEnabled=true,  isSalaryClient=true
2025-08-11 14:13:37 DEBUG [http-nio-8080-exec-5] r.d.c.s.LoanCalculatorComponent - Calculating  rate by INSURANCE_DISCOUNT: rate=14
2025-08-11 14:13:37 DEBUG [http-nio-8080-exec-5] r.d.c.s.LoanCalculatorComponent - Calculating  rate by SALARY_CLIENT_DISCOUNT: rate=13
2025-08-11 14:13:37 DEBUG [http-nio-8080-exec-5] r.d.c.s.LoanCalculatorComponent - Calculated rate: rate=13
2025-08-11 14:13:37 DEBUG [http-nio-8080-exec-5] r.d.c.s.impl.CalcCreditServiceImpl - Calculated rate: 13
2025-08-11 14:13:37 DEBUG [http-nio-8080-exec-5] r.d.c.s.LoanCalculatorComponent - Calculating principal: amount=25000, isInsuranceEnabled=true
2025-08-11 14:13:37 DEBUG [http-nio-8080-exec-5] r.d.c.s.LoanCalculatorComponent - Increased amount: amount=125000
2025-08-11 14:13:37 DEBUG [http-nio-8080-exec-5] r.d.c.s.impl.CalcCreditServiceImpl - Calculated principal: 125000
2025-08-11 14:13:37 DEBUG [http-nio-8080-exec-5] r.d.c.s.LoanCalculatorComponent - Calculating annuity monthly payment: loanAmount=125000, rate=13, term=8
2025-08-11 14:13:37 DEBUG [http-nio-8080-exec-5] r.d.c.s.LoanCalculatorComponent - Calculated monthly payment: 16396.29
2025-08-11 14:13:37 DEBUG [http-nio-8080-exec-5] r.d.c.s.impl.CalcCreditServiceImpl - Calculated monthly payment: 16396.29
2025-08-11 14:13:37 DEBUG [http-nio-8080-exec-5] r.d.c.s.LoanCalculatorComponent - Calculating total amount: monthlyPayment=16396.29, term=8
2025-08-11 14:13:37 DEBUG [http-nio-8080-exec-5] r.d.c.s.LoanCalculatorComponent - Calculated total amount: totalAmount=131170.32
2025-08-11 14:13:37 DEBUG [http-nio-8080-exec-5] r.d.c.s.impl.CalcCreditServiceImpl - Calculated totalAmount: 131170.32
2025-08-11 14:13:37 DEBUG [http-nio-8080-exec-5] r.d.c.s.impl.CalcCreditServiceImpl - Calculating PSK by: principal=125000, monthlyPayment=131170.32, termMonths=8
2025-08-11 14:13:37 DEBUG [http-nio-8080-exec-5] r.d.c.s.impl.CalcCreditServiceImpl - Calculated PSK: 409500.00%
2025-08-11 14:13:37 DEBUG [http-nio-8080-exec-5] r.d.c.s.impl.CalcCreditServiceImpl - Calculating payment schedule for credit: CreditDto(amount=125000, term=8, monthlyPayment=16396.29, rate=13, psk=409500.00, isInsuranceEnabled=true, isSalaryClient=true, paymentSchedule=null)
2025-08-11 14:13:37 DEBUG [http-nio-8080-exec-5] r.d.c.s.impl.CalcCreditServiceImpl - Calculating interest payment: remainingDebt=125000, rate=13
2025-08-11 14:13:37 DEBUG [http-nio-8080-exec-5] r.d.c.s.impl.CalcCreditServiceImpl - Calculated interest payment: interest=1354.16
2025-08-11 14:13:37 DEBUG [http-nio-8080-exec-5] r.d.c.s.impl.CalcCreditServiceImpl - Calculating debt payment: totalPayment=16396.29, interestPayment=1354.16
2025-08-11 14:13:37 DEBUG [http-nio-8080-exec-5] r.d.c.s.impl.CalcCreditServiceImpl - Calculated debt payment: debtPayment=15042.13
2025-08-11 14:13:37 DEBUG [http-nio-8080-exec-5] r.d.c.s.impl.CalcCreditServiceImpl - Calculating remaining debt: remainingDebt=125000, debtPayment=15042.13
2025-08-11 14:13:37 DEBUG [http-nio-8080-exec-5] r.d.c.s.impl.CalcCreditServiceImpl - Calculated remaining debt: remainingDebt=109957.87
2025-08-11 14:13:37 DEBUG [http-nio-8080-exec-5] r.d.c.s.impl.CalcCreditServiceImpl - Month 1: interest=1354.16, debt=15042.13, remainingDebt=125000.00
2025-08-11 14:13:37 DEBUG [http-nio-8080-exec-5] r.d.c.s.impl.CalcCreditServiceImpl - Added schedule element: PaymentScheduleElementDto(number=1, date=2025-09-11, totalPayment=16396.29, interestPayment=1354.16, debtPayment=15042.13, remainingDebt=125000.00)
2025-08-11 14:13:37 DEBUG [http-nio-8080-exec-5] r.d.c.s.impl.CalcCreditServiceImpl - Calculating interest payment: remainingDebt=125000, rate=13
2025-08-11 14:13:37 DEBUG [http-nio-8080-exec-5] r.d.c.s.impl.CalcCreditServiceImpl - Calculated interest payment: interest=1354.16
2025-08-11 14:13:37 DEBUG [http-nio-8080-exec-5] r.d.c.s.impl.CalcCreditServiceImpl - Calculating debt payment: totalPayment=16396.29, interestPayment=1354.16
2025-08-11 14:13:37 DEBUG [http-nio-8080-exec-5] r.d.c.s.impl.CalcCreditServiceImpl - Calculated debt payment: debtPayment=15042.13
2025-08-11 14:13:37 DEBUG [http-nio-8080-exec-5] r.d.c.s.impl.CalcCreditServiceImpl - Calculating remaining debt: remainingDebt=125000, debtPayment=15042.13
2025-08-11 14:13:37 DEBUG [http-nio-8080-exec-5] r.d.c.s.impl.CalcCreditServiceImpl - Calculated remaining debt: remainingDebt=109957.87
2025-08-11 14:13:37 DEBUG [http-nio-8080-exec-5] r.d.c.s.impl.CalcCreditServiceImpl - Month 2: interest=1354.16, debt=15042.13, remainingDebt=125000.00
2025-08-11 14:13:37 DEBUG [http-nio-8080-exec-5] r.d.c.s.impl.CalcCreditServiceImpl - Added schedule element: PaymentScheduleElementDto(number=2, date=2025-10-11, totalPayment=16396.29, interestPayment=1354.16, debtPayment=15042.13, remainingDebt=125000.00)
2025-08-11 14:13:37 DEBUG [http-nio-8080-exec-5] r.d.c.s.impl.CalcCreditServiceImpl - Calculating interest payment: remainingDebt=125000, rate=13
2025-08-11 14:13:37 DEBUG [http-nio-8080-exec-5] r.d.c.s.impl.CalcCreditServiceImpl - Calculated interest payment: interest=1354.16
2025-08-11 14:13:37 DEBUG [http-nio-8080-exec-5] r.d.c.s.impl.CalcCreditServiceImpl - Calculating debt payment: totalPayment=16396.29, interestPayment=1354.16
2025-08-11 14:13:37 DEBUG [http-nio-8080-exec-5] r.d.c.s.impl.CalcCreditServiceImpl - Calculated debt payment: debtPayment=15042.13
2025-08-11 14:13:37 DEBUG [http-nio-8080-exec-5] r.d.c.s.impl.CalcCreditServiceImpl - Calculating remaining debt: remainingDebt=125000, debtPayment=15042.13
2025-08-11 14:13:37 DEBUG [http-nio-8080-exec-5] r.d.c.s.impl.CalcCreditServiceImpl - Calculated remaining debt: remainingDebt=109957.87
2025-08-11 14:13:37 DEBUG [http-nio-8080-exec-5] r.d.c.s.impl.CalcCreditServiceImpl - Month 3: interest=1354.16, debt=15042.13, remainingDebt=125000.00
2025-08-11 14:13:37 DEBUG [http-nio-8080-exec-5] r.d.c.s.impl.CalcCreditServiceImpl - Added schedule element: PaymentScheduleElementDto(number=3, date=2025-11-11, totalPayment=16396.29, interestPayment=1354.16, debtPayment=15042.13, remainingDebt=125000.00)
2025-08-11 14:13:37 DEBUG [http-nio-8080-exec-5] r.d.c.s.impl.CalcCreditServiceImpl - Calculating interest payment: remainingDebt=125000, rate=13
2025-08-11 14:13:37 DEBUG [http-nio-8080-exec-5] r.d.c.s.impl.CalcCreditServiceImpl - Calculated interest payment: interest=1354.16
2025-08-11 14:13:37 DEBUG [http-nio-8080-exec-5] r.d.c.s.impl.CalcCreditServiceImpl - Calculating debt payment: totalPayment=16396.29, interestPayment=1354.16
2025-08-11 14:13:37 DEBUG [http-nio-8080-exec-5] r.d.c.s.impl.CalcCreditServiceImpl - Calculated debt payment: debtPayment=15042.13
2025-08-11 14:13:37 DEBUG [http-nio-8080-exec-5] r.d.c.s.impl.CalcCreditServiceImpl - Calculating remaining debt: remainingDebt=125000, debtPayment=15042.13
2025-08-11 14:13:37 DEBUG [http-nio-8080-exec-5] r.d.c.s.impl.CalcCreditServiceImpl - Calculated remaining debt: remainingDebt=109957.87
2025-08-11 14:13:37 DEBUG [http-nio-8080-exec-5] r.d.c.s.impl.CalcCreditServiceImpl - Month 4: interest=1354.16, debt=15042.13, remainingDebt=125000.00
2025-08-11 14:13:37 DEBUG [http-nio-8080-exec-5] r.d.c.s.impl.CalcCreditServiceImpl - Added schedule element: PaymentScheduleElementDto(number=4, date=2025-12-11, totalPayment=16396.29, interestPayment=1354.16, debtPayment=15042.13, remainingDebt=125000.00)
2025-08-11 14:13:37 DEBUG [http-nio-8080-exec-5] r.d.c.s.impl.CalcCreditServiceImpl - Calculating interest payment: remainingDebt=125000, rate=13
2025-08-11 14:13:37 DEBUG [http-nio-8080-exec-5] r.d.c.s.impl.CalcCreditServiceImpl - Calculated interest payment: interest=1354.16
2025-08-11 14:13:37 DEBUG [http-nio-8080-exec-5] r.d.c.s.impl.CalcCreditServiceImpl - Calculating debt payment: totalPayment=16396.29, interestPayment=1354.16
2025-08-11 14:13:37 DEBUG [http-nio-8080-exec-5] r.d.c.s.impl.CalcCreditServiceImpl - Calculated debt payment: debtPayment=15042.13
2025-08-11 14:13:37 DEBUG [http-nio-8080-exec-5] r.d.c.s.impl.CalcCreditServiceImpl - Calculating remaining debt: remainingDebt=125000, debtPayment=15042.13
2025-08-11 14:13:37 DEBUG [http-nio-8080-exec-5] r.d.c.s.impl.CalcCreditServiceImpl - Calculated remaining debt: remainingDebt=109957.87
2025-08-11 14:13:37 DEBUG [http-nio-8080-exec-5] r.d.c.s.impl.CalcCreditServiceImpl - Month 5: interest=1354.16, debt=15042.13, remainingDebt=125000.00
2025-08-11 14:13:37 DEBUG [http-nio-8080-exec-5] r.d.c.s.impl.CalcCreditServiceImpl - Added schedule element: PaymentScheduleElementDto(number=5, date=2026-01-11, totalPayment=16396.29, interestPayment=1354.16, debtPayment=15042.13, remainingDebt=125000.00)
2025-08-11 14:13:37 DEBUG [http-nio-8080-exec-5] r.d.c.s.impl.CalcCreditServiceImpl - Calculating interest payment: remainingDebt=125000, rate=13
2025-08-11 14:13:37 DEBUG [http-nio-8080-exec-5] r.d.c.s.impl.CalcCreditServiceImpl - Calculated interest payment: interest=1354.16
2025-08-11 14:13:37 DEBUG [http-nio-8080-exec-5] r.d.c.s.impl.CalcCreditServiceImpl - Calculating debt payment: totalPayment=16396.29, interestPayment=1354.16
2025-08-11 14:13:37 DEBUG [http-nio-8080-exec-5] r.d.c.s.impl.CalcCreditServiceImpl - Calculated debt payment: debtPayment=15042.13
2025-08-11 14:13:37 DEBUG [http-nio-8080-exec-5] r.d.c.s.impl.CalcCreditServiceImpl - Calculating remaining debt: remainingDebt=125000, debtPayment=15042.13
2025-08-11 14:13:37 DEBUG [http-nio-8080-exec-5] r.d.c.s.impl.CalcCreditServiceImpl - Calculated remaining debt: remainingDebt=109957.87
2025-08-11 14:13:37 DEBUG [http-nio-8080-exec-5] r.d.c.s.impl.CalcCreditServiceImpl - Month 6: interest=1354.16, debt=15042.13, remainingDebt=125000.00
2025-08-11 14:13:37 DEBUG [http-nio-8080-exec-5] r.d.c.s.impl.CalcCreditServiceImpl - Added schedule element: PaymentScheduleElementDto(number=6, date=2026-02-11, totalPayment=16396.29, interestPayment=1354.16, debtPayment=15042.13, remainingDebt=125000.00)
2025-08-11 14:13:37 DEBUG [http-nio-8080-exec-5] r.d.c.s.impl.CalcCreditServiceImpl - Calculating interest payment: remainingDebt=125000, rate=13
2025-08-11 14:13:37 DEBUG [http-nio-8080-exec-5] r.d.c.s.impl.CalcCreditServiceImpl - Calculated interest payment: interest=1354.16
2025-08-11 14:13:37 DEBUG [http-nio-8080-exec-5] r.d.c.s.impl.CalcCreditServiceImpl - Calculating debt payment: totalPayment=16396.29, interestPayment=1354.16
2025-08-11 14:13:37 DEBUG [http-nio-8080-exec-5] r.d.c.s.impl.CalcCreditServiceImpl - Calculated debt payment: debtPayment=15042.13
2025-08-11 14:13:37 DEBUG [http-nio-8080-exec-5] r.d.c.s.impl.CalcCreditServiceImpl - Calculating remaining debt: remainingDebt=125000, debtPayment=15042.13
2025-08-11 14:13:37 DEBUG [http-nio-8080-exec-5] r.d.c.s.impl.CalcCreditServiceImpl - Calculated remaining debt: remainingDebt=109957.87
2025-08-11 14:13:37 DEBUG [http-nio-8080-exec-5] r.d.c.s.impl.CalcCreditServiceImpl - Month 7: interest=1354.16, debt=15042.13, remainingDebt=125000.00
2025-08-11 14:13:37 DEBUG [http-nio-8080-exec-5] r.d.c.s.impl.CalcCreditServiceImpl - Added schedule element: PaymentScheduleElementDto(number=7, date=2026-03-11, totalPayment=16396.29, interestPayment=1354.16, debtPayment=15042.13, remainingDebt=125000.00)
2025-08-11 14:13:37 DEBUG [http-nio-8080-exec-5] r.d.c.s.impl.CalcCreditServiceImpl - Calculating interest payment: remainingDebt=125000, rate=13
2025-08-11 14:13:37 DEBUG [http-nio-8080-exec-5] r.d.c.s.impl.CalcCreditServiceImpl - Calculated interest payment: interest=1354.16
2025-08-11 14:13:37 DEBUG [http-nio-8080-exec-5] r.d.c.s.impl.CalcCreditServiceImpl - Calculating debt payment: totalPayment=16396.29, interestPayment=1354.16
2025-08-11 14:13:37 DEBUG [http-nio-8080-exec-5] r.d.c.s.impl.CalcCreditServiceImpl - Calculated debt payment: debtPayment=15042.13
2025-08-11 14:13:37 DEBUG [http-nio-8080-exec-5] r.d.c.s.impl.CalcCreditServiceImpl - Calculating remaining debt: remainingDebt=125000, debtPayment=15042.13
2025-08-11 14:13:37 DEBUG [http-nio-8080-exec-5] r.d.c.s.impl.CalcCreditServiceImpl - Calculated remaining debt: remainingDebt=109957.87
2025-08-11 14:13:37 DEBUG [http-nio-8080-exec-5] r.d.c.s.impl.CalcCreditServiceImpl - Month 8: interest=1354.16, debt=15042.13, remainingDebt=125000.00
2025-08-11 14:13:37 DEBUG [http-nio-8080-exec-5] r.d.c.s.impl.CalcCreditServiceImpl - Total payment by element: 141396.29
2025-08-11 14:13:37 DEBUG [http-nio-8080-exec-5] r.d.c.s.impl.CalcCreditServiceImpl - Added schedule element: PaymentScheduleElementDto(number=8, date=2026-04-11, totalPayment=141396.29, interestPayment=1354.16, debtPayment=15042.13, remainingDebt=0.00)
2025-08-11 14:13:37 DEBUG [http-nio-8080-exec-5] r.d.c.s.impl.CalcCreditServiceImpl - Calculated payment schedule for credit: [PaymentScheduleElementDto(number=1, date=2025-09-11, totalPayment=16396.29, interestPayment=1354.16, debtPayment=15042.13, remainingDebt=125000.00), PaymentScheduleElementDto(number=2, date=2025-10-11, totalPayment=16396.29, interestPayment=1354.16, debtPayment=15042.13, remainingDebt=125000.00), PaymentScheduleElementDto(number=3, date=2025-11-11, totalPayment=16396.29, interestPayment=1354.16, debtPayment=15042.13, remainingDebt=125000.00), PaymentScheduleElementDto(number=4, date=2025-12-11, totalPayment=16396.29, interestPayment=1354.16, debtPayment=15042.13, remainingDebt=125000.00), PaymentScheduleElementDto(number=5, date=2026-01-11, totalPayment=16396.29, interestPayment=1354.16, debtPayment=15042.13, remainingDebt=125000.00), PaymentScheduleElementDto(number=6, date=2026-02-11, totalPayment=16396.29, interestPayment=1354.16, debtPayment=15042.13, remainingDebt=125000.00), PaymentScheduleElementDto(number=7, date=2026-03-11, totalPayment=16396.29, interestPayment=1354.16, debtPayment=15042.13, remainingDebt=125000.00), PaymentScheduleElementDto(number=8, date=2026-04-11, totalPayment=141396.29, interestPayment=1354.16, debtPayment=15042.13, remainingDebt=0.00)]
2025-08-11 14:13:37 DEBUG [http-nio-8080-exec-5] r.d.c.s.impl.CalcCreditServiceImpl - Credit dto created CreditDto(amount=125000, term=8, monthlyPayment=16396.29, rate=13, psk=409500.00, isInsuranceEnabled=true, isSalaryClient=true, paymentSchedule=[PaymentScheduleElementDto(number=1, date=2025-09-11, totalPayment=16396.29, interestPayment=1354.16, debtPayment=15042.13, remainingDebt=125000.00), PaymentScheduleElementDto(number=2, date=2025-10-11, totalPayment=16396.29, interestPayment=1354.16, debtPayment=15042.13, remainingDebt=125000.00), PaymentScheduleElementDto(number=3, date=2025-11-11, totalPayment=16396.29, interestPayment=1354.16, debtPayment=15042.13, remainingDebt=125000.00), PaymentScheduleElementDto(number=4, date=2025-12-11, totalPayment=16396.29, interestPayment=1354.16, debtPayment=15042.13, remainingDebt=125000.00), PaymentScheduleElementDto(number=5, date=2026-01-11, totalPayment=16396.29, interestPayment=1354.16, debtPayment=15042.13, remainingDebt=125000.00), PaymentScheduleElementDto(number=6, date=2026-02-11, totalPayment=16396.29, interestPayment=1354.16, debtPayment=15042.13, remainingDebt=125000.00), PaymentScheduleElementDto(number=7, date=2026-03-11, totalPayment=16396.29, interestPayment=1354.16, debtPayment=15042.13, remainingDebt=125000.00), PaymentScheduleElementDto(number=8, date=2026-04-11, totalPayment=141396.29, interestPayment=1354.16, debtPayment=15042.13, remainingDebt=0.00)])
2025-08-11 14:13:37 DEBUG [http-nio-8080-exec-5] r.d.c.s.impl.CalcCreditServiceImpl - Calculated credit CreditDto(amount=125000, term=8, monthlyPayment=16396.29, rate=13, psk=409500.00, isInsuranceEnabled=true, isSalaryClient=true, paymentSchedule=[PaymentScheduleElementDto(number=1, date=2025-09-11, totalPayment=16396.29, interestPayment=1354.16, debtPayment=15042.13, remainingDebt=125000.00), PaymentScheduleElementDto(number=2, date=2025-10-11, totalPayment=16396.29, interestPayment=1354.16, debtPayment=15042.13, remainingDebt=125000.00), PaymentScheduleElementDto(number=3, date=2025-11-11, totalPayment=16396.29, interestPayment=1354.16, debtPayment=15042.13, remainingDebt=125000.00), PaymentScheduleElementDto(number=4, date=2025-12-11, totalPayment=16396.29, interestPayment=1354.16, debtPayment=15042.13, remainingDebt=125000.00), PaymentScheduleElementDto(number=5, date=2026-01-11, totalPayment=16396.29, interestPayment=1354.16, debtPayment=15042.13, remainingDebt=125000.00), PaymentScheduleElementDto(number=6, date=2026-02-11, totalPayment=16396.29, interestPayment=1354.16, debtPayment=15042.13, remainingDebt=125000.00), PaymentScheduleElementDto(number=7, date=2026-03-11, totalPayment=16396.29, interestPayment=1354.16, debtPayment=15042.13, remainingDebt=125000.00), PaymentScheduleElementDto(number=8, date=2026-04-11, totalPayment=141396.29, interestPayment=1354.16, debtPayment=15042.13, remainingDebt=0.00)])
2025-08-11 14:13:37 INFO  [http-nio-8080-exec-5] r.d.c.c.CalculatorController - Response for credit creation request: <200 OK OK,CreditDto(amount=125000, term=8, monthlyPayment=16396.29, rate=13, psk=409500.00, isInsuranceEnabled=true, isSalaryClient=true, paymentSchedule=[PaymentScheduleElementDto(number=1, date=2025-09-11, totalPayment=16396.29, interestPayment=1354.16, debtPayment=15042.13, remainingDebt=125000.00), PaymentScheduleElementDto(number=2, date=2025-10-11, totalPayment=16396.29, interestPayment=1354.16, debtPayment=15042.13, remainingDebt=125000.00), PaymentScheduleElementDto(number=3, date=2025-11-11, totalPayment=16396.29, interestPayment=1354.16, debtPayment=15042.13, remainingDebt=125000.00), PaymentScheduleElementDto(number=4, date=2025-12-11, totalPayment=16396.29, interestPayment=1354.16, debtPayment=15042.13, remainingDebt=125000.00), PaymentScheduleElementDto(number=5, date=2026-01-11, totalPayment=16396.29, interestPayment=1354.16, debtPayment=15042.13, remainingDebt=125000.00), PaymentScheduleElementDto(number=6, date=2026-02-11, totalPayment=16396.29, interestPayment=1354.16, debtPayment=15042.13, remainingDebt=125000.00), PaymentScheduleElementDto(number=7, date=2026-03-11, totalPayment=16396.29, interestPayment=1354.16, debtPayment=15042.13, remainingDebt=125000.00), PaymentScheduleElementDto(number=8, date=2026-04-11, totalPayment=141396.29, interestPayment=1354.16, debtPayment=15042.13, remainingDebt=0.00)]),[]>
2025-08-11 14:27:44 INFO  [http-nio-8080-exec-10] r.d.c.c.CalculatorController - Received credit creation request: ScoringDataDto(amount=25000, term=8, firstName=Coul, lastName=Rust, middleName=Jackson, gender=FEMALE, birthdate=2003-01-01, passportSeries=1234, passportNumber=567890, passportIssueDate=2003-01-01, passportIssueBranch=MG Russia, maritalStatus=MARRIED, dependentAmount=25000, employment=EmploymentDto(employmentStatus=SELF_EMPLOYED, employerINN=123456789012, salary=60000, position=MANAGER, workExperienceTotal=20, workExperienceCurrent=10), accountNumber=12345678901234567000, isInsuranceEnabled=true, isSalaryClient=true)
2025-08-11 14:27:44 DEBUG [http-nio-8080-exec-10] r.d.c.s.impl.CalcCreditServiceImpl - Calculating credit ScoringDataDto(amount=25000, term=8, firstName=Coul, lastName=Rust, middleName=Jackson, gender=FEMALE, birthdate=2003-01-01, passportSeries=1234, passportNumber=567890, passportIssueDate=2003-01-01, passportIssueBranch=MG Russia, maritalStatus=MARRIED, dependentAmount=25000, employment=EmploymentDto(employmentStatus=SELF_EMPLOYED, employerINN=123456789012, salary=60000, position=MANAGER, workExperienceTotal=20, workExperienceCurrent=10), accountNumber=12345678901234567000, isInsuranceEnabled=true, isSalaryClient=true)
2025-08-11 14:27:44 DEBUG [http-nio-8080-exec-10] r.d.c.s.impl.CalcCreditServiceImpl - Creating credit ScoringDataDto(amount=25000, term=8, firstName=Coul, lastName=Rust, middleName=Jackson, gender=FEMALE, birthdate=2003-01-01, passportSeries=1234, passportNumber=567890, passportIssueDate=2003-01-01, passportIssueBranch=MG Russia, maritalStatus=MARRIED, dependentAmount=25000, employment=EmploymentDto(employmentStatus=SELF_EMPLOYED, employerINN=123456789012, salary=60000, position=MANAGER, workExperienceTotal=20, workExperienceCurrent=10), accountNumber=12345678901234567000, isInsuranceEnabled=true, isSalaryClient=true)
2025-08-11 14:27:44 DEBUG [http-nio-8080-exec-10] r.d.c.s.impl.CalcCreditServiceImpl - Validating scoring data ScoringDataDto(amount=25000, term=8, firstName=Coul, lastName=Rust, middleName=Jackson, gender=FEMALE, birthdate=2003-01-01, passportSeries=1234, passportNumber=567890, passportIssueDate=2003-01-01, passportIssueBranch=MG Russia, maritalStatus=MARRIED, dependentAmount=25000, employment=EmploymentDto(employmentStatus=SELF_EMPLOYED, employerINN=123456789012, salary=60000, position=MANAGER, workExperienceTotal=20, workExperienceCurrent=10), accountNumber=12345678901234567000, isInsuranceEnabled=true, isSalaryClient=true)
2025-08-11 14:27:44 DEBUG [http-nio-8080-exec-10] r.d.c.service.utils.UserValidator - Validating scoring data ScoringDataDto(amount=25000, term=8, firstName=Coul, lastName=Rust, middleName=Jackson, gender=FEMALE, birthdate=2003-01-01, passportSeries=1234, passportNumber=567890, passportIssueDate=2003-01-01, passportIssueBranch=MG Russia, maritalStatus=MARRIED, dependentAmount=25000, employment=EmploymentDto(employmentStatus=SELF_EMPLOYED, employerINN=123456789012, salary=60000, position=MANAGER, workExperienceTotal=20, workExperienceCurrent=10), accountNumber=12345678901234567000, isInsuranceEnabled=true, isSalaryClient=true)
2025-08-11 14:27:44 DEBUG [http-nio-8080-exec-10] r.d.c.service.utils.UserValidator - Validating employment status scoring data ScoringDataDto(amount=25000, term=8, firstName=Coul, lastName=Rust, middleName=Jackson, gender=FEMALE, birthdate=2003-01-01, passportSeries=1234, passportNumber=567890, passportIssueDate=2003-01-01, passportIssueBranch=MG Russia, maritalStatus=MARRIED, dependentAmount=25000, employment=EmploymentDto(employmentStatus=SELF_EMPLOYED, employerINN=123456789012, salary=60000, position=MANAGER, workExperienceTotal=20, workExperienceCurrent=10), accountNumber=12345678901234567000, isInsuranceEnabled=true, isSalaryClient=true)
2025-08-11 14:27:44 DEBUG [http-nio-8080-exec-10] r.d.c.service.utils.UserValidator - Calculated rate by 2 for SELF_EMPLOYED CreditDto(amount=25000, term=8, monthlyPayment=null, rate=22, psk=null, isInsuranceEnabled=true, isSalaryClient=true, paymentSchedule=null)
2025-08-11 14:27:44 DEBUG [http-nio-8080-exec-10] r.d.c.service.utils.UserValidator - Validated EmploymentStatus for creditCreditDto(amount=25000, term=8, monthlyPayment=null, rate=22, psk=null, isInsuranceEnabled=true, isSalaryClient=true, paymentSchedule=null)
2025-08-11 14:27:44 DEBUG [http-nio-8080-exec-10] r.d.c.service.utils.UserValidator - Employment position validating scoring data, ScoringDataDto(amount=25000, term=8, firstName=Coul, lastName=Rust, middleName=Jackson, gender=FEMALE, birthdate=2003-01-01, passportSeries=1234, passportNumber=567890, passportIssueDate=2003-01-01, passportIssueBranch=MG Russia, maritalStatus=MARRIED, dependentAmount=25000, employment=EmploymentDto(employmentStatus=SELF_EMPLOYED, employerINN=123456789012, salary=60000, position=MANAGER, workExperienceTotal=20, workExperienceCurrent=10), accountNumber=12345678901234567000, isInsuranceEnabled=true, isSalaryClient=true)
2025-08-11 14:27:44 DEBUG [http-nio-8080-exec-10] r.d.c.service.utils.UserValidator - Subtracted rate by 2 for MANAGER CreditDto(amount=25000, term=8, monthlyPayment=null, rate=20, psk=null, isInsuranceEnabled=true, isSalaryClient=true, paymentSchedule=null)
2025-08-11 14:27:44 DEBUG [http-nio-8080-exec-10] r.d.c.service.utils.UserValidator - Validated EmploymentPosition for creditCreditDto(amount=25000, term=8, monthlyPayment=null, rate=20, psk=null, isInsuranceEnabled=true, isSalaryClient=true, paymentSchedule=null)
2025-08-11 14:27:44 DEBUG [http-nio-8080-exec-10] r.d.c.service.utils.UserValidator - Validating loan amount scoring data, ScoringDataDto(amount=25000, term=8, firstName=Coul, lastName=Rust, middleName=Jackson, gender=FEMALE, birthdate=2003-01-01, passportSeries=1234, passportNumber=567890, passportIssueDate=2003-01-01, passportIssueBranch=MG Russia, maritalStatus=MARRIED, dependentAmount=25000, employment=EmploymentDto(employmentStatus=SELF_EMPLOYED, employerINN=123456789012, salary=60000, position=MANAGER, workExperienceTotal=20, workExperienceCurrent=10), accountNumber=12345678901234567000, isInsuranceEnabled=true, isSalaryClient=true)
2025-08-11 14:27:44 DEBUG [http-nio-8080-exec-10] r.d.c.service.utils.UserValidator - Validated loan amount for credit: ScoringDataDto(amount=25000, term=8, firstName=Coul, lastName=Rust, middleName=Jackson, gender=FEMALE, birthdate=2003-01-01, passportSeries=1234, passportNumber=567890, passportIssueDate=2003-01-01, passportIssueBranch=MG Russia, maritalStatus=MARRIED, dependentAmount=25000, employment=EmploymentDto(employmentStatus=SELF_EMPLOYED, employerINN=123456789012, salary=60000, position=MANAGER, workExperienceTotal=20, workExperienceCurrent=10), accountNumber=12345678901234567000, isInsuranceEnabled=true, isSalaryClient=true)
2025-08-11 14:27:44 DEBUG [http-nio-8080-exec-10] r.d.c.service.utils.UserValidator - Employment marital status validating ScoringDataDto(amount=25000, term=8, firstName=Coul, lastName=Rust, middleName=Jackson, gender=FEMALE, birthdate=2003-01-01, passportSeries=1234, passportNumber=567890, passportIssueDate=2003-01-01, passportIssueBranch=MG Russia, maritalStatus=MARRIED, dependentAmount=25000, employment=EmploymentDto(employmentStatus=SELF_EMPLOYED, employerINN=123456789012, salary=60000, position=MANAGER, workExperienceTotal=20, workExperienceCurrent=10), accountNumber=12345678901234567000, isInsuranceEnabled=true, isSalaryClient=true)
2025-08-11 14:27:44 DEBUG [http-nio-8080-exec-10] r.d.c.service.utils.UserValidator - Subtracted rate by 3 for MARRIED CreditDto(amount=25000, term=8, monthlyPayment=null, rate=17, psk=null, isInsuranceEnabled=true, isSalaryClient=true, paymentSchedule=null)
2025-08-11 14:27:44 DEBUG [http-nio-8080-exec-10] r.d.c.service.utils.UserValidator - Validated MaritalStatus for creditCreditDto(amount=25000, term=8, monthlyPayment=null, rate=17, psk=null, isInsuranceEnabled=true, isSalaryClient=true, paymentSchedule=null)
2025-08-11 14:27:44 DEBUG [http-nio-8080-exec-10] r.d.c.service.utils.UserValidator - Validating age scoring data, ScoringDataDto(amount=25000, term=8, firstName=Coul, lastName=Rust, middleName=Jackson, gender=FEMALE, birthdate=2003-01-01, passportSeries=1234, passportNumber=567890, passportIssueDate=2003-01-01, passportIssueBranch=MG Russia, maritalStatus=MARRIED, dependentAmount=25000, employment=EmploymentDto(employmentStatus=SELF_EMPLOYED, employerINN=123456789012, salary=60000, position=MANAGER, workExperienceTotal=20, workExperienceCurrent=10), accountNumber=12345678901234567000, isInsuranceEnabled=true, isSalaryClient=true)
2025-08-11 14:27:44 DEBUG [http-nio-8080-exec-10] r.d.c.service.utils.UserValidator - Validated age for credit22
2025-08-11 14:27:44 DEBUG [http-nio-8080-exec-10] r.d.c.service.utils.UserValidator - Validating gender scoring data, ScoringDataDto(amount=25000, term=8, firstName=Coul, lastName=Rust, middleName=Jackson, gender=FEMALE, birthdate=2003-01-01, passportSeries=1234, passportNumber=567890, passportIssueDate=2003-01-01, passportIssueBranch=MG Russia, maritalStatus=MARRIED, dependentAmount=25000, employment=EmploymentDto(employmentStatus=SELF_EMPLOYED, employerINN=123456789012, salary=60000, position=MANAGER, workExperienceTotal=20, workExperienceCurrent=10), accountNumber=12345678901234567000, isInsuranceEnabled=true, isSalaryClient=true)
2025-08-11 14:27:44 DEBUG [http-nio-8080-exec-10] r.d.c.service.utils.UserValidator - Validated Gender for creditCreditDto(amount=25000, term=8, monthlyPayment=null, rate=17, psk=null, isInsuranceEnabled=true, isSalaryClient=true, paymentSchedule=null)
2025-08-11 14:27:44 DEBUG [http-nio-8080-exec-10] r.d.c.service.utils.UserValidator - Validating work experience scoring data, ScoringDataDto(amount=25000, term=8, firstName=Coul, lastName=Rust, middleName=Jackson, gender=FEMALE, birthdate=2003-01-01, passportSeries=1234, passportNumber=567890, passportIssueDate=2003-01-01, passportIssueBranch=MG Russia, maritalStatus=MARRIED, dependentAmount=25000, employment=EmploymentDto(employmentStatus=SELF_EMPLOYED, employerINN=123456789012, salary=60000, position=MANAGER, workExperienceTotal=20, workExperienceCurrent=10), accountNumber=12345678901234567000, isInsuranceEnabled=true, isSalaryClient=true)
2025-08-11 14:27:44 DEBUG [http-nio-8080-exec-10] r.d.c.service.utils.UserValidator - Validated WorkExperience, ScoringDataDto(amount=25000, term=8, firstName=Coul, lastName=Rust, middleName=Jackson, gender=FEMALE, birthdate=2003-01-01, passportSeries=1234, passportNumber=567890, passportIssueDate=2003-01-01, passportIssueBranch=MG Russia, maritalStatus=MARRIED, dependentAmount=25000, employment=EmploymentDto(employmentStatus=SELF_EMPLOYED, employerINN=123456789012, salary=60000, position=MANAGER, workExperienceTotal=20, workExperienceCurrent=10), accountNumber=12345678901234567000, isInsuranceEnabled=true, isSalaryClient=true)
2025-08-11 14:27:44 DEBUG [http-nio-8080-exec-10] r.d.c.service.utils.UserValidator - Validated scoring data for creditCreditDto(amount=25000, term=8, monthlyPayment=null, rate=17, psk=null, isInsuranceEnabled=true, isSalaryClient=true, paymentSchedule=null)
2025-08-11 14:27:44 DEBUG [http-nio-8080-exec-10] r.d.c.s.LoanCalculatorComponent - Adjusting rate depending on settings: isInsuranceEnabled=true,  isSalaryClient=true
2025-08-11 14:27:44 DEBUG [http-nio-8080-exec-10] r.d.c.s.LoanCalculatorComponent - Calculating  rate by INSURANCE_DISCOUNT: rate=14
2025-08-11 14:27:44 DEBUG [http-nio-8080-exec-10] r.d.c.s.LoanCalculatorComponent - Calculating  rate by SALARY_CLIENT_DISCOUNT: rate=13
2025-08-11 14:27:44 DEBUG [http-nio-8080-exec-10] r.d.c.s.LoanCalculatorComponent - Calculated rate: rate=13
2025-08-11 14:27:44 DEBUG [http-nio-8080-exec-10] r.d.c.s.impl.CalcCreditServiceImpl - Calculated rate: 13
2025-08-11 14:27:44 DEBUG [http-nio-8080-exec-10] r.d.c.s.LoanCalculatorComponent - Calculating principal: amount=25000, isInsuranceEnabled=true
2025-08-11 14:27:44 DEBUG [http-nio-8080-exec-10] r.d.c.s.LoanCalculatorComponent - Increased amount: amount=125000
2025-08-11 14:27:44 DEBUG [http-nio-8080-exec-10] r.d.c.s.impl.CalcCreditServiceImpl - Calculated principal: 125000
2025-08-11 14:27:44 DEBUG [http-nio-8080-exec-10] r.d.c.s.LoanCalculatorComponent - Calculating annuity monthly payment: loanAmount=125000, rate=13, term=8
2025-08-11 14:27:44 DEBUG [http-nio-8080-exec-10] r.d.c.s.LoanCalculatorComponent - Calculated monthly payment: 16396.29
2025-08-11 14:27:44 DEBUG [http-nio-8080-exec-10] r.d.c.s.impl.CalcCreditServiceImpl - Calculated monthly payment: 16396.29
2025-08-11 14:27:44 DEBUG [http-nio-8080-exec-10] r.d.c.s.LoanCalculatorComponent - Calculating total amount: monthlyPayment=16396.29, term=8
2025-08-11 14:27:44 DEBUG [http-nio-8080-exec-10] r.d.c.s.LoanCalculatorComponent - Calculated total amount: totalAmount=131170.32
2025-08-11 14:27:44 DEBUG [http-nio-8080-exec-10] r.d.c.s.impl.CalcCreditServiceImpl - Calculated totalAmount: 131170.32
2025-08-11 14:27:44 DEBUG [http-nio-8080-exec-10] r.d.c.s.impl.CalcCreditServiceImpl - Calculating PSK by: principal=125000, monthlyPayment=131170.32, termMonths=8
2025-08-11 14:27:44 DEBUG [http-nio-8080-exec-10] r.d.c.s.impl.CalcCreditServiceImpl - Calculated PSK: 409500.00%
2025-08-11 14:27:44 DEBUG [http-nio-8080-exec-10] r.d.c.s.impl.CalcCreditServiceImpl - Calculating payment schedule for credit: CreditDto(amount=125000, term=8, monthlyPayment=16396.29, rate=13, psk=409500.00, isInsuranceEnabled=true, isSalaryClient=true, paymentSchedule=null)
2025-08-11 14:27:44 DEBUG [http-nio-8080-exec-10] r.d.c.s.impl.CalcCreditServiceImpl - Calculating interest payment: remainingDebt=125000, rate=13
2025-08-11 14:27:44 DEBUG [http-nio-8080-exec-10] r.d.c.s.impl.CalcCreditServiceImpl - Calculated interest payment: interest=1354.16
2025-08-11 14:27:44 DEBUG [http-nio-8080-exec-10] r.d.c.s.impl.CalcCreditServiceImpl - Calculating debt payment: totalPayment=16396.29, interestPayment=1354.16
2025-08-11 14:27:44 DEBUG [http-nio-8080-exec-10] r.d.c.s.impl.CalcCreditServiceImpl - Calculated debt payment: debtPayment=15042.13
2025-08-11 14:27:44 DEBUG [http-nio-8080-exec-10] r.d.c.s.impl.CalcCreditServiceImpl - Calculating remaining debt: remainingDebt=125000, debtPayment=15042.13
2025-08-11 14:27:44 DEBUG [http-nio-8080-exec-10] r.d.c.s.impl.CalcCreditServiceImpl - Calculated remaining debt: remainingDebt=109957.87
2025-08-11 14:27:44 DEBUG [http-nio-8080-exec-10] r.d.c.s.impl.CalcCreditServiceImpl - Month 1: interest=1354.16, debt=15042.13, remainingDebt=125000.00
2025-08-11 14:27:44 DEBUG [http-nio-8080-exec-10] r.d.c.s.impl.CalcCreditServiceImpl - Added schedule element: PaymentScheduleElementDto(number=1, date=2025-09-11, totalPayment=16396.29, interestPayment=1354.16, debtPayment=15042.13, remainingDebt=125000.00)
2025-08-11 14:27:44 DEBUG [http-nio-8080-exec-10] r.d.c.s.impl.CalcCreditServiceImpl - Calculating interest payment: remainingDebt=125000, rate=13
2025-08-11 14:27:44 DEBUG [http-nio-8080-exec-10] r.d.c.s.impl.CalcCreditServiceImpl - Calculated interest payment: interest=1354.16
2025-08-11 14:27:44 DEBUG [http-nio-8080-exec-10] r.d.c.s.impl.CalcCreditServiceImpl - Calculating debt payment: totalPayment=16396.29, interestPayment=1354.16
2025-08-11 14:27:44 DEBUG [http-nio-8080-exec-10] r.d.c.s.impl.CalcCreditServiceImpl - Calculated debt payment: debtPayment=15042.13
2025-08-11 14:27:44 DEBUG [http-nio-8080-exec-10] r.d.c.s.impl.CalcCreditServiceImpl - Calculating remaining debt: remainingDebt=125000, debtPayment=15042.13
2025-08-11 14:27:44 DEBUG [http-nio-8080-exec-10] r.d.c.s.impl.CalcCreditServiceImpl - Calculated remaining debt: remainingDebt=109957.87
2025-08-11 14:27:44 DEBUG [http-nio-8080-exec-10] r.d.c.s.impl.CalcCreditServiceImpl - Month 2: interest=1354.16, debt=15042.13, remainingDebt=125000.00
2025-08-11 14:27:44 DEBUG [http-nio-8080-exec-10] r.d.c.s.impl.CalcCreditServiceImpl - Added schedule element: PaymentScheduleElementDto(number=2, date=2025-10-11, totalPayment=16396.29, interestPayment=1354.16, debtPayment=15042.13, remainingDebt=125000.00)
2025-08-11 14:27:44 DEBUG [http-nio-8080-exec-10] r.d.c.s.impl.CalcCreditServiceImpl - Calculating interest payment: remainingDebt=125000, rate=13
2025-08-11 14:27:44 DEBUG [http-nio-8080-exec-10] r.d.c.s.impl.CalcCreditServiceImpl - Calculated interest payment: interest=1354.16
2025-08-11 14:27:44 DEBUG [http-nio-8080-exec-10] r.d.c.s.impl.CalcCreditServiceImpl - Calculating debt payment: totalPayment=16396.29, interestPayment=1354.16
2025-08-11 14:27:44 DEBUG [http-nio-8080-exec-10] r.d.c.s.impl.CalcCreditServiceImpl - Calculated debt payment: debtPayment=15042.13
2025-08-11 14:27:44 DEBUG [http-nio-8080-exec-10] r.d.c.s.impl.CalcCreditServiceImpl - Calculating remaining debt: remainingDebt=125000, debtPayment=15042.13
2025-08-11 14:27:44 DEBUG [http-nio-8080-exec-10] r.d.c.s.impl.CalcCreditServiceImpl - Calculated remaining debt: remainingDebt=109957.87
2025-08-11 14:27:44 DEBUG [http-nio-8080-exec-10] r.d.c.s.impl.CalcCreditServiceImpl - Month 3: interest=1354.16, debt=15042.13, remainingDebt=125000.00
2025-08-11 14:27:44 DEBUG [http-nio-8080-exec-10] r.d.c.s.impl.CalcCreditServiceImpl - Added schedule element: PaymentScheduleElementDto(number=3, date=2025-11-11, totalPayment=16396.29, interestPayment=1354.16, debtPayment=15042.13, remainingDebt=125000.00)
2025-08-11 14:27:44 DEBUG [http-nio-8080-exec-10] r.d.c.s.impl.CalcCreditServiceImpl - Calculating interest payment: remainingDebt=125000, rate=13
2025-08-11 14:27:44 DEBUG [http-nio-8080-exec-10] r.d.c.s.impl.CalcCreditServiceImpl - Calculated interest payment: interest=1354.16
2025-08-11 14:27:44 DEBUG [http-nio-8080-exec-10] r.d.c.s.impl.CalcCreditServiceImpl - Calculating debt payment: totalPayment=16396.29, interestPayment=1354.16
2025-08-11 14:27:44 DEBUG [http-nio-8080-exec-10] r.d.c.s.impl.CalcCreditServiceImpl - Calculated debt payment: debtPayment=15042.13
2025-08-11 14:27:44 DEBUG [http-nio-8080-exec-10] r.d.c.s.impl.CalcCreditServiceImpl - Calculating remaining debt: remainingDebt=125000, debtPayment=15042.13
2025-08-11 14:27:44 DEBUG [http-nio-8080-exec-10] r.d.c.s.impl.CalcCreditServiceImpl - Calculated remaining debt: remainingDebt=109957.87
2025-08-11 14:27:44 DEBUG [http-nio-8080-exec-10] r.d.c.s.impl.CalcCreditServiceImpl - Month 4: interest=1354.16, debt=15042.13, remainingDebt=125000.00
2025-08-11 14:27:44 DEBUG [http-nio-8080-exec-10] r.d.c.s.impl.CalcCreditServiceImpl - Added schedule element: PaymentScheduleElementDto(number=4, date=2025-12-11, totalPayment=16396.29, interestPayment=1354.16, debtPayment=15042.13, remainingDebt=125000.00)
2025-08-11 14:27:44 DEBUG [http-nio-8080-exec-10] r.d.c.s.impl.CalcCreditServiceImpl - Calculating interest payment: remainingDebt=125000, rate=13
2025-08-11 14:27:44 DEBUG [http-nio-8080-exec-10] r.d.c.s.impl.CalcCreditServiceImpl - Calculated interest payment: interest=1354.16
2025-08-11 14:27:44 DEBUG [http-nio-8080-exec-10] r.d.c.s.impl.CalcCreditServiceImpl - Calculating debt payment: totalPayment=16396.29, interestPayment=1354.16
2025-08-11 14:27:44 DEBUG [http-nio-8080-exec-10] r.d.c.s.impl.CalcCreditServiceImpl - Calculated debt payment: debtPayment=15042.13
2025-08-11 14:27:44 DEBUG [http-nio-8080-exec-10] r.d.c.s.impl.CalcCreditServiceImpl - Calculating remaining debt: remainingDebt=125000, debtPayment=15042.13
2025-08-11 14:27:44 DEBUG [http-nio-8080-exec-10] r.d.c.s.impl.CalcCreditServiceImpl - Calculated remaining debt: remainingDebt=109957.87
2025-08-11 14:27:44 DEBUG [http-nio-8080-exec-10] r.d.c.s.impl.CalcCreditServiceImpl - Month 5: interest=1354.16, debt=15042.13, remainingDebt=125000.00
2025-08-11 14:27:44 DEBUG [http-nio-8080-exec-10] r.d.c.s.impl.CalcCreditServiceImpl - Added schedule element: PaymentScheduleElementDto(number=5, date=2026-01-11, totalPayment=16396.29, interestPayment=1354.16, debtPayment=15042.13, remainingDebt=125000.00)
2025-08-11 14:27:44 DEBUG [http-nio-8080-exec-10] r.d.c.s.impl.CalcCreditServiceImpl - Calculating interest payment: remainingDebt=125000, rate=13
2025-08-11 14:27:44 DEBUG [http-nio-8080-exec-10] r.d.c.s.impl.CalcCreditServiceImpl - Calculated interest payment: interest=1354.16
2025-08-11 14:27:44 DEBUG [http-nio-8080-exec-10] r.d.c.s.impl.CalcCreditServiceImpl - Calculating debt payment: totalPayment=16396.29, interestPayment=1354.16
2025-08-11 14:27:44 DEBUG [http-nio-8080-exec-10] r.d.c.s.impl.CalcCreditServiceImpl - Calculated debt payment: debtPayment=15042.13
2025-08-11 14:27:44 DEBUG [http-nio-8080-exec-10] r.d.c.s.impl.CalcCreditServiceImpl - Calculating remaining debt: remainingDebt=125000, debtPayment=15042.13
2025-08-11 14:27:44 DEBUG [http-nio-8080-exec-10] r.d.c.s.impl.CalcCreditServiceImpl - Calculated remaining debt: remainingDebt=109957.87
2025-08-11 14:27:44 DEBUG [http-nio-8080-exec-10] r.d.c.s.impl.CalcCreditServiceImpl - Month 6: interest=1354.16, debt=15042.13, remainingDebt=125000.00
2025-08-11 14:27:44 DEBUG [http-nio-8080-exec-10] r.d.c.s.impl.CalcCreditServiceImpl - Added schedule element: PaymentScheduleElementDto(number=6, date=2026-02-11, totalPayment=16396.29, interestPayment=1354.16, debtPayment=15042.13, remainingDebt=125000.00)
2025-08-11 14:27:44 DEBUG [http-nio-8080-exec-10] r.d.c.s.impl.CalcCreditServiceImpl - Calculating interest payment: remainingDebt=125000, rate=13
2025-08-11 14:27:44 DEBUG [http-nio-8080-exec-10] r.d.c.s.impl.CalcCreditServiceImpl - Calculated interest payment: interest=1354.16
2025-08-11 14:27:44 DEBUG [http-nio-8080-exec-10] r.d.c.s.impl.CalcCreditServiceImpl - Calculating debt payment: totalPayment=16396.29, interestPayment=1354.16
2025-08-11 14:27:44 DEBUG [http-nio-8080-exec-10] r.d.c.s.impl.CalcCreditServiceImpl - Calculated debt payment: debtPayment=15042.13
2025-08-11 14:27:44 DEBUG [http-nio-8080-exec-10] r.d.c.s.impl.CalcCreditServiceImpl - Calculating remaining debt: remainingDebt=125000, debtPayment=15042.13
2025-08-11 14:27:44 DEBUG [http-nio-8080-exec-10] r.d.c.s.impl.CalcCreditServiceImpl - Calculated remaining debt: remainingDebt=109957.87
2025-08-11 14:27:44 DEBUG [http-nio-8080-exec-10] r.d.c.s.impl.CalcCreditServiceImpl - Month 7: interest=1354.16, debt=15042.13, remainingDebt=125000.00
2025-08-11 14:27:44 DEBUG [http-nio-8080-exec-10] r.d.c.s.impl.CalcCreditServiceImpl - Added schedule element: PaymentScheduleElementDto(number=7, date=2026-03-11, totalPayment=16396.29, interestPayment=1354.16, debtPayment=15042.13, remainingDebt=125000.00)
2025-08-11 14:27:44 DEBUG [http-nio-8080-exec-10] r.d.c.s.impl.CalcCreditServiceImpl - Calculating interest payment: remainingDebt=125000, rate=13
2025-08-11 14:27:44 DEBUG [http-nio-8080-exec-10] r.d.c.s.impl.CalcCreditServiceImpl - Calculated interest payment: interest=1354.16
2025-08-11 14:27:44 DEBUG [http-nio-8080-exec-10] r.d.c.s.impl.CalcCreditServiceImpl - Calculating debt payment: totalPayment=16396.29, interestPayment=1354.16
2025-08-11 14:27:44 DEBUG [http-nio-8080-exec-10] r.d.c.s.impl.CalcCreditServiceImpl - Calculated debt payment: debtPayment=15042.13
2025-08-11 14:27:44 DEBUG [http-nio-8080-exec-10] r.d.c.s.impl.CalcCreditServiceImpl - Calculating remaining debt: remainingDebt=125000, debtPayment=15042.13
2025-08-11 14:27:44 DEBUG [http-nio-8080-exec-10] r.d.c.s.impl.CalcCreditServiceImpl - Calculated remaining debt: remainingDebt=109957.87
2025-08-11 14:27:44 DEBUG [http-nio-8080-exec-10] r.d.c.s.impl.CalcCreditServiceImpl - Month 8: interest=1354.16, debt=15042.13, remainingDebt=125000.00
2025-08-11 14:27:44 DEBUG [http-nio-8080-exec-10] r.d.c.s.impl.CalcCreditServiceImpl - Total payment by element: 141396.29
2025-08-11 14:27:44 DEBUG [http-nio-8080-exec-10] r.d.c.s.impl.CalcCreditServiceImpl - Added schedule element: PaymentScheduleElementDto(number=8, date=2026-04-11, totalPayment=141396.29, interestPayment=1354.16, debtPayment=15042.13, remainingDebt=0.00)
2025-08-11 14:27:44 DEBUG [http-nio-8080-exec-10] r.d.c.s.impl.CalcCreditServiceImpl - Calculated payment schedule for credit: [PaymentScheduleElementDto(number=1, date=2025-09-11, totalPayment=16396.29, interestPayment=1354.16, debtPayment=15042.13, remainingDebt=125000.00), PaymentScheduleElementDto(number=2, date=2025-10-11, totalPayment=16396.29, interestPayment=1354.16, debtPayment=15042.13, remainingDebt=125000.00), PaymentScheduleElementDto(number=3, date=2025-11-11, totalPayment=16396.29, interestPayment=1354.16, debtPayment=15042.13, remainingDebt=125000.00), PaymentScheduleElementDto(number=4, date=2025-12-11, totalPayment=16396.29, interestPayment=1354.16, debtPayment=15042.13, remainingDebt=125000.00), PaymentScheduleElementDto(number=5, date=2026-01-11, totalPayment=16396.29, interestPayment=1354.16, debtPayment=15042.13, remainingDebt=125000.00), PaymentScheduleElementDto(number=6, date=2026-02-11, totalPayment=16396.29, interestPayment=1354.16, debtPayment=15042.13, remainingDebt=125000.00), PaymentScheduleElementDto(number=7, date=2026-03-11, totalPayment=16396.29, interestPayment=1354.16, debtPayment=15042.13, remainingDebt=125000.00), PaymentScheduleElementDto(number=8, date=2026-04-11, totalPayment=141396.29, interestPayment=1354.16, debtPayment=15042.13, remainingDebt=0.00)]
2025-08-11 14:27:44 DEBUG [http-nio-8080-exec-10] r.d.c.s.impl.CalcCreditServiceImpl - Credit dto created CreditDto(amount=125000, term=8, monthlyPayment=16396.29, rate=13, psk=409500.00, isInsuranceEnabled=true, isSalaryClient=true, paymentSchedule=[PaymentScheduleElementDto(number=1, date=2025-09-11, totalPayment=16396.29, interestPayment=1354.16, debtPayment=15042.13, remainingDebt=125000.00), PaymentScheduleElementDto(number=2, date=2025-10-11, totalPayment=16396.29, interestPayment=1354.16, debtPayment=15042.13, remainingDebt=125000.00), PaymentScheduleElementDto(number=3, date=2025-11-11, totalPayment=16396.29, interestPayment=1354.16, debtPayment=15042.13, remainingDebt=125000.00), PaymentScheduleElementDto(number=4, date=2025-12-11, totalPayment=16396.29, interestPayment=1354.16, debtPayment=15042.13, remainingDebt=125000.00), PaymentScheduleElementDto(number=5, date=2026-01-11, totalPayment=16396.29, interestPayment=1354.16, debtPayment=15042.13, remainingDebt=125000.00), PaymentScheduleElementDto(number=6, date=2026-02-11, totalPayment=16396.29, interestPayment=1354.16, debtPayment=15042.13, remainingDebt=125000.00), PaymentScheduleElementDto(number=7, date=2026-03-11, totalPayment=16396.29, interestPayment=1354.16, debtPayment=15042.13, remainingDebt=125000.00), PaymentScheduleElementDto(number=8, date=2026-04-11, totalPayment=141396.29, interestPayment=1354.16, debtPayment=15042.13, remainingDebt=0.00)])
2025-08-11 14:27:44 DEBUG [http-nio-8080-exec-10] r.d.c.s.impl.CalcCreditServiceImpl - Calculated credit CreditDto(amount=125000, term=8, monthlyPayment=16396.29, rate=13, psk=409500.00, isInsuranceEnabled=true, isSalaryClient=true, paymentSchedule=[PaymentScheduleElementDto(number=1, date=2025-09-11, totalPayment=16396.29, interestPayment=1354.16, debtPayment=15042.13, remainingDebt=125000.00), PaymentScheduleElementDto(number=2, date=2025-10-11, totalPayment=16396.29, interestPayment=1354.16, debtPayment=15042.13, remainingDebt=125000.00), PaymentScheduleElementDto(number=3, date=2025-11-11, totalPayment=16396.29, interestPayment=1354.16, debtPayment=15042.13, remainingDebt=125000.00), PaymentScheduleElementDto(number=4, date=2025-12-11, totalPayment=16396.29, interestPayment=1354.16, debtPayment=15042.13, remainingDebt=125000.00), PaymentScheduleElementDto(number=5, date=2026-01-11, totalPayment=16396.29, interestPayment=1354.16, debtPayment=15042.13, remainingDebt=125000.00), PaymentScheduleElementDto(number=6, date=2026-02-11, totalPayment=16396.29, interestPayment=1354.16, debtPayment=15042.13, remainingDebt=125000.00), PaymentScheduleElementDto(number=7, date=2026-03-11, totalPayment=16396.29, interestPayment=1354.16, debtPayment=15042.13, remainingDebt=125000.00), PaymentScheduleElementDto(number=8, date=2026-04-11, totalPayment=141396.29, interestPayment=1354.16, debtPayment=15042.13, remainingDebt=0.00)])
2025-08-11 14:27:44 INFO  [http-nio-8080-exec-10] r.d.c.c.CalculatorController - Response for credit creation request: <200 OK OK,CreditDto(amount=125000, term=8, monthlyPayment=16396.29, rate=13, psk=409500.00, isInsuranceEnabled=true, isSalaryClient=true, paymentSchedule=[PaymentScheduleElementDto(number=1, date=2025-09-11, totalPayment=16396.29, interestPayment=1354.16, debtPayment=15042.13, remainingDebt=125000.00), PaymentScheduleElementDto(number=2, date=2025-10-11, totalPayment=16396.29, interestPayment=1354.16, debtPayment=15042.13, remainingDebt=125000.00), PaymentScheduleElementDto(number=3, date=2025-11-11, totalPayment=16396.29, interestPayment=1354.16, debtPayment=15042.13, remainingDebt=125000.00), PaymentScheduleElementDto(number=4, date=2025-12-11, totalPayment=16396.29, interestPayment=1354.16, debtPayment=15042.13, remainingDebt=125000.00), PaymentScheduleElementDto(number=5, date=2026-01-11, totalPayment=16396.29, interestPayment=1354.16, debtPayment=15042.13, remainingDebt=125000.00), PaymentScheduleElementDto(number=6, date=2026-02-11, totalPayment=16396.29, interestPayment=1354.16, debtPayment=15042.13, remainingDebt=125000.00), PaymentScheduleElementDto(number=7, date=2026-03-11, totalPayment=16396.29, interestPayment=1354.16, debtPayment=15042.13, remainingDebt=125000.00), PaymentScheduleElementDto(number=8, date=2026-04-11, totalPayment=141396.29, interestPayment=1354.16, debtPayment=15042.13, remainingDebt=0.00)]),[]>
2025-08-11 14:28:36 INFO  [http-nio-8080-exec-2] r.d.c.c.CalculatorController - Received credit creation request: ScoringDataDto(amount=25000, term=8, firstName=Coul, lastName=Rust, middleName=Jackson, gender=FEMALE, birthdate=2003-01-01, passportSeries=1234, passportNumber=567890, passportIssueDate=2003-01-01, passportIssueBranch=MG Russia, maritalStatus=MARRIED, dependentAmount=20000, employment=EmploymentDto(employmentStatus=SELF_EMPLOYED, employerINN=123456789012, salary=60000, position=MANAGER, workExperienceTotal=20, workExperienceCurrent=10), accountNumber=12345678901234567000, isInsuranceEnabled=true, isSalaryClient=true)
2025-08-11 14:28:36 DEBUG [http-nio-8080-exec-2] r.d.c.s.impl.CalcCreditServiceImpl - Calculating credit ScoringDataDto(amount=25000, term=8, firstName=Coul, lastName=Rust, middleName=Jackson, gender=FEMALE, birthdate=2003-01-01, passportSeries=1234, passportNumber=567890, passportIssueDate=2003-01-01, passportIssueBranch=MG Russia, maritalStatus=MARRIED, dependentAmount=20000, employment=EmploymentDto(employmentStatus=SELF_EMPLOYED, employerINN=123456789012, salary=60000, position=MANAGER, workExperienceTotal=20, workExperienceCurrent=10), accountNumber=12345678901234567000, isInsuranceEnabled=true, isSalaryClient=true)
2025-08-11 14:28:36 DEBUG [http-nio-8080-exec-2] r.d.c.s.impl.CalcCreditServiceImpl - Creating credit ScoringDataDto(amount=25000, term=8, firstName=Coul, lastName=Rust, middleName=Jackson, gender=FEMALE, birthdate=2003-01-01, passportSeries=1234, passportNumber=567890, passportIssueDate=2003-01-01, passportIssueBranch=MG Russia, maritalStatus=MARRIED, dependentAmount=20000, employment=EmploymentDto(employmentStatus=SELF_EMPLOYED, employerINN=123456789012, salary=60000, position=MANAGER, workExperienceTotal=20, workExperienceCurrent=10), accountNumber=12345678901234567000, isInsuranceEnabled=true, isSalaryClient=true)
2025-08-11 14:28:36 DEBUG [http-nio-8080-exec-2] r.d.c.s.impl.CalcCreditServiceImpl - Validating scoring data ScoringDataDto(amount=25000, term=8, firstName=Coul, lastName=Rust, middleName=Jackson, gender=FEMALE, birthdate=2003-01-01, passportSeries=1234, passportNumber=567890, passportIssueDate=2003-01-01, passportIssueBranch=MG Russia, maritalStatus=MARRIED, dependentAmount=20000, employment=EmploymentDto(employmentStatus=SELF_EMPLOYED, employerINN=123456789012, salary=60000, position=MANAGER, workExperienceTotal=20, workExperienceCurrent=10), accountNumber=12345678901234567000, isInsuranceEnabled=true, isSalaryClient=true)
2025-08-11 14:28:36 DEBUG [http-nio-8080-exec-2] r.d.c.service.utils.UserValidator - Validating scoring data ScoringDataDto(amount=25000, term=8, firstName=Coul, lastName=Rust, middleName=Jackson, gender=FEMALE, birthdate=2003-01-01, passportSeries=1234, passportNumber=567890, passportIssueDate=2003-01-01, passportIssueBranch=MG Russia, maritalStatus=MARRIED, dependentAmount=20000, employment=EmploymentDto(employmentStatus=SELF_EMPLOYED, employerINN=123456789012, salary=60000, position=MANAGER, workExperienceTotal=20, workExperienceCurrent=10), accountNumber=12345678901234567000, isInsuranceEnabled=true, isSalaryClient=true)
2025-08-11 14:28:36 DEBUG [http-nio-8080-exec-2] r.d.c.service.utils.UserValidator - Validating employment status scoring data ScoringDataDto(amount=25000, term=8, firstName=Coul, lastName=Rust, middleName=Jackson, gender=FEMALE, birthdate=2003-01-01, passportSeries=1234, passportNumber=567890, passportIssueDate=2003-01-01, passportIssueBranch=MG Russia, maritalStatus=MARRIED, dependentAmount=20000, employment=EmploymentDto(employmentStatus=SELF_EMPLOYED, employerINN=123456789012, salary=60000, position=MANAGER, workExperienceTotal=20, workExperienceCurrent=10), accountNumber=12345678901234567000, isInsuranceEnabled=true, isSalaryClient=true)
2025-08-11 14:28:36 DEBUG [http-nio-8080-exec-2] r.d.c.service.utils.UserValidator - Calculated rate by 2 for SELF_EMPLOYED CreditDto(amount=25000, term=8, monthlyPayment=null, rate=22, psk=null, isInsuranceEnabled=true, isSalaryClient=true, paymentSchedule=null)
2025-08-11 14:28:36 DEBUG [http-nio-8080-exec-2] r.d.c.service.utils.UserValidator - Validated EmploymentStatus for creditCreditDto(amount=25000, term=8, monthlyPayment=null, rate=22, psk=null, isInsuranceEnabled=true, isSalaryClient=true, paymentSchedule=null)
2025-08-11 14:28:36 DEBUG [http-nio-8080-exec-2] r.d.c.service.utils.UserValidator - Employment position validating scoring data, ScoringDataDto(amount=25000, term=8, firstName=Coul, lastName=Rust, middleName=Jackson, gender=FEMALE, birthdate=2003-01-01, passportSeries=1234, passportNumber=567890, passportIssueDate=2003-01-01, passportIssueBranch=MG Russia, maritalStatus=MARRIED, dependentAmount=20000, employment=EmploymentDto(employmentStatus=SELF_EMPLOYED, employerINN=123456789012, salary=60000, position=MANAGER, workExperienceTotal=20, workExperienceCurrent=10), accountNumber=12345678901234567000, isInsuranceEnabled=true, isSalaryClient=true)
2025-08-11 14:28:36 DEBUG [http-nio-8080-exec-2] r.d.c.service.utils.UserValidator - Subtracted rate by 2 for MANAGER CreditDto(amount=25000, term=8, monthlyPayment=null, rate=20, psk=null, isInsuranceEnabled=true, isSalaryClient=true, paymentSchedule=null)
2025-08-11 14:28:36 DEBUG [http-nio-8080-exec-2] r.d.c.service.utils.UserValidator - Validated EmploymentPosition for creditCreditDto(amount=25000, term=8, monthlyPayment=null, rate=20, psk=null, isInsuranceEnabled=true, isSalaryClient=true, paymentSchedule=null)
2025-08-11 14:28:36 DEBUG [http-nio-8080-exec-2] r.d.c.service.utils.UserValidator - Validating loan amount scoring data, ScoringDataDto(amount=25000, term=8, firstName=Coul, lastName=Rust, middleName=Jackson, gender=FEMALE, birthdate=2003-01-01, passportSeries=1234, passportNumber=567890, passportIssueDate=2003-01-01, passportIssueBranch=MG Russia, maritalStatus=MARRIED, dependentAmount=20000, employment=EmploymentDto(employmentStatus=SELF_EMPLOYED, employerINN=123456789012, salary=60000, position=MANAGER, workExperienceTotal=20, workExperienceCurrent=10), accountNumber=12345678901234567000, isInsuranceEnabled=true, isSalaryClient=true)
2025-08-11 14:28:36 DEBUG [http-nio-8080-exec-2] r.d.c.service.utils.UserValidator - Validated loan amount for credit: ScoringDataDto(amount=25000, term=8, firstName=Coul, lastName=Rust, middleName=Jackson, gender=FEMALE, birthdate=2003-01-01, passportSeries=1234, passportNumber=567890, passportIssueDate=2003-01-01, passportIssueBranch=MG Russia, maritalStatus=MARRIED, dependentAmount=20000, employment=EmploymentDto(employmentStatus=SELF_EMPLOYED, employerINN=123456789012, salary=60000, position=MANAGER, workExperienceTotal=20, workExperienceCurrent=10), accountNumber=12345678901234567000, isInsuranceEnabled=true, isSalaryClient=true)
2025-08-11 14:28:36 DEBUG [http-nio-8080-exec-2] r.d.c.service.utils.UserValidator - Employment marital status validating ScoringDataDto(amount=25000, term=8, firstName=Coul, lastName=Rust, middleName=Jackson, gender=FEMALE, birthdate=2003-01-01, passportSeries=1234, passportNumber=567890, passportIssueDate=2003-01-01, passportIssueBranch=MG Russia, maritalStatus=MARRIED, dependentAmount=20000, employment=EmploymentDto(employmentStatus=SELF_EMPLOYED, employerINN=123456789012, salary=60000, position=MANAGER, workExperienceTotal=20, workExperienceCurrent=10), accountNumber=12345678901234567000, isInsuranceEnabled=true, isSalaryClient=true)
2025-08-11 14:28:36 DEBUG [http-nio-8080-exec-2] r.d.c.service.utils.UserValidator - Subtracted rate by 3 for MARRIED CreditDto(amount=25000, term=8, monthlyPayment=null, rate=17, psk=null, isInsuranceEnabled=true, isSalaryClient=true, paymentSchedule=null)
2025-08-11 14:28:36 DEBUG [http-nio-8080-exec-2] r.d.c.service.utils.UserValidator - Validated MaritalStatus for creditCreditDto(amount=25000, term=8, monthlyPayment=null, rate=17, psk=null, isInsuranceEnabled=true, isSalaryClient=true, paymentSchedule=null)
2025-08-11 14:28:36 DEBUG [http-nio-8080-exec-2] r.d.c.service.utils.UserValidator - Validating age scoring data, ScoringDataDto(amount=25000, term=8, firstName=Coul, lastName=Rust, middleName=Jackson, gender=FEMALE, birthdate=2003-01-01, passportSeries=1234, passportNumber=567890, passportIssueDate=2003-01-01, passportIssueBranch=MG Russia, maritalStatus=MARRIED, dependentAmount=20000, employment=EmploymentDto(employmentStatus=SELF_EMPLOYED, employerINN=123456789012, salary=60000, position=MANAGER, workExperienceTotal=20, workExperienceCurrent=10), accountNumber=12345678901234567000, isInsuranceEnabled=true, isSalaryClient=true)
2025-08-11 14:28:36 DEBUG [http-nio-8080-exec-2] r.d.c.service.utils.UserValidator - Validated age for credit22
2025-08-11 14:28:36 DEBUG [http-nio-8080-exec-2] r.d.c.service.utils.UserValidator - Validating gender scoring data, ScoringDataDto(amount=25000, term=8, firstName=Coul, lastName=Rust, middleName=Jackson, gender=FEMALE, birthdate=2003-01-01, passportSeries=1234, passportNumber=567890, passportIssueDate=2003-01-01, passportIssueBranch=MG Russia, maritalStatus=MARRIED, dependentAmount=20000, employment=EmploymentDto(employmentStatus=SELF_EMPLOYED, employerINN=123456789012, salary=60000, position=MANAGER, workExperienceTotal=20, workExperienceCurrent=10), accountNumber=12345678901234567000, isInsuranceEnabled=true, isSalaryClient=true)
2025-08-11 14:28:36 DEBUG [http-nio-8080-exec-2] r.d.c.service.utils.UserValidator - Validated Gender for creditCreditDto(amount=25000, term=8, monthlyPayment=null, rate=17, psk=null, isInsuranceEnabled=true, isSalaryClient=true, paymentSchedule=null)
2025-08-11 14:28:36 DEBUG [http-nio-8080-exec-2] r.d.c.service.utils.UserValidator - Validating work experience scoring data, ScoringDataDto(amount=25000, term=8, firstName=Coul, lastName=Rust, middleName=Jackson, gender=FEMALE, birthdate=2003-01-01, passportSeries=1234, passportNumber=567890, passportIssueDate=2003-01-01, passportIssueBranch=MG Russia, maritalStatus=MARRIED, dependentAmount=20000, employment=EmploymentDto(employmentStatus=SELF_EMPLOYED, employerINN=123456789012, salary=60000, position=MANAGER, workExperienceTotal=20, workExperienceCurrent=10), accountNumber=12345678901234567000, isInsuranceEnabled=true, isSalaryClient=true)
2025-08-11 14:28:36 DEBUG [http-nio-8080-exec-2] r.d.c.service.utils.UserValidator - Validated WorkExperience, ScoringDataDto(amount=25000, term=8, firstName=Coul, lastName=Rust, middleName=Jackson, gender=FEMALE, birthdate=2003-01-01, passportSeries=1234, passportNumber=567890, passportIssueDate=2003-01-01, passportIssueBranch=MG Russia, maritalStatus=MARRIED, dependentAmount=20000, employment=EmploymentDto(employmentStatus=SELF_EMPLOYED, employerINN=123456789012, salary=60000, position=MANAGER, workExperienceTotal=20, workExperienceCurrent=10), accountNumber=12345678901234567000, isInsuranceEnabled=true, isSalaryClient=true)
2025-08-11 14:28:36 DEBUG [http-nio-8080-exec-2] r.d.c.service.utils.UserValidator - Validated scoring data for creditCreditDto(amount=25000, term=8, monthlyPayment=null, rate=17, psk=null, isInsuranceEnabled=true, isSalaryClient=true, paymentSchedule=null)
2025-08-11 14:28:36 DEBUG [http-nio-8080-exec-2] r.d.c.s.LoanCalculatorComponent - Adjusting rate depending on settings: isInsuranceEnabled=true,  isSalaryClient=true
2025-08-11 14:28:36 DEBUG [http-nio-8080-exec-2] r.d.c.s.LoanCalculatorComponent - Calculating  rate by INSURANCE_DISCOUNT: rate=14
2025-08-11 14:28:36 DEBUG [http-nio-8080-exec-2] r.d.c.s.LoanCalculatorComponent - Calculating  rate by SALARY_CLIENT_DISCOUNT: rate=13
2025-08-11 14:28:36 DEBUG [http-nio-8080-exec-2] r.d.c.s.LoanCalculatorComponent - Calculated rate: rate=13
2025-08-11 14:28:36 DEBUG [http-nio-8080-exec-2] r.d.c.s.impl.CalcCreditServiceImpl - Calculated rate: 13
2025-08-11 14:28:36 DEBUG [http-nio-8080-exec-2] r.d.c.s.LoanCalculatorComponent - Calculating principal: amount=25000, isInsuranceEnabled=true
2025-08-11 14:28:36 DEBUG [http-nio-8080-exec-2] r.d.c.s.LoanCalculatorComponent - Increased amount: amount=125000
2025-08-11 14:28:36 DEBUG [http-nio-8080-exec-2] r.d.c.s.impl.CalcCreditServiceImpl - Calculated principal: 125000
2025-08-11 14:28:36 DEBUG [http-nio-8080-exec-2] r.d.c.s.LoanCalculatorComponent - Calculating annuity monthly payment: loanAmount=125000, rate=13, term=8
2025-08-11 14:28:36 DEBUG [http-nio-8080-exec-2] r.d.c.s.LoanCalculatorComponent - Calculated monthly payment: 16396.29
2025-08-11 14:28:36 DEBUG [http-nio-8080-exec-2] r.d.c.s.impl.CalcCreditServiceImpl - Calculated monthly payment: 16396.29
2025-08-11 14:28:36 DEBUG [http-nio-8080-exec-2] r.d.c.s.LoanCalculatorComponent - Calculating total amount: monthlyPayment=16396.29, term=8
2025-08-11 14:28:36 DEBUG [http-nio-8080-exec-2] r.d.c.s.LoanCalculatorComponent - Calculated total amount: totalAmount=131170.32
2025-08-11 14:28:36 DEBUG [http-nio-8080-exec-2] r.d.c.s.impl.CalcCreditServiceImpl - Calculated totalAmount: 131170.32
2025-08-11 14:28:36 DEBUG [http-nio-8080-exec-2] r.d.c.s.impl.CalcCreditServiceImpl - Calculating PSK by: principal=125000, monthlyPayment=131170.32, termMonths=8
2025-08-11 14:28:36 DEBUG [http-nio-8080-exec-2] r.d.c.s.impl.CalcCreditServiceImpl - Calculated PSK: 409500.00%
2025-08-11 14:28:36 DEBUG [http-nio-8080-exec-2] r.d.c.s.impl.CalcCreditServiceImpl - Calculating payment schedule for credit: CreditDto(amount=125000, term=8, monthlyPayment=16396.29, rate=13, psk=409500.00, isInsuranceEnabled=true, isSalaryClient=true, paymentSchedule=null)
2025-08-11 14:28:36 DEBUG [http-nio-8080-exec-2] r.d.c.s.impl.CalcCreditServiceImpl - Calculating interest payment: remainingDebt=125000, rate=13
2025-08-11 14:28:36 DEBUG [http-nio-8080-exec-2] r.d.c.s.impl.CalcCreditServiceImpl - Calculated interest payment: interest=1354.16
2025-08-11 14:28:36 DEBUG [http-nio-8080-exec-2] r.d.c.s.impl.CalcCreditServiceImpl - Calculating debt payment: totalPayment=16396.29, interestPayment=1354.16
2025-08-11 14:28:36 DEBUG [http-nio-8080-exec-2] r.d.c.s.impl.CalcCreditServiceImpl - Calculated debt payment: debtPayment=15042.13
2025-08-11 14:28:36 DEBUG [http-nio-8080-exec-2] r.d.c.s.impl.CalcCreditServiceImpl - Calculating remaining debt: remainingDebt=125000, debtPayment=15042.13
2025-08-11 14:28:36 DEBUG [http-nio-8080-exec-2] r.d.c.s.impl.CalcCreditServiceImpl - Calculated remaining debt: remainingDebt=109957.87
2025-08-11 14:28:36 DEBUG [http-nio-8080-exec-2] r.d.c.s.impl.CalcCreditServiceImpl - Month 1: interest=1354.16, debt=15042.13, remainingDebt=125000.00
2025-08-11 14:28:36 DEBUG [http-nio-8080-exec-2] r.d.c.s.impl.CalcCreditServiceImpl - Added schedule element: PaymentScheduleElementDto(number=1, date=2025-09-11, totalPayment=16396.29, interestPayment=1354.16, debtPayment=15042.13, remainingDebt=125000.00)
2025-08-11 14:28:36 DEBUG [http-nio-8080-exec-2] r.d.c.s.impl.CalcCreditServiceImpl - Calculating interest payment: remainingDebt=125000, rate=13
2025-08-11 14:28:36 DEBUG [http-nio-8080-exec-2] r.d.c.s.impl.CalcCreditServiceImpl - Calculated interest payment: interest=1354.16
2025-08-11 14:28:36 DEBUG [http-nio-8080-exec-2] r.d.c.s.impl.CalcCreditServiceImpl - Calculating debt payment: totalPayment=16396.29, interestPayment=1354.16
2025-08-11 14:28:36 DEBUG [http-nio-8080-exec-2] r.d.c.s.impl.CalcCreditServiceImpl - Calculated debt payment: debtPayment=15042.13
2025-08-11 14:28:36 DEBUG [http-nio-8080-exec-2] r.d.c.s.impl.CalcCreditServiceImpl - Calculating remaining debt: remainingDebt=125000, debtPayment=15042.13
2025-08-11 14:28:36 DEBUG [http-nio-8080-exec-2] r.d.c.s.impl.CalcCreditServiceImpl - Calculated remaining debt: remainingDebt=109957.87
2025-08-11 14:28:36 DEBUG [http-nio-8080-exec-2] r.d.c.s.impl.CalcCreditServiceImpl - Month 2: interest=1354.16, debt=15042.13, remainingDebt=125000.00
2025-08-11 14:28:36 DEBUG [http-nio-8080-exec-2] r.d.c.s.impl.CalcCreditServiceImpl - Added schedule element: PaymentScheduleElementDto(number=2, date=2025-10-11, totalPayment=16396.29, interestPayment=1354.16, debtPayment=15042.13, remainingDebt=125000.00)
2025-08-11 14:28:36 DEBUG [http-nio-8080-exec-2] r.d.c.s.impl.CalcCreditServiceImpl - Calculating interest payment: remainingDebt=125000, rate=13
2025-08-11 14:28:36 DEBUG [http-nio-8080-exec-2] r.d.c.s.impl.CalcCreditServiceImpl - Calculated interest payment: interest=1354.16
2025-08-11 14:28:36 DEBUG [http-nio-8080-exec-2] r.d.c.s.impl.CalcCreditServiceImpl - Calculating debt payment: totalPayment=16396.29, interestPayment=1354.16
2025-08-11 14:28:36 DEBUG [http-nio-8080-exec-2] r.d.c.s.impl.CalcCreditServiceImpl - Calculated debt payment: debtPayment=15042.13
2025-08-11 14:28:36 DEBUG [http-nio-8080-exec-2] r.d.c.s.impl.CalcCreditServiceImpl - Calculating remaining debt: remainingDebt=125000, debtPayment=15042.13
2025-08-11 14:28:36 DEBUG [http-nio-8080-exec-2] r.d.c.s.impl.CalcCreditServiceImpl - Calculated remaining debt: remainingDebt=109957.87
2025-08-11 14:28:36 DEBUG [http-nio-8080-exec-2] r.d.c.s.impl.CalcCreditServiceImpl - Month 3: interest=1354.16, debt=15042.13, remainingDebt=125000.00
2025-08-11 14:28:36 DEBUG [http-nio-8080-exec-2] r.d.c.s.impl.CalcCreditServiceImpl - Added schedule element: PaymentScheduleElementDto(number=3, date=2025-11-11, totalPayment=16396.29, interestPayment=1354.16, debtPayment=15042.13, remainingDebt=125000.00)
2025-08-11 14:28:36 DEBUG [http-nio-8080-exec-2] r.d.c.s.impl.CalcCreditServiceImpl - Calculating interest payment: remainingDebt=125000, rate=13
2025-08-11 14:28:36 DEBUG [http-nio-8080-exec-2] r.d.c.s.impl.CalcCreditServiceImpl - Calculated interest payment: interest=1354.16
2025-08-11 14:28:36 DEBUG [http-nio-8080-exec-2] r.d.c.s.impl.CalcCreditServiceImpl - Calculating debt payment: totalPayment=16396.29, interestPayment=1354.16
2025-08-11 14:28:36 DEBUG [http-nio-8080-exec-2] r.d.c.s.impl.CalcCreditServiceImpl - Calculated debt payment: debtPayment=15042.13
2025-08-11 14:28:36 DEBUG [http-nio-8080-exec-2] r.d.c.s.impl.CalcCreditServiceImpl - Calculating remaining debt: remainingDebt=125000, debtPayment=15042.13
2025-08-11 14:28:36 DEBUG [http-nio-8080-exec-2] r.d.c.s.impl.CalcCreditServiceImpl - Calculated remaining debt: remainingDebt=109957.87
2025-08-11 14:28:36 DEBUG [http-nio-8080-exec-2] r.d.c.s.impl.CalcCreditServiceImpl - Month 4: interest=1354.16, debt=15042.13, remainingDebt=125000.00
2025-08-11 14:28:36 DEBUG [http-nio-8080-exec-2] r.d.c.s.impl.CalcCreditServiceImpl - Added schedule element: PaymentScheduleElementDto(number=4, date=2025-12-11, totalPayment=16396.29, interestPayment=1354.16, debtPayment=15042.13, remainingDebt=125000.00)
2025-08-11 14:28:36 DEBUG [http-nio-8080-exec-2] r.d.c.s.impl.CalcCreditServiceImpl - Calculating interest payment: remainingDebt=125000, rate=13
2025-08-11 14:28:36 DEBUG [http-nio-8080-exec-2] r.d.c.s.impl.CalcCreditServiceImpl - Calculated interest payment: interest=1354.16
2025-08-11 14:28:36 DEBUG [http-nio-8080-exec-2] r.d.c.s.impl.CalcCreditServiceImpl - Calculating debt payment: totalPayment=16396.29, interestPayment=1354.16
2025-08-11 14:28:36 DEBUG [http-nio-8080-exec-2] r.d.c.s.impl.CalcCreditServiceImpl - Calculated debt payment: debtPayment=15042.13
2025-08-11 14:28:36 DEBUG [http-nio-8080-exec-2] r.d.c.s.impl.CalcCreditServiceImpl - Calculating remaining debt: remainingDebt=125000, debtPayment=15042.13
2025-08-11 14:28:36 DEBUG [http-nio-8080-exec-2] r.d.c.s.impl.CalcCreditServiceImpl - Calculated remaining debt: remainingDebt=109957.87
2025-08-11 14:28:36 DEBUG [http-nio-8080-exec-2] r.d.c.s.impl.CalcCreditServiceImpl - Month 5: interest=1354.16, debt=15042.13, remainingDebt=125000.00
2025-08-11 14:28:36 DEBUG [http-nio-8080-exec-2] r.d.c.s.impl.CalcCreditServiceImpl - Added schedule element: PaymentScheduleElementDto(number=5, date=2026-01-11, totalPayment=16396.29, interestPayment=1354.16, debtPayment=15042.13, remainingDebt=125000.00)
2025-08-11 14:28:36 DEBUG [http-nio-8080-exec-2] r.d.c.s.impl.CalcCreditServiceImpl - Calculating interest payment: remainingDebt=125000, rate=13
2025-08-11 14:28:36 DEBUG [http-nio-8080-exec-2] r.d.c.s.impl.CalcCreditServiceImpl - Calculated interest payment: interest=1354.16
2025-08-11 14:28:36 DEBUG [http-nio-8080-exec-2] r.d.c.s.impl.CalcCreditServiceImpl - Calculating debt payment: totalPayment=16396.29, interestPayment=1354.16
2025-08-11 14:28:36 DEBUG [http-nio-8080-exec-2] r.d.c.s.impl.CalcCreditServiceImpl - Calculated debt payment: debtPayment=15042.13
2025-08-11 14:28:36 DEBUG [http-nio-8080-exec-2] r.d.c.s.impl.CalcCreditServiceImpl - Calculating remaining debt: remainingDebt=125000, debtPayment=15042.13
2025-08-11 14:28:36 DEBUG [http-nio-8080-exec-2] r.d.c.s.impl.CalcCreditServiceImpl - Calculated remaining debt: remainingDebt=109957.87
2025-08-11 14:28:36 DEBUG [http-nio-8080-exec-2] r.d.c.s.impl.CalcCreditServiceImpl - Month 6: interest=1354.16, debt=15042.13, remainingDebt=125000.00
2025-08-11 14:28:36 DEBUG [http-nio-8080-exec-2] r.d.c.s.impl.CalcCreditServiceImpl - Added schedule element: PaymentScheduleElementDto(number=6, date=2026-02-11, totalPayment=16396.29, interestPayment=1354.16, debtPayment=15042.13, remainingDebt=125000.00)
2025-08-11 14:28:36 DEBUG [http-nio-8080-exec-2] r.d.c.s.impl.CalcCreditServiceImpl - Calculating interest payment: remainingDebt=125000, rate=13
2025-08-11 14:28:36 DEBUG [http-nio-8080-exec-2] r.d.c.s.impl.CalcCreditServiceImpl - Calculated interest payment: interest=1354.16
2025-08-11 14:28:36 DEBUG [http-nio-8080-exec-2] r.d.c.s.impl.CalcCreditServiceImpl - Calculating debt payment: totalPayment=16396.29, interestPayment=1354.16
2025-08-11 14:28:36 DEBUG [http-nio-8080-exec-2] r.d.c.s.impl.CalcCreditServiceImpl - Calculated debt payment: debtPayment=15042.13
2025-08-11 14:28:36 DEBUG [http-nio-8080-exec-2] r.d.c.s.impl.CalcCreditServiceImpl - Calculating remaining debt: remainingDebt=125000, debtPayment=15042.13
2025-08-11 14:28:36 DEBUG [http-nio-8080-exec-2] r.d.c.s.impl.CalcCreditServiceImpl - Calculated remaining debt: remainingDebt=109957.87
2025-08-11 14:28:36 DEBUG [http-nio-8080-exec-2] r.d.c.s.impl.CalcCreditServiceImpl - Month 7: interest=1354.16, debt=15042.13, remainingDebt=125000.00
2025-08-11 14:28:36 DEBUG [http-nio-8080-exec-2] r.d.c.s.impl.CalcCreditServiceImpl - Added schedule element: PaymentScheduleElementDto(number=7, date=2026-03-11, totalPayment=16396.29, interestPayment=1354.16, debtPayment=15042.13, remainingDebt=125000.00)
2025-08-11 14:28:36 DEBUG [http-nio-8080-exec-2] r.d.c.s.impl.CalcCreditServiceImpl - Calculating interest payment: remainingDebt=125000, rate=13
2025-08-11 14:28:36 DEBUG [http-nio-8080-exec-2] r.d.c.s.impl.CalcCreditServiceImpl - Calculated interest payment: interest=1354.16
2025-08-11 14:28:36 DEBUG [http-nio-8080-exec-2] r.d.c.s.impl.CalcCreditServiceImpl - Calculating debt payment: totalPayment=16396.29, interestPayment=1354.16
2025-08-11 14:28:36 DEBUG [http-nio-8080-exec-2] r.d.c.s.impl.CalcCreditServiceImpl - Calculated debt payment: debtPayment=15042.13
2025-08-11 14:28:36 DEBUG [http-nio-8080-exec-2] r.d.c.s.impl.CalcCreditServiceImpl - Calculating remaining debt: remainingDebt=125000, debtPayment=15042.13
2025-08-11 14:28:36 DEBUG [http-nio-8080-exec-2] r.d.c.s.impl.CalcCreditServiceImpl - Calculated remaining debt: remainingDebt=109957.87
2025-08-11 14:28:36 DEBUG [http-nio-8080-exec-2] r.d.c.s.impl.CalcCreditServiceImpl - Month 8: interest=1354.16, debt=15042.13, remainingDebt=125000.00
2025-08-11 14:28:36 DEBUG [http-nio-8080-exec-2] r.d.c.s.impl.CalcCreditServiceImpl - Total payment by element: 141396.29
2025-08-11 14:28:36 DEBUG [http-nio-8080-exec-2] r.d.c.s.impl.CalcCreditServiceImpl - Added schedule element: PaymentScheduleElementDto(number=8, date=2026-04-11, totalPayment=141396.29, interestPayment=1354.16, debtPayment=15042.13, remainingDebt=0.00)
2025-08-11 14:28:36 DEBUG [http-nio-8080-exec-2] r.d.c.s.impl.CalcCreditServiceImpl - Calculated payment schedule for credit: [PaymentScheduleElementDto(number=1, date=2025-09-11, totalPayment=16396.29, interestPayment=1354.16, debtPayment=15042.13, remainingDebt=125000.00), PaymentScheduleElementDto(number=2, date=2025-10-11, totalPayment=16396.29, interestPayment=1354.16, debtPayment=15042.13, remainingDebt=125000.00), PaymentScheduleElementDto(number=3, date=2025-11-11, totalPayment=16396.29, interestPayment=1354.16, debtPayment=15042.13, remainingDebt=125000.00), PaymentScheduleElementDto(number=4, date=2025-12-11, totalPayment=16396.29, interestPayment=1354.16, debtPayment=15042.13, remainingDebt=125000.00), PaymentScheduleElementDto(number=5, date=2026-01-11, totalPayment=16396.29, interestPayment=1354.16, debtPayment=15042.13, remainingDebt=125000.00), PaymentScheduleElementDto(number=6, date=2026-02-11, totalPayment=16396.29, interestPayment=1354.16, debtPayment=15042.13, remainingDebt=125000.00), PaymentScheduleElementDto(number=7, date=2026-03-11, totalPayment=16396.29, interestPayment=1354.16, debtPayment=15042.13, remainingDebt=125000.00), PaymentScheduleElementDto(number=8, date=2026-04-11, totalPayment=141396.29, interestPayment=1354.16, debtPayment=15042.13, remainingDebt=0.00)]
2025-08-11 14:28:36 DEBUG [http-nio-8080-exec-2] r.d.c.s.impl.CalcCreditServiceImpl - Credit dto created CreditDto(amount=125000, term=8, monthlyPayment=16396.29, rate=13, psk=409500.00, isInsuranceEnabled=true, isSalaryClient=true, paymentSchedule=[PaymentScheduleElementDto(number=1, date=2025-09-11, totalPayment=16396.29, interestPayment=1354.16, debtPayment=15042.13, remainingDebt=125000.00), PaymentScheduleElementDto(number=2, date=2025-10-11, totalPayment=16396.29, interestPayment=1354.16, debtPayment=15042.13, remainingDebt=125000.00), PaymentScheduleElementDto(number=3, date=2025-11-11, totalPayment=16396.29, interestPayment=1354.16, debtPayment=15042.13, remainingDebt=125000.00), PaymentScheduleElementDto(number=4, date=2025-12-11, totalPayment=16396.29, interestPayment=1354.16, debtPayment=15042.13, remainingDebt=125000.00), PaymentScheduleElementDto(number=5, date=2026-01-11, totalPayment=16396.29, interestPayment=1354.16, debtPayment=15042.13, remainingDebt=125000.00), PaymentScheduleElementDto(number=6, date=2026-02-11, totalPayment=16396.29, interestPayment=1354.16, debtPayment=15042.13, remainingDebt=125000.00), PaymentScheduleElementDto(number=7, date=2026-03-11, totalPayment=16396.29, interestPayment=1354.16, debtPayment=15042.13, remainingDebt=125000.00), PaymentScheduleElementDto(number=8, date=2026-04-11, totalPayment=141396.29, interestPayment=1354.16, debtPayment=15042.13, remainingDebt=0.00)])
2025-08-11 14:28:36 DEBUG [http-nio-8080-exec-2] r.d.c.s.impl.CalcCreditServiceImpl - Calculated credit CreditDto(amount=125000, term=8, monthlyPayment=16396.29, rate=13, psk=409500.00, isInsuranceEnabled=true, isSalaryClient=true, paymentSchedule=[PaymentScheduleElementDto(number=1, date=2025-09-11, totalPayment=16396.29, interestPayment=1354.16, debtPayment=15042.13, remainingDebt=125000.00), PaymentScheduleElementDto(number=2, date=2025-10-11, totalPayment=16396.29, interestPayment=1354.16, debtPayment=15042.13, remainingDebt=125000.00), PaymentScheduleElementDto(number=3, date=2025-11-11, totalPayment=16396.29, interestPayment=1354.16, debtPayment=15042.13, remainingDebt=125000.00), PaymentScheduleElementDto(number=4, date=2025-12-11, totalPayment=16396.29, interestPayment=1354.16, debtPayment=15042.13, remainingDebt=125000.00), PaymentScheduleElementDto(number=5, date=2026-01-11, totalPayment=16396.29, interestPayment=1354.16, debtPayment=15042.13, remainingDebt=125000.00), PaymentScheduleElementDto(number=6, date=2026-02-11, totalPayment=16396.29, interestPayment=1354.16, debtPayment=15042.13, remainingDebt=125000.00), PaymentScheduleElementDto(number=7, date=2026-03-11, totalPayment=16396.29, interestPayment=1354.16, debtPayment=15042.13, remainingDebt=125000.00), PaymentScheduleElementDto(number=8, date=2026-04-11, totalPayment=141396.29, interestPayment=1354.16, debtPayment=15042.13, remainingDebt=0.00)])
2025-08-11 14:28:36 INFO  [http-nio-8080-exec-2] r.d.c.c.CalculatorController - Response for credit creation request: <200 OK OK,CreditDto(amount=125000, term=8, monthlyPayment=16396.29, rate=13, psk=409500.00, isInsuranceEnabled=true, isSalaryClient=true, paymentSchedule=[PaymentScheduleElementDto(number=1, date=2025-09-11, totalPayment=16396.29, interestPayment=1354.16, debtPayment=15042.13, remainingDebt=125000.00), PaymentScheduleElementDto(number=2, date=2025-10-11, totalPayment=16396.29, interestPayment=1354.16, debtPayment=15042.13, remainingDebt=125000.00), PaymentScheduleElementDto(number=3, date=2025-11-11, totalPayment=16396.29, interestPayment=1354.16, debtPayment=15042.13, remainingDebt=125000.00), PaymentScheduleElementDto(number=4, date=2025-12-11, totalPayment=16396.29, interestPayment=1354.16, debtPayment=15042.13, remainingDebt=125000.00), PaymentScheduleElementDto(number=5, date=2026-01-11, totalPayment=16396.29, interestPayment=1354.16, debtPayment=15042.13, remainingDebt=125000.00), PaymentScheduleElementDto(number=6, date=2026-02-11, totalPayment=16396.29, interestPayment=1354.16, debtPayment=15042.13, remainingDebt=125000.00), PaymentScheduleElementDto(number=7, date=2026-03-11, totalPayment=16396.29, interestPayment=1354.16, debtPayment=15042.13, remainingDebt=125000.00), PaymentScheduleElementDto(number=8, date=2026-04-11, totalPayment=141396.29, interestPayment=1354.16, debtPayment=15042.13, remainingDebt=0.00)]),[]>
2025-08-11 14:29:15 INFO  [http-nio-8080-exec-5] r.d.c.c.CalculatorController - Received credit creation request: ScoringDataDto(amount=25000, term=8, firstName=Coul, lastName=Rust, middleName=Jackson, gender=FEMALE, birthdate=2003-01-01, passportSeries=1234, passportNumber=567890, passportIssueDate=2003-01-01, passportIssueBranch=MG Russia, maritalStatus=MARRIED, dependentAmount=20000, employment=EmploymentDto(employmentStatus=SELF_EMPLOYED, employerINN=123456789012, salary=60000, position=MANAGER, workExperienceTotal=20, workExperienceCurrent=10), accountNumber=12345678901234567000, isInsuranceEnabled=true, isSalaryClient=true)
2025-08-11 14:29:15 DEBUG [http-nio-8080-exec-5] r.d.c.s.impl.CalcCreditServiceImpl - Calculating credit ScoringDataDto(amount=25000, term=8, firstName=Coul, lastName=Rust, middleName=Jackson, gender=FEMALE, birthdate=2003-01-01, passportSeries=1234, passportNumber=567890, passportIssueDate=2003-01-01, passportIssueBranch=MG Russia, maritalStatus=MARRIED, dependentAmount=20000, employment=EmploymentDto(employmentStatus=SELF_EMPLOYED, employerINN=123456789012, salary=60000, position=MANAGER, workExperienceTotal=20, workExperienceCurrent=10), accountNumber=12345678901234567000, isInsuranceEnabled=true, isSalaryClient=true)
2025-08-11 14:29:15 DEBUG [http-nio-8080-exec-5] r.d.c.s.impl.CalcCreditServiceImpl - Creating credit ScoringDataDto(amount=25000, term=8, firstName=Coul, lastName=Rust, middleName=Jackson, gender=FEMALE, birthdate=2003-01-01, passportSeries=1234, passportNumber=567890, passportIssueDate=2003-01-01, passportIssueBranch=MG Russia, maritalStatus=MARRIED, dependentAmount=20000, employment=EmploymentDto(employmentStatus=SELF_EMPLOYED, employerINN=123456789012, salary=60000, position=MANAGER, workExperienceTotal=20, workExperienceCurrent=10), accountNumber=12345678901234567000, isInsuranceEnabled=true, isSalaryClient=true)
2025-08-11 14:29:15 DEBUG [http-nio-8080-exec-5] r.d.c.s.impl.CalcCreditServiceImpl - Validating scoring data ScoringDataDto(amount=25000, term=8, firstName=Coul, lastName=Rust, middleName=Jackson, gender=FEMALE, birthdate=2003-01-01, passportSeries=1234, passportNumber=567890, passportIssueDate=2003-01-01, passportIssueBranch=MG Russia, maritalStatus=MARRIED, dependentAmount=20000, employment=EmploymentDto(employmentStatus=SELF_EMPLOYED, employerINN=123456789012, salary=60000, position=MANAGER, workExperienceTotal=20, workExperienceCurrent=10), accountNumber=12345678901234567000, isInsuranceEnabled=true, isSalaryClient=true)
2025-08-11 14:29:15 DEBUG [http-nio-8080-exec-5] r.d.c.service.utils.UserValidator - Validating scoring data ScoringDataDto(amount=25000, term=8, firstName=Coul, lastName=Rust, middleName=Jackson, gender=FEMALE, birthdate=2003-01-01, passportSeries=1234, passportNumber=567890, passportIssueDate=2003-01-01, passportIssueBranch=MG Russia, maritalStatus=MARRIED, dependentAmount=20000, employment=EmploymentDto(employmentStatus=SELF_EMPLOYED, employerINN=123456789012, salary=60000, position=MANAGER, workExperienceTotal=20, workExperienceCurrent=10), accountNumber=12345678901234567000, isInsuranceEnabled=true, isSalaryClient=true)
2025-08-11 14:29:15 DEBUG [http-nio-8080-exec-5] r.d.c.service.utils.UserValidator - Validating employment status scoring data ScoringDataDto(amount=25000, term=8, firstName=Coul, lastName=Rust, middleName=Jackson, gender=FEMALE, birthdate=2003-01-01, passportSeries=1234, passportNumber=567890, passportIssueDate=2003-01-01, passportIssueBranch=MG Russia, maritalStatus=MARRIED, dependentAmount=20000, employment=EmploymentDto(employmentStatus=SELF_EMPLOYED, employerINN=123456789012, salary=60000, position=MANAGER, workExperienceTotal=20, workExperienceCurrent=10), accountNumber=12345678901234567000, isInsuranceEnabled=true, isSalaryClient=true)
2025-08-11 14:29:15 DEBUG [http-nio-8080-exec-5] r.d.c.service.utils.UserValidator - Calculated rate by 2 for SELF_EMPLOYED CreditDto(amount=25000, term=8, monthlyPayment=null, rate=22, psk=null, isInsuranceEnabled=true, isSalaryClient=true, paymentSchedule=null)
2025-08-11 14:29:15 DEBUG [http-nio-8080-exec-5] r.d.c.service.utils.UserValidator - Validated EmploymentStatus for creditCreditDto(amount=25000, term=8, monthlyPayment=null, rate=22, psk=null, isInsuranceEnabled=true, isSalaryClient=true, paymentSchedule=null)
2025-08-11 14:29:15 DEBUG [http-nio-8080-exec-5] r.d.c.service.utils.UserValidator - Employment position validating scoring data, ScoringDataDto(amount=25000, term=8, firstName=Coul, lastName=Rust, middleName=Jackson, gender=FEMALE, birthdate=2003-01-01, passportSeries=1234, passportNumber=567890, passportIssueDate=2003-01-01, passportIssueBranch=MG Russia, maritalStatus=MARRIED, dependentAmount=20000, employment=EmploymentDto(employmentStatus=SELF_EMPLOYED, employerINN=123456789012, salary=60000, position=MANAGER, workExperienceTotal=20, workExperienceCurrent=10), accountNumber=12345678901234567000, isInsuranceEnabled=true, isSalaryClient=true)
2025-08-11 14:29:15 DEBUG [http-nio-8080-exec-5] r.d.c.service.utils.UserValidator - Subtracted rate by 2 for MANAGER CreditDto(amount=25000, term=8, monthlyPayment=null, rate=20, psk=null, isInsuranceEnabled=true, isSalaryClient=true, paymentSchedule=null)
2025-08-11 14:29:15 DEBUG [http-nio-8080-exec-5] r.d.c.service.utils.UserValidator - Validated EmploymentPosition for creditCreditDto(amount=25000, term=8, monthlyPayment=null, rate=20, psk=null, isInsuranceEnabled=true, isSalaryClient=true, paymentSchedule=null)
2025-08-11 14:29:15 DEBUG [http-nio-8080-exec-5] r.d.c.service.utils.UserValidator - Validating loan amount scoring data, ScoringDataDto(amount=25000, term=8, firstName=Coul, lastName=Rust, middleName=Jackson, gender=FEMALE, birthdate=2003-01-01, passportSeries=1234, passportNumber=567890, passportIssueDate=2003-01-01, passportIssueBranch=MG Russia, maritalStatus=MARRIED, dependentAmount=20000, employment=EmploymentDto(employmentStatus=SELF_EMPLOYED, employerINN=123456789012, salary=60000, position=MANAGER, workExperienceTotal=20, workExperienceCurrent=10), accountNumber=12345678901234567000, isInsuranceEnabled=true, isSalaryClient=true)
2025-08-11 14:29:15 DEBUG [http-nio-8080-exec-5] r.d.c.service.utils.UserValidator - Validated loan amount for credit: ScoringDataDto(amount=25000, term=8, firstName=Coul, lastName=Rust, middleName=Jackson, gender=FEMALE, birthdate=2003-01-01, passportSeries=1234, passportNumber=567890, passportIssueDate=2003-01-01, passportIssueBranch=MG Russia, maritalStatus=MARRIED, dependentAmount=20000, employment=EmploymentDto(employmentStatus=SELF_EMPLOYED, employerINN=123456789012, salary=60000, position=MANAGER, workExperienceTotal=20, workExperienceCurrent=10), accountNumber=12345678901234567000, isInsuranceEnabled=true, isSalaryClient=true)
2025-08-11 14:29:15 DEBUG [http-nio-8080-exec-5] r.d.c.service.utils.UserValidator - Employment marital status validating ScoringDataDto(amount=25000, term=8, firstName=Coul, lastName=Rust, middleName=Jackson, gender=FEMALE, birthdate=2003-01-01, passportSeries=1234, passportNumber=567890, passportIssueDate=2003-01-01, passportIssueBranch=MG Russia, maritalStatus=MARRIED, dependentAmount=20000, employment=EmploymentDto(employmentStatus=SELF_EMPLOYED, employerINN=123456789012, salary=60000, position=MANAGER, workExperienceTotal=20, workExperienceCurrent=10), accountNumber=12345678901234567000, isInsuranceEnabled=true, isSalaryClient=true)
2025-08-11 14:29:15 DEBUG [http-nio-8080-exec-5] r.d.c.service.utils.UserValidator - Subtracted rate by 3 for MARRIED CreditDto(amount=25000, term=8, monthlyPayment=null, rate=17, psk=null, isInsuranceEnabled=true, isSalaryClient=true, paymentSchedule=null)
2025-08-11 14:29:15 DEBUG [http-nio-8080-exec-5] r.d.c.service.utils.UserValidator - Validated MaritalStatus for creditCreditDto(amount=25000, term=8, monthlyPayment=null, rate=17, psk=null, isInsuranceEnabled=true, isSalaryClient=true, paymentSchedule=null)
2025-08-11 14:29:15 DEBUG [http-nio-8080-exec-5] r.d.c.service.utils.UserValidator - Validating age scoring data, ScoringDataDto(amount=25000, term=8, firstName=Coul, lastName=Rust, middleName=Jackson, gender=FEMALE, birthdate=2003-01-01, passportSeries=1234, passportNumber=567890, passportIssueDate=2003-01-01, passportIssueBranch=MG Russia, maritalStatus=MARRIED, dependentAmount=20000, employment=EmploymentDto(employmentStatus=SELF_EMPLOYED, employerINN=123456789012, salary=60000, position=MANAGER, workExperienceTotal=20, workExperienceCurrent=10), accountNumber=12345678901234567000, isInsuranceEnabled=true, isSalaryClient=true)
2025-08-11 14:29:15 DEBUG [http-nio-8080-exec-5] r.d.c.service.utils.UserValidator - Validated age for credit22
2025-08-11 14:29:15 DEBUG [http-nio-8080-exec-5] r.d.c.service.utils.UserValidator - Validating gender scoring data, ScoringDataDto(amount=25000, term=8, firstName=Coul, lastName=Rust, middleName=Jackson, gender=FEMALE, birthdate=2003-01-01, passportSeries=1234, passportNumber=567890, passportIssueDate=2003-01-01, passportIssueBranch=MG Russia, maritalStatus=MARRIED, dependentAmount=20000, employment=EmploymentDto(employmentStatus=SELF_EMPLOYED, employerINN=123456789012, salary=60000, position=MANAGER, workExperienceTotal=20, workExperienceCurrent=10), accountNumber=12345678901234567000, isInsuranceEnabled=true, isSalaryClient=true)
2025-08-11 14:29:15 DEBUG [http-nio-8080-exec-5] r.d.c.service.utils.UserValidator - Validated Gender for creditCreditDto(amount=25000, term=8, monthlyPayment=null, rate=17, psk=null, isInsuranceEnabled=true, isSalaryClient=true, paymentSchedule=null)
2025-08-11 14:29:15 DEBUG [http-nio-8080-exec-5] r.d.c.service.utils.UserValidator - Validating work experience scoring data, ScoringDataDto(amount=25000, term=8, firstName=Coul, lastName=Rust, middleName=Jackson, gender=FEMALE, birthdate=2003-01-01, passportSeries=1234, passportNumber=567890, passportIssueDate=2003-01-01, passportIssueBranch=MG Russia, maritalStatus=MARRIED, dependentAmount=20000, employment=EmploymentDto(employmentStatus=SELF_EMPLOYED, employerINN=123456789012, salary=60000, position=MANAGER, workExperienceTotal=20, workExperienceCurrent=10), accountNumber=12345678901234567000, isInsuranceEnabled=true, isSalaryClient=true)
2025-08-11 14:29:15 DEBUG [http-nio-8080-exec-5] r.d.c.service.utils.UserValidator - Validated WorkExperience, ScoringDataDto(amount=25000, term=8, firstName=Coul, lastName=Rust, middleName=Jackson, gender=FEMALE, birthdate=2003-01-01, passportSeries=1234, passportNumber=567890, passportIssueDate=2003-01-01, passportIssueBranch=MG Russia, maritalStatus=MARRIED, dependentAmount=20000, employment=EmploymentDto(employmentStatus=SELF_EMPLOYED, employerINN=123456789012, salary=60000, position=MANAGER, workExperienceTotal=20, workExperienceCurrent=10), accountNumber=12345678901234567000, isInsuranceEnabled=true, isSalaryClient=true)
2025-08-11 14:29:15 DEBUG [http-nio-8080-exec-5] r.d.c.service.utils.UserValidator - Validated scoring data for creditCreditDto(amount=25000, term=8, monthlyPayment=null, rate=17, psk=null, isInsuranceEnabled=true, isSalaryClient=true, paymentSchedule=null)
2025-08-11 14:29:15 DEBUG [http-nio-8080-exec-5] r.d.c.s.LoanCalculatorComponent - Adjusting rate depending on settings: isInsuranceEnabled=true,  isSalaryClient=true
2025-08-11 14:29:15 DEBUG [http-nio-8080-exec-5] r.d.c.s.LoanCalculatorComponent - Calculating  rate by INSURANCE_DISCOUNT: rate=14
2025-08-11 14:29:15 DEBUG [http-nio-8080-exec-5] r.d.c.s.LoanCalculatorComponent - Calculating  rate by SALARY_CLIENT_DISCOUNT: rate=13
2025-08-11 14:29:15 DEBUG [http-nio-8080-exec-5] r.d.c.s.LoanCalculatorComponent - Calculated rate: rate=13
2025-08-11 14:29:15 DEBUG [http-nio-8080-exec-5] r.d.c.s.impl.CalcCreditServiceImpl - Calculated rate: 13
2025-08-11 14:29:15 DEBUG [http-nio-8080-exec-5] r.d.c.s.LoanCalculatorComponent - Calculating principal: amount=25000, isInsuranceEnabled=true
2025-08-11 14:29:15 DEBUG [http-nio-8080-exec-5] r.d.c.s.LoanCalculatorComponent - Increased amount: amount=125000
2025-08-11 14:29:15 DEBUG [http-nio-8080-exec-5] r.d.c.s.impl.CalcCreditServiceImpl - Calculated principal: 125000
2025-08-11 14:29:15 DEBUG [http-nio-8080-exec-5] r.d.c.s.LoanCalculatorComponent - Calculating annuity monthly payment: loanAmount=125000, rate=13, term=8
2025-08-11 14:29:15 DEBUG [http-nio-8080-exec-5] r.d.c.s.LoanCalculatorComponent - Calculated monthly payment: 16396.29
2025-08-11 14:29:15 DEBUG [http-nio-8080-exec-5] r.d.c.s.impl.CalcCreditServiceImpl - Calculated monthly payment: 16396.29
2025-08-11 14:29:15 DEBUG [http-nio-8080-exec-5] r.d.c.s.LoanCalculatorComponent - Calculating total amount: monthlyPayment=16396.29, term=8
2025-08-11 14:29:15 DEBUG [http-nio-8080-exec-5] r.d.c.s.LoanCalculatorComponent - Calculated total amount: totalAmount=131170.32
2025-08-11 14:29:15 DEBUG [http-nio-8080-exec-5] r.d.c.s.impl.CalcCreditServiceImpl - Calculated totalAmount: 131170.32
2025-08-11 14:29:15 DEBUG [http-nio-8080-exec-5] r.d.c.s.impl.CalcCreditServiceImpl - Calculating PSK by: principal=125000, monthlyPayment=131170.32, termMonths=8
2025-08-11 14:29:15 DEBUG [http-nio-8080-exec-5] r.d.c.s.impl.CalcCreditServiceImpl - Calculated PSK: 409500.00%
2025-08-11 14:29:15 DEBUG [http-nio-8080-exec-5] r.d.c.s.impl.CalcCreditServiceImpl - Calculating payment schedule for credit: CreditDto(amount=125000, term=8, monthlyPayment=16396.29, rate=13, psk=409500.00, isInsuranceEnabled=true, isSalaryClient=true, paymentSchedule=null)
2025-08-11 14:29:15 DEBUG [http-nio-8080-exec-5] r.d.c.s.impl.CalcCreditServiceImpl - Calculating interest payment: remainingDebt=125000, rate=13
2025-08-11 14:29:15 DEBUG [http-nio-8080-exec-5] r.d.c.s.impl.CalcCreditServiceImpl - Calculated interest payment: interest=1354.16
2025-08-11 14:29:15 DEBUG [http-nio-8080-exec-5] r.d.c.s.impl.CalcCreditServiceImpl - Calculating debt payment: totalPayment=16396.29, interestPayment=1354.16
2025-08-11 14:29:15 DEBUG [http-nio-8080-exec-5] r.d.c.s.impl.CalcCreditServiceImpl - Calculated debt payment: debtPayment=15042.13
2025-08-11 14:29:15 DEBUG [http-nio-8080-exec-5] r.d.c.s.impl.CalcCreditServiceImpl - Calculating remaining debt: remainingDebt=125000, debtPayment=15042.13
2025-08-11 14:29:15 DEBUG [http-nio-8080-exec-5] r.d.c.s.impl.CalcCreditServiceImpl - Calculated remaining debt: remainingDebt=109957.87
2025-08-11 14:29:15 DEBUG [http-nio-8080-exec-5] r.d.c.s.impl.CalcCreditServiceImpl - Month 1: interest=1354.16, debt=15042.13, remainingDebt=125000.00
2025-08-11 14:29:15 DEBUG [http-nio-8080-exec-5] r.d.c.s.impl.CalcCreditServiceImpl - Added schedule element: PaymentScheduleElementDto(number=1, date=2025-09-11, totalPayment=16396.29, interestPayment=1354.16, debtPayment=15042.13, remainingDebt=125000.00)
2025-08-11 14:29:15 DEBUG [http-nio-8080-exec-5] r.d.c.s.impl.CalcCreditServiceImpl - Calculating interest payment: remainingDebt=125000, rate=13
2025-08-11 14:29:15 DEBUG [http-nio-8080-exec-5] r.d.c.s.impl.CalcCreditServiceImpl - Calculated interest payment: interest=1354.16
2025-08-11 14:29:15 DEBUG [http-nio-8080-exec-5] r.d.c.s.impl.CalcCreditServiceImpl - Calculating debt payment: totalPayment=16396.29, interestPayment=1354.16
2025-08-11 14:29:15 DEBUG [http-nio-8080-exec-5] r.d.c.s.impl.CalcCreditServiceImpl - Calculated debt payment: debtPayment=15042.13
2025-08-11 14:29:15 DEBUG [http-nio-8080-exec-5] r.d.c.s.impl.CalcCreditServiceImpl - Calculating remaining debt: remainingDebt=125000, debtPayment=15042.13
2025-08-11 14:29:15 DEBUG [http-nio-8080-exec-5] r.d.c.s.impl.CalcCreditServiceImpl - Calculated remaining debt: remainingDebt=109957.87
2025-08-11 14:29:15 DEBUG [http-nio-8080-exec-5] r.d.c.s.impl.CalcCreditServiceImpl - Month 2: interest=1354.16, debt=15042.13, remainingDebt=125000.00
2025-08-11 14:29:15 DEBUG [http-nio-8080-exec-5] r.d.c.s.impl.CalcCreditServiceImpl - Added schedule element: PaymentScheduleElementDto(number=2, date=2025-10-11, totalPayment=16396.29, interestPayment=1354.16, debtPayment=15042.13, remainingDebt=125000.00)
2025-08-11 14:29:15 DEBUG [http-nio-8080-exec-5] r.d.c.s.impl.CalcCreditServiceImpl - Calculating interest payment: remainingDebt=125000, rate=13
2025-08-11 14:29:15 DEBUG [http-nio-8080-exec-5] r.d.c.s.impl.CalcCreditServiceImpl - Calculated interest payment: interest=1354.16
2025-08-11 14:29:15 DEBUG [http-nio-8080-exec-5] r.d.c.s.impl.CalcCreditServiceImpl - Calculating debt payment: totalPayment=16396.29, interestPayment=1354.16
2025-08-11 14:29:15 DEBUG [http-nio-8080-exec-5] r.d.c.s.impl.CalcCreditServiceImpl - Calculated debt payment: debtPayment=15042.13
2025-08-11 14:29:15 DEBUG [http-nio-8080-exec-5] r.d.c.s.impl.CalcCreditServiceImpl - Calculating remaining debt: remainingDebt=125000, debtPayment=15042.13
2025-08-11 14:29:15 DEBUG [http-nio-8080-exec-5] r.d.c.s.impl.CalcCreditServiceImpl - Calculated remaining debt: remainingDebt=109957.87
2025-08-11 14:29:15 DEBUG [http-nio-8080-exec-5] r.d.c.s.impl.CalcCreditServiceImpl - Month 3: interest=1354.16, debt=15042.13, remainingDebt=125000.00
2025-08-11 14:29:15 DEBUG [http-nio-8080-exec-5] r.d.c.s.impl.CalcCreditServiceImpl - Added schedule element: PaymentScheduleElementDto(number=3, date=2025-11-11, totalPayment=16396.29, interestPayment=1354.16, debtPayment=15042.13, remainingDebt=125000.00)
2025-08-11 14:29:15 DEBUG [http-nio-8080-exec-5] r.d.c.s.impl.CalcCreditServiceImpl - Calculating interest payment: remainingDebt=125000, rate=13
2025-08-11 14:29:15 DEBUG [http-nio-8080-exec-5] r.d.c.s.impl.CalcCreditServiceImpl - Calculated interest payment: interest=1354.16
2025-08-11 14:29:15 DEBUG [http-nio-8080-exec-5] r.d.c.s.impl.CalcCreditServiceImpl - Calculating debt payment: totalPayment=16396.29, interestPayment=1354.16
2025-08-11 14:29:15 DEBUG [http-nio-8080-exec-5] r.d.c.s.impl.CalcCreditServiceImpl - Calculated debt payment: debtPayment=15042.13
2025-08-11 14:29:15 DEBUG [http-nio-8080-exec-5] r.d.c.s.impl.CalcCreditServiceImpl - Calculating remaining debt: remainingDebt=125000, debtPayment=15042.13
2025-08-11 14:29:15 DEBUG [http-nio-8080-exec-5] r.d.c.s.impl.CalcCreditServiceImpl - Calculated remaining debt: remainingDebt=109957.87
2025-08-11 14:29:15 DEBUG [http-nio-8080-exec-5] r.d.c.s.impl.CalcCreditServiceImpl - Month 4: interest=1354.16, debt=15042.13, remainingDebt=125000.00
2025-08-11 14:29:15 DEBUG [http-nio-8080-exec-5] r.d.c.s.impl.CalcCreditServiceImpl - Added schedule element: PaymentScheduleElementDto(number=4, date=2025-12-11, totalPayment=16396.29, interestPayment=1354.16, debtPayment=15042.13, remainingDebt=125000.00)
2025-08-11 14:29:15 DEBUG [http-nio-8080-exec-5] r.d.c.s.impl.CalcCreditServiceImpl - Calculating interest payment: remainingDebt=125000, rate=13
2025-08-11 14:29:15 DEBUG [http-nio-8080-exec-5] r.d.c.s.impl.CalcCreditServiceImpl - Calculated interest payment: interest=1354.16
2025-08-11 14:29:15 DEBUG [http-nio-8080-exec-5] r.d.c.s.impl.CalcCreditServiceImpl - Calculating debt payment: totalPayment=16396.29, interestPayment=1354.16
2025-08-11 14:29:15 DEBUG [http-nio-8080-exec-5] r.d.c.s.impl.CalcCreditServiceImpl - Calculated debt payment: debtPayment=15042.13
2025-08-11 14:29:15 DEBUG [http-nio-8080-exec-5] r.d.c.s.impl.CalcCreditServiceImpl - Calculating remaining debt: remainingDebt=125000, debtPayment=15042.13
2025-08-11 14:29:15 DEBUG [http-nio-8080-exec-5] r.d.c.s.impl.CalcCreditServiceImpl - Calculated remaining debt: remainingDebt=109957.87
2025-08-11 14:29:15 DEBUG [http-nio-8080-exec-5] r.d.c.s.impl.CalcCreditServiceImpl - Month 5: interest=1354.16, debt=15042.13, remainingDebt=125000.00
2025-08-11 14:29:15 DEBUG [http-nio-8080-exec-5] r.d.c.s.impl.CalcCreditServiceImpl - Added schedule element: PaymentScheduleElementDto(number=5, date=2026-01-11, totalPayment=16396.29, interestPayment=1354.16, debtPayment=15042.13, remainingDebt=125000.00)
2025-08-11 14:29:15 DEBUG [http-nio-8080-exec-5] r.d.c.s.impl.CalcCreditServiceImpl - Calculating interest payment: remainingDebt=125000, rate=13
2025-08-11 14:29:15 DEBUG [http-nio-8080-exec-5] r.d.c.s.impl.CalcCreditServiceImpl - Calculated interest payment: interest=1354.16
2025-08-11 14:29:15 DEBUG [http-nio-8080-exec-5] r.d.c.s.impl.CalcCreditServiceImpl - Calculating debt payment: totalPayment=16396.29, interestPayment=1354.16
2025-08-11 14:29:15 DEBUG [http-nio-8080-exec-5] r.d.c.s.impl.CalcCreditServiceImpl - Calculated debt payment: debtPayment=15042.13
2025-08-11 14:29:15 DEBUG [http-nio-8080-exec-5] r.d.c.s.impl.CalcCreditServiceImpl - Calculating remaining debt: remainingDebt=125000, debtPayment=15042.13
2025-08-11 14:29:15 DEBUG [http-nio-8080-exec-5] r.d.c.s.impl.CalcCreditServiceImpl - Calculated remaining debt: remainingDebt=109957.87
2025-08-11 14:29:15 DEBUG [http-nio-8080-exec-5] r.d.c.s.impl.CalcCreditServiceImpl - Month 6: interest=1354.16, debt=15042.13, remainingDebt=125000.00
2025-08-11 14:29:15 DEBUG [http-nio-8080-exec-5] r.d.c.s.impl.CalcCreditServiceImpl - Added schedule element: PaymentScheduleElementDto(number=6, date=2026-02-11, totalPayment=16396.29, interestPayment=1354.16, debtPayment=15042.13, remainingDebt=125000.00)
2025-08-11 14:29:15 DEBUG [http-nio-8080-exec-5] r.d.c.s.impl.CalcCreditServiceImpl - Calculating interest payment: remainingDebt=125000, rate=13
2025-08-11 14:29:15 DEBUG [http-nio-8080-exec-5] r.d.c.s.impl.CalcCreditServiceImpl - Calculated interest payment: interest=1354.16
2025-08-11 14:29:15 DEBUG [http-nio-8080-exec-5] r.d.c.s.impl.CalcCreditServiceImpl - Calculating debt payment: totalPayment=16396.29, interestPayment=1354.16
2025-08-11 14:29:15 DEBUG [http-nio-8080-exec-5] r.d.c.s.impl.CalcCreditServiceImpl - Calculated debt payment: debtPayment=15042.13
2025-08-11 14:29:15 DEBUG [http-nio-8080-exec-5] r.d.c.s.impl.CalcCreditServiceImpl - Calculating remaining debt: remainingDebt=125000, debtPayment=15042.13
2025-08-11 14:29:15 DEBUG [http-nio-8080-exec-5] r.d.c.s.impl.CalcCreditServiceImpl - Calculated remaining debt: remainingDebt=109957.87
2025-08-11 14:29:15 DEBUG [http-nio-8080-exec-5] r.d.c.s.impl.CalcCreditServiceImpl - Month 7: interest=1354.16, debt=15042.13, remainingDebt=125000.00
2025-08-11 14:29:15 DEBUG [http-nio-8080-exec-5] r.d.c.s.impl.CalcCreditServiceImpl - Added schedule element: PaymentScheduleElementDto(number=7, date=2026-03-11, totalPayment=16396.29, interestPayment=1354.16, debtPayment=15042.13, remainingDebt=125000.00)
2025-08-11 14:29:15 DEBUG [http-nio-8080-exec-5] r.d.c.s.impl.CalcCreditServiceImpl - Calculating interest payment: remainingDebt=125000, rate=13
2025-08-11 14:29:15 DEBUG [http-nio-8080-exec-5] r.d.c.s.impl.CalcCreditServiceImpl - Calculated interest payment: interest=1354.16
2025-08-11 14:29:15 DEBUG [http-nio-8080-exec-5] r.d.c.s.impl.CalcCreditServiceImpl - Calculating debt payment: totalPayment=16396.29, interestPayment=1354.16
2025-08-11 14:29:15 DEBUG [http-nio-8080-exec-5] r.d.c.s.impl.CalcCreditServiceImpl - Calculated debt payment: debtPayment=15042.13
2025-08-11 14:29:15 DEBUG [http-nio-8080-exec-5] r.d.c.s.impl.CalcCreditServiceImpl - Calculating remaining debt: remainingDebt=125000, debtPayment=15042.13
2025-08-11 14:29:15 DEBUG [http-nio-8080-exec-5] r.d.c.s.impl.CalcCreditServiceImpl - Calculated remaining debt: remainingDebt=109957.87
2025-08-11 14:29:15 DEBUG [http-nio-8080-exec-5] r.d.c.s.impl.CalcCreditServiceImpl - Month 8: interest=1354.16, debt=15042.13, remainingDebt=125000.00
2025-08-11 14:29:15 DEBUG [http-nio-8080-exec-5] r.d.c.s.impl.CalcCreditServiceImpl - Total payment by element: 141396.29
2025-08-11 14:29:15 DEBUG [http-nio-8080-exec-5] r.d.c.s.impl.CalcCreditServiceImpl - Added schedule element: PaymentScheduleElementDto(number=8, date=2026-04-11, totalPayment=141396.29, interestPayment=1354.16, debtPayment=15042.13, remainingDebt=0.00)
2025-08-11 14:29:15 DEBUG [http-nio-8080-exec-5] r.d.c.s.impl.CalcCreditServiceImpl - Calculated payment schedule for credit: [PaymentScheduleElementDto(number=1, date=2025-09-11, totalPayment=16396.29, interestPayment=1354.16, debtPayment=15042.13, remainingDebt=125000.00), PaymentScheduleElementDto(number=2, date=2025-10-11, totalPayment=16396.29, interestPayment=1354.16, debtPayment=15042.13, remainingDebt=125000.00), PaymentScheduleElementDto(number=3, date=2025-11-11, totalPayment=16396.29, interestPayment=1354.16, debtPayment=15042.13, remainingDebt=125000.00), PaymentScheduleElementDto(number=4, date=2025-12-11, totalPayment=16396.29, interestPayment=1354.16, debtPayment=15042.13, remainingDebt=125000.00), PaymentScheduleElementDto(number=5, date=2026-01-11, totalPayment=16396.29, interestPayment=1354.16, debtPayment=15042.13, remainingDebt=125000.00), PaymentScheduleElementDto(number=6, date=2026-02-11, totalPayment=16396.29, interestPayment=1354.16, debtPayment=15042.13, remainingDebt=125000.00), PaymentScheduleElementDto(number=7, date=2026-03-11, totalPayment=16396.29, interestPayment=1354.16, debtPayment=15042.13, remainingDebt=125000.00), PaymentScheduleElementDto(number=8, date=2026-04-11, totalPayment=141396.29, interestPayment=1354.16, debtPayment=15042.13, remainingDebt=0.00)]
2025-08-11 14:29:15 DEBUG [http-nio-8080-exec-5] r.d.c.s.impl.CalcCreditServiceImpl - Credit dto created CreditDto(amount=125000, term=8, monthlyPayment=16396.29, rate=13, psk=409500.00, isInsuranceEnabled=true, isSalaryClient=true, paymentSchedule=[PaymentScheduleElementDto(number=1, date=2025-09-11, totalPayment=16396.29, interestPayment=1354.16, debtPayment=15042.13, remainingDebt=125000.00), PaymentScheduleElementDto(number=2, date=2025-10-11, totalPayment=16396.29, interestPayment=1354.16, debtPayment=15042.13, remainingDebt=125000.00), PaymentScheduleElementDto(number=3, date=2025-11-11, totalPayment=16396.29, interestPayment=1354.16, debtPayment=15042.13, remainingDebt=125000.00), PaymentScheduleElementDto(number=4, date=2025-12-11, totalPayment=16396.29, interestPayment=1354.16, debtPayment=15042.13, remainingDebt=125000.00), PaymentScheduleElementDto(number=5, date=2026-01-11, totalPayment=16396.29, interestPayment=1354.16, debtPayment=15042.13, remainingDebt=125000.00), PaymentScheduleElementDto(number=6, date=2026-02-11, totalPayment=16396.29, interestPayment=1354.16, debtPayment=15042.13, remainingDebt=125000.00), PaymentScheduleElementDto(number=7, date=2026-03-11, totalPayment=16396.29, interestPayment=1354.16, debtPayment=15042.13, remainingDebt=125000.00), PaymentScheduleElementDto(number=8, date=2026-04-11, totalPayment=141396.29, interestPayment=1354.16, debtPayment=15042.13, remainingDebt=0.00)])
2025-08-11 14:29:15 DEBUG [http-nio-8080-exec-5] r.d.c.s.impl.CalcCreditServiceImpl - Calculated credit CreditDto(amount=125000, term=8, monthlyPayment=16396.29, rate=13, psk=409500.00, isInsuranceEnabled=true, isSalaryClient=true, paymentSchedule=[PaymentScheduleElementDto(number=1, date=2025-09-11, totalPayment=16396.29, interestPayment=1354.16, debtPayment=15042.13, remainingDebt=125000.00), PaymentScheduleElementDto(number=2, date=2025-10-11, totalPayment=16396.29, interestPayment=1354.16, debtPayment=15042.13, remainingDebt=125000.00), PaymentScheduleElementDto(number=3, date=2025-11-11, totalPayment=16396.29, interestPayment=1354.16, debtPayment=15042.13, remainingDebt=125000.00), PaymentScheduleElementDto(number=4, date=2025-12-11, totalPayment=16396.29, interestPayment=1354.16, debtPayment=15042.13, remainingDebt=125000.00), PaymentScheduleElementDto(number=5, date=2026-01-11, totalPayment=16396.29, interestPayment=1354.16, debtPayment=15042.13, remainingDebt=125000.00), PaymentScheduleElementDto(number=6, date=2026-02-11, totalPayment=16396.29, interestPayment=1354.16, debtPayment=15042.13, remainingDebt=125000.00), PaymentScheduleElementDto(number=7, date=2026-03-11, totalPayment=16396.29, interestPayment=1354.16, debtPayment=15042.13, remainingDebt=125000.00), PaymentScheduleElementDto(number=8, date=2026-04-11, totalPayment=141396.29, interestPayment=1354.16, debtPayment=15042.13, remainingDebt=0.00)])
2025-08-11 14:29:15 INFO  [http-nio-8080-exec-5] r.d.c.c.CalculatorController - Response for credit creation request: <200 OK OK,CreditDto(amount=125000, term=8, monthlyPayment=16396.29, rate=13, psk=409500.00, isInsuranceEnabled=true, isSalaryClient=true, paymentSchedule=[PaymentScheduleElementDto(number=1, date=2025-09-11, totalPayment=16396.29, interestPayment=1354.16, debtPayment=15042.13, remainingDebt=125000.00), PaymentScheduleElementDto(number=2, date=2025-10-11, totalPayment=16396.29, interestPayment=1354.16, debtPayment=15042.13, remainingDebt=125000.00), PaymentScheduleElementDto(number=3, date=2025-11-11, totalPayment=16396.29, interestPayment=1354.16, debtPayment=15042.13, remainingDebt=125000.00), PaymentScheduleElementDto(number=4, date=2025-12-11, totalPayment=16396.29, interestPayment=1354.16, debtPayment=15042.13, remainingDebt=125000.00), PaymentScheduleElementDto(number=5, date=2026-01-11, totalPayment=16396.29, interestPayment=1354.16, debtPayment=15042.13, remainingDebt=125000.00), PaymentScheduleElementDto(number=6, date=2026-02-11, totalPayment=16396.29, interestPayment=1354.16, debtPayment=15042.13, remainingDebt=125000.00), PaymentScheduleElementDto(number=7, date=2026-03-11, totalPayment=16396.29, interestPayment=1354.16, debtPayment=15042.13, remainingDebt=125000.00), PaymentScheduleElementDto(number=8, date=2026-04-11, totalPayment=141396.29, interestPayment=1354.16, debtPayment=15042.13, remainingDebt=0.00)]),[]>
2025-08-11 14:29:47 INFO  [http-nio-8080-exec-4] r.d.c.c.CalculatorController - Received credit creation request: ScoringDataDto(amount=25000, term=8, firstName=Coul, lastName=Rust, middleName=Jackson, gender=FEMALE, birthdate=2003-01-01, passportSeries=1234, passportNumber=567890, passportIssueDate=2003-01-01, passportIssueBranch=MG Russia, maritalStatus=MARRIED, dependentAmount=20000, employment=EmploymentDto(employmentStatus=SELF_EMPLOYED, employerINN=123456789012, salary=60000, position=MANAGER, workExperienceTotal=8, workExperienceCurrent=4), accountNumber=12345678901234567000, isInsuranceEnabled=true, isSalaryClient=true)
2025-08-11 14:29:47 DEBUG [http-nio-8080-exec-4] r.d.c.s.impl.CalcCreditServiceImpl - Calculating credit ScoringDataDto(amount=25000, term=8, firstName=Coul, lastName=Rust, middleName=Jackson, gender=FEMALE, birthdate=2003-01-01, passportSeries=1234, passportNumber=567890, passportIssueDate=2003-01-01, passportIssueBranch=MG Russia, maritalStatus=MARRIED, dependentAmount=20000, employment=EmploymentDto(employmentStatus=SELF_EMPLOYED, employerINN=123456789012, salary=60000, position=MANAGER, workExperienceTotal=8, workExperienceCurrent=4), accountNumber=12345678901234567000, isInsuranceEnabled=true, isSalaryClient=true)
2025-08-11 14:29:47 DEBUG [http-nio-8080-exec-4] r.d.c.s.impl.CalcCreditServiceImpl - Creating credit ScoringDataDto(amount=25000, term=8, firstName=Coul, lastName=Rust, middleName=Jackson, gender=FEMALE, birthdate=2003-01-01, passportSeries=1234, passportNumber=567890, passportIssueDate=2003-01-01, passportIssueBranch=MG Russia, maritalStatus=MARRIED, dependentAmount=20000, employment=EmploymentDto(employmentStatus=SELF_EMPLOYED, employerINN=123456789012, salary=60000, position=MANAGER, workExperienceTotal=8, workExperienceCurrent=4), accountNumber=12345678901234567000, isInsuranceEnabled=true, isSalaryClient=true)
2025-08-11 14:29:47 DEBUG [http-nio-8080-exec-4] r.d.c.s.impl.CalcCreditServiceImpl - Validating scoring data ScoringDataDto(amount=25000, term=8, firstName=Coul, lastName=Rust, middleName=Jackson, gender=FEMALE, birthdate=2003-01-01, passportSeries=1234, passportNumber=567890, passportIssueDate=2003-01-01, passportIssueBranch=MG Russia, maritalStatus=MARRIED, dependentAmount=20000, employment=EmploymentDto(employmentStatus=SELF_EMPLOYED, employerINN=123456789012, salary=60000, position=MANAGER, workExperienceTotal=8, workExperienceCurrent=4), accountNumber=12345678901234567000, isInsuranceEnabled=true, isSalaryClient=true)
2025-08-11 14:29:47 DEBUG [http-nio-8080-exec-4] r.d.c.service.utils.UserValidator - Validating scoring data ScoringDataDto(amount=25000, term=8, firstName=Coul, lastName=Rust, middleName=Jackson, gender=FEMALE, birthdate=2003-01-01, passportSeries=1234, passportNumber=567890, passportIssueDate=2003-01-01, passportIssueBranch=MG Russia, maritalStatus=MARRIED, dependentAmount=20000, employment=EmploymentDto(employmentStatus=SELF_EMPLOYED, employerINN=123456789012, salary=60000, position=MANAGER, workExperienceTotal=8, workExperienceCurrent=4), accountNumber=12345678901234567000, isInsuranceEnabled=true, isSalaryClient=true)
2025-08-11 14:29:47 DEBUG [http-nio-8080-exec-4] r.d.c.service.utils.UserValidator - Validating employment status scoring data ScoringDataDto(amount=25000, term=8, firstName=Coul, lastName=Rust, middleName=Jackson, gender=FEMALE, birthdate=2003-01-01, passportSeries=1234, passportNumber=567890, passportIssueDate=2003-01-01, passportIssueBranch=MG Russia, maritalStatus=MARRIED, dependentAmount=20000, employment=EmploymentDto(employmentStatus=SELF_EMPLOYED, employerINN=123456789012, salary=60000, position=MANAGER, workExperienceTotal=8, workExperienceCurrent=4), accountNumber=12345678901234567000, isInsuranceEnabled=true, isSalaryClient=true)
2025-08-11 14:29:47 DEBUG [http-nio-8080-exec-4] r.d.c.service.utils.UserValidator - Calculated rate by 2 for SELF_EMPLOYED CreditDto(amount=25000, term=8, monthlyPayment=null, rate=22, psk=null, isInsuranceEnabled=true, isSalaryClient=true, paymentSchedule=null)
2025-08-11 14:29:47 DEBUG [http-nio-8080-exec-4] r.d.c.service.utils.UserValidator - Validated EmploymentStatus for creditCreditDto(amount=25000, term=8, monthlyPayment=null, rate=22, psk=null, isInsuranceEnabled=true, isSalaryClient=true, paymentSchedule=null)
2025-08-11 14:29:47 DEBUG [http-nio-8080-exec-4] r.d.c.service.utils.UserValidator - Employment position validating scoring data, ScoringDataDto(amount=25000, term=8, firstName=Coul, lastName=Rust, middleName=Jackson, gender=FEMALE, birthdate=2003-01-01, passportSeries=1234, passportNumber=567890, passportIssueDate=2003-01-01, passportIssueBranch=MG Russia, maritalStatus=MARRIED, dependentAmount=20000, employment=EmploymentDto(employmentStatus=SELF_EMPLOYED, employerINN=123456789012, salary=60000, position=MANAGER, workExperienceTotal=8, workExperienceCurrent=4), accountNumber=12345678901234567000, isInsuranceEnabled=true, isSalaryClient=true)
2025-08-11 14:29:47 DEBUG [http-nio-8080-exec-4] r.d.c.service.utils.UserValidator - Subtracted rate by 2 for MANAGER CreditDto(amount=25000, term=8, monthlyPayment=null, rate=20, psk=null, isInsuranceEnabled=true, isSalaryClient=true, paymentSchedule=null)
2025-08-11 14:29:47 DEBUG [http-nio-8080-exec-4] r.d.c.service.utils.UserValidator - Validated EmploymentPosition for creditCreditDto(amount=25000, term=8, monthlyPayment=null, rate=20, psk=null, isInsuranceEnabled=true, isSalaryClient=true, paymentSchedule=null)
2025-08-11 14:29:47 DEBUG [http-nio-8080-exec-4] r.d.c.service.utils.UserValidator - Validating loan amount scoring data, ScoringDataDto(amount=25000, term=8, firstName=Coul, lastName=Rust, middleName=Jackson, gender=FEMALE, birthdate=2003-01-01, passportSeries=1234, passportNumber=567890, passportIssueDate=2003-01-01, passportIssueBranch=MG Russia, maritalStatus=MARRIED, dependentAmount=20000, employment=EmploymentDto(employmentStatus=SELF_EMPLOYED, employerINN=123456789012, salary=60000, position=MANAGER, workExperienceTotal=8, workExperienceCurrent=4), accountNumber=12345678901234567000, isInsuranceEnabled=true, isSalaryClient=true)
2025-08-11 14:29:47 DEBUG [http-nio-8080-exec-4] r.d.c.service.utils.UserValidator - Validated loan amount for credit: ScoringDataDto(amount=25000, term=8, firstName=Coul, lastName=Rust, middleName=Jackson, gender=FEMALE, birthdate=2003-01-01, passportSeries=1234, passportNumber=567890, passportIssueDate=2003-01-01, passportIssueBranch=MG Russia, maritalStatus=MARRIED, dependentAmount=20000, employment=EmploymentDto(employmentStatus=SELF_EMPLOYED, employerINN=123456789012, salary=60000, position=MANAGER, workExperienceTotal=8, workExperienceCurrent=4), accountNumber=12345678901234567000, isInsuranceEnabled=true, isSalaryClient=true)
2025-08-11 14:29:47 DEBUG [http-nio-8080-exec-4] r.d.c.service.utils.UserValidator - Employment marital status validating ScoringDataDto(amount=25000, term=8, firstName=Coul, lastName=Rust, middleName=Jackson, gender=FEMALE, birthdate=2003-01-01, passportSeries=1234, passportNumber=567890, passportIssueDate=2003-01-01, passportIssueBranch=MG Russia, maritalStatus=MARRIED, dependentAmount=20000, employment=EmploymentDto(employmentStatus=SELF_EMPLOYED, employerINN=123456789012, salary=60000, position=MANAGER, workExperienceTotal=8, workExperienceCurrent=4), accountNumber=12345678901234567000, isInsuranceEnabled=true, isSalaryClient=true)
2025-08-11 14:29:47 DEBUG [http-nio-8080-exec-4] r.d.c.service.utils.UserValidator - Subtracted rate by 3 for MARRIED CreditDto(amount=25000, term=8, monthlyPayment=null, rate=17, psk=null, isInsuranceEnabled=true, isSalaryClient=true, paymentSchedule=null)
2025-08-11 14:29:47 DEBUG [http-nio-8080-exec-4] r.d.c.service.utils.UserValidator - Validated MaritalStatus for creditCreditDto(amount=25000, term=8, monthlyPayment=null, rate=17, psk=null, isInsuranceEnabled=true, isSalaryClient=true, paymentSchedule=null)
2025-08-11 14:29:47 DEBUG [http-nio-8080-exec-4] r.d.c.service.utils.UserValidator - Validating age scoring data, ScoringDataDto(amount=25000, term=8, firstName=Coul, lastName=Rust, middleName=Jackson, gender=FEMALE, birthdate=2003-01-01, passportSeries=1234, passportNumber=567890, passportIssueDate=2003-01-01, passportIssueBranch=MG Russia, maritalStatus=MARRIED, dependentAmount=20000, employment=EmploymentDto(employmentStatus=SELF_EMPLOYED, employerINN=123456789012, salary=60000, position=MANAGER, workExperienceTotal=8, workExperienceCurrent=4), accountNumber=12345678901234567000, isInsuranceEnabled=true, isSalaryClient=true)
2025-08-11 14:29:47 DEBUG [http-nio-8080-exec-4] r.d.c.service.utils.UserValidator - Validated age for credit22
2025-08-11 14:29:47 DEBUG [http-nio-8080-exec-4] r.d.c.service.utils.UserValidator - Validating gender scoring data, ScoringDataDto(amount=25000, term=8, firstName=Coul, lastName=Rust, middleName=Jackson, gender=FEMALE, birthdate=2003-01-01, passportSeries=1234, passportNumber=567890, passportIssueDate=2003-01-01, passportIssueBranch=MG Russia, maritalStatus=MARRIED, dependentAmount=20000, employment=EmploymentDto(employmentStatus=SELF_EMPLOYED, employerINN=123456789012, salary=60000, position=MANAGER, workExperienceTotal=8, workExperienceCurrent=4), accountNumber=12345678901234567000, isInsuranceEnabled=true, isSalaryClient=true)
2025-08-11 14:29:47 DEBUG [http-nio-8080-exec-4] r.d.c.service.utils.UserValidator - Validated Gender for creditCreditDto(amount=25000, term=8, monthlyPayment=null, rate=17, psk=null, isInsuranceEnabled=true, isSalaryClient=true, paymentSchedule=null)
2025-08-11 14:29:47 DEBUG [http-nio-8080-exec-4] r.d.c.service.utils.UserValidator - Validating work experience scoring data, ScoringDataDto(amount=25000, term=8, firstName=Coul, lastName=Rust, middleName=Jackson, gender=FEMALE, birthdate=2003-01-01, passportSeries=1234, passportNumber=567890, passportIssueDate=2003-01-01, passportIssueBranch=MG Russia, maritalStatus=MARRIED, dependentAmount=20000, employment=EmploymentDto(employmentStatus=SELF_EMPLOYED, employerINN=123456789012, salary=60000, position=MANAGER, workExperienceTotal=8, workExperienceCurrent=4), accountNumber=12345678901234567000, isInsuranceEnabled=true, isSalaryClient=true)
2025-08-11 14:29:47 WARN  [http-nio-8080-exec-4] r.d.c.service.utils.UserValidator - Credit refused due to total work experience: 8
2025-08-11 14:30:12 INFO  [http-nio-8080-exec-7] r.d.c.c.CalculatorController - Received credit creation request: ScoringDataDto(amount=25000, term=8, firstName=Coul, lastName=Rust, middleName=Jackson, gender=FEMALE, birthdate=2003-01-01, passportSeries=1234, passportNumber=567890, passportIssueDate=2003-01-01, passportIssueBranch=MG Russia, maritalStatus=MARRIED, dependentAmount=20000, employment=EmploymentDto(employmentStatus=SELF_EMPLOYED, employerINN=123456789012, salary=60, position=MANAGER, workExperienceTotal=20, workExperienceCurrent=10), accountNumber=12345678901234567000, isInsuranceEnabled=true, isSalaryClient=true)
2025-08-11 14:30:12 DEBUG [http-nio-8080-exec-7] r.d.c.s.impl.CalcCreditServiceImpl - Calculating credit ScoringDataDto(amount=25000, term=8, firstName=Coul, lastName=Rust, middleName=Jackson, gender=FEMALE, birthdate=2003-01-01, passportSeries=1234, passportNumber=567890, passportIssueDate=2003-01-01, passportIssueBranch=MG Russia, maritalStatus=MARRIED, dependentAmount=20000, employment=EmploymentDto(employmentStatus=SELF_EMPLOYED, employerINN=123456789012, salary=60, position=MANAGER, workExperienceTotal=20, workExperienceCurrent=10), accountNumber=12345678901234567000, isInsuranceEnabled=true, isSalaryClient=true)
2025-08-11 14:30:12 DEBUG [http-nio-8080-exec-7] r.d.c.s.impl.CalcCreditServiceImpl - Creating credit ScoringDataDto(amount=25000, term=8, firstName=Coul, lastName=Rust, middleName=Jackson, gender=FEMALE, birthdate=2003-01-01, passportSeries=1234, passportNumber=567890, passportIssueDate=2003-01-01, passportIssueBranch=MG Russia, maritalStatus=MARRIED, dependentAmount=20000, employment=EmploymentDto(employmentStatus=SELF_EMPLOYED, employerINN=123456789012, salary=60, position=MANAGER, workExperienceTotal=20, workExperienceCurrent=10), accountNumber=12345678901234567000, isInsuranceEnabled=true, isSalaryClient=true)
2025-08-11 14:30:12 DEBUG [http-nio-8080-exec-7] r.d.c.s.impl.CalcCreditServiceImpl - Validating scoring data ScoringDataDto(amount=25000, term=8, firstName=Coul, lastName=Rust, middleName=Jackson, gender=FEMALE, birthdate=2003-01-01, passportSeries=1234, passportNumber=567890, passportIssueDate=2003-01-01, passportIssueBranch=MG Russia, maritalStatus=MARRIED, dependentAmount=20000, employment=EmploymentDto(employmentStatus=SELF_EMPLOYED, employerINN=123456789012, salary=60, position=MANAGER, workExperienceTotal=20, workExperienceCurrent=10), accountNumber=12345678901234567000, isInsuranceEnabled=true, isSalaryClient=true)
2025-08-11 14:30:12 DEBUG [http-nio-8080-exec-7] r.d.c.service.utils.UserValidator - Validating scoring data ScoringDataDto(amount=25000, term=8, firstName=Coul, lastName=Rust, middleName=Jackson, gender=FEMALE, birthdate=2003-01-01, passportSeries=1234, passportNumber=567890, passportIssueDate=2003-01-01, passportIssueBranch=MG Russia, maritalStatus=MARRIED, dependentAmount=20000, employment=EmploymentDto(employmentStatus=SELF_EMPLOYED, employerINN=123456789012, salary=60, position=MANAGER, workExperienceTotal=20, workExperienceCurrent=10), accountNumber=12345678901234567000, isInsuranceEnabled=true, isSalaryClient=true)
2025-08-11 14:30:12 DEBUG [http-nio-8080-exec-7] r.d.c.service.utils.UserValidator - Validating employment status scoring data ScoringDataDto(amount=25000, term=8, firstName=Coul, lastName=Rust, middleName=Jackson, gender=FEMALE, birthdate=2003-01-01, passportSeries=1234, passportNumber=567890, passportIssueDate=2003-01-01, passportIssueBranch=MG Russia, maritalStatus=MARRIED, dependentAmount=20000, employment=EmploymentDto(employmentStatus=SELF_EMPLOYED, employerINN=123456789012, salary=60, position=MANAGER, workExperienceTotal=20, workExperienceCurrent=10), accountNumber=12345678901234567000, isInsuranceEnabled=true, isSalaryClient=true)
2025-08-11 14:30:12 DEBUG [http-nio-8080-exec-7] r.d.c.service.utils.UserValidator - Calculated rate by 2 for SELF_EMPLOYED CreditDto(amount=25000, term=8, monthlyPayment=null, rate=22, psk=null, isInsuranceEnabled=true, isSalaryClient=true, paymentSchedule=null)
2025-08-11 14:30:12 DEBUG [http-nio-8080-exec-7] r.d.c.service.utils.UserValidator - Validated EmploymentStatus for creditCreditDto(amount=25000, term=8, monthlyPayment=null, rate=22, psk=null, isInsuranceEnabled=true, isSalaryClient=true, paymentSchedule=null)
2025-08-11 14:30:12 DEBUG [http-nio-8080-exec-7] r.d.c.service.utils.UserValidator - Employment position validating scoring data, ScoringDataDto(amount=25000, term=8, firstName=Coul, lastName=Rust, middleName=Jackson, gender=FEMALE, birthdate=2003-01-01, passportSeries=1234, passportNumber=567890, passportIssueDate=2003-01-01, passportIssueBranch=MG Russia, maritalStatus=MARRIED, dependentAmount=20000, employment=EmploymentDto(employmentStatus=SELF_EMPLOYED, employerINN=123456789012, salary=60, position=MANAGER, workExperienceTotal=20, workExperienceCurrent=10), accountNumber=12345678901234567000, isInsuranceEnabled=true, isSalaryClient=true)
2025-08-11 14:30:12 DEBUG [http-nio-8080-exec-7] r.d.c.service.utils.UserValidator - Subtracted rate by 2 for MANAGER CreditDto(amount=25000, term=8, monthlyPayment=null, rate=20, psk=null, isInsuranceEnabled=true, isSalaryClient=true, paymentSchedule=null)
2025-08-11 14:30:12 DEBUG [http-nio-8080-exec-7] r.d.c.service.utils.UserValidator - Validated EmploymentPosition for creditCreditDto(amount=25000, term=8, monthlyPayment=null, rate=20, psk=null, isInsuranceEnabled=true, isSalaryClient=true, paymentSchedule=null)
2025-08-11 14:30:12 DEBUG [http-nio-8080-exec-7] r.d.c.service.utils.UserValidator - Validating loan amount scoring data, ScoringDataDto(amount=25000, term=8, firstName=Coul, lastName=Rust, middleName=Jackson, gender=FEMALE, birthdate=2003-01-01, passportSeries=1234, passportNumber=567890, passportIssueDate=2003-01-01, passportIssueBranch=MG Russia, maritalStatus=MARRIED, dependentAmount=20000, employment=EmploymentDto(employmentStatus=SELF_EMPLOYED, employerINN=123456789012, salary=60, position=MANAGER, workExperienceTotal=20, workExperienceCurrent=10), accountNumber=12345678901234567000, isInsuranceEnabled=true, isSalaryClient=true)
2025-08-11 14:30:12 WARN  [http-nio-8080-exec-7] r.d.c.service.utils.UserValidator - Credit refused due to amount: 25000
2025-08-11 14:38:10 INFO  [SpringApplicationShutdownHook] o.s.b.w.e.tomcat.GracefulShutdown - Commencing graceful shutdown. Waiting for active requests to complete
2025-08-11 14:38:10 INFO  [tomcat-shutdown] o.s.b.w.e.tomcat.GracefulShutdown - Graceful shutdown complete
