2025-08-11 12:26:32.866 INFO  [main] r.d.d.DealServiceApplication - Starting DealServiceApplication using Java 21.0.8 with PID 6096 (C:\Users\PC\Desktop\gitRepos\bank\dealService\target\classes started by PC in C:\Users\PC\Desktop\gitRepos\bank)
2025-08-11 12:26:32.868 DEBUG [main] r.d.d.DealServiceApplication - Running with Spring Boot v3.4.4, Spring v6.2.5
2025-08-11 12:26:32.868 INFO  [main] r.d.d.DealServiceApplication - No active profile set, falling back to 1 default profile: "default"
2025-08-11 12:26:34.065 INFO  [main] o.a.coyote.http11.Http11NioProtocol - Initializing ProtocolHandler ["http-nio-8081"]
2025-08-11 12:26:34.065 INFO  [main] o.a.catalina.core.StandardService - Starting service [Tomcat]
2025-08-11 12:26:34.065 INFO  [main] o.a.catalina.core.StandardEngine - Starting Servlet engine: [Apache Tomcat/10.1.39]
2025-08-11 12:26:34.127 INFO  [main] o.a.c.c.C.[Tomcat].[localhost].[/] - Initializing Spring embedded WebApplicationContext
2025-08-11 12:26:34.450 INFO  [main] com.zaxxer.hikari.HikariDataSource - HikariPool-1 - Starting...
2025-08-11 12:26:34.629 INFO  [main] com.zaxxer.hikari.pool.HikariPool - HikariPool-1 - Added connection org.postgresql.jdbc.PgConnection@794c5f5e
2025-08-11 12:26:34.629 INFO  [main] com.zaxxer.hikari.HikariDataSource - HikariPool-1 - Start completed.
2025-08-11 12:26:34.660 WARN  [main] org.hibernate.orm.deprecation - HHH90000025: PostgreSQLDialect does not need to be specified explicitly using 'hibernate.dialect' (remove the property setting and it will be selected by default)
2025-08-11 12:26:36.122 WARN  [main] o.s.b.a.o.j.JpaBaseConfiguration$JpaWebConfiguration - spring.jpa.open-in-view is enabled by default. Therefore, database queries may be performed during view rendering. Explicitly configure spring.jpa.open-in-view to disable this warning
2025-08-11 12:26:36.442 INFO  [main] o.a.coyote.http11.Http11NioProtocol - Starting ProtocolHandler ["http-nio-8081"]
2025-08-11 12:26:36.456 INFO  [main] r.d.d.DealServiceApplication - Started DealServiceApplication in 4.045 seconds (process running for 4.299)
2025-08-11 12:26:46.496 INFO  [http-nio-8081-exec-1] o.a.c.c.C.[Tomcat].[localhost].[/] - Initializing Spring DispatcherServlet 'dispatcherServlet'
2025-08-11 12:26:49.831 INFO  [http-nio-8081-exec-1] o.s.api.AbstractOpenApiResource - Init duration for springdoc-openapi is: 1292 ms
2025-08-11 12:27:08.927 INFO  [http-nio-8081-exec-10] r.d.d.controller.DealController - Received request for loan offers: LoanStatementRequestDto(amount=19000, term=8, firstName=Coul, lastName=Rust, middleName=Jackson, email=coul@example.com, birthdate=2003-01-01, passportSeries=1234, passportNumber=567890)
2025-08-11 12:27:08.927 DEBUG [http-nio-8081-exec-10] r.d.d.service.impl.DealServiceImpl - Get loan offers from request LoanStatementRequestDto(amount=19000, term=8, firstName=Coul, lastName=Rust, middleName=Jackson, email=coul@example.com, birthdate=2003-01-01, passportSeries=1234, passportNumber=567890)
2025-08-11 12:27:08.927 DEBUG [http-nio-8081-exec-10] r.d.d.service.impl.ClientServiceImpl - Creating client based on LoanStatementRequestDto LoanStatementRequestDto(amount=19000, term=8, firstName=Coul, lastName=Rust, middleName=Jackson, email=coul@example.com, birthdate=2003-01-01, passportSeries=1234, passportNumber=567890)
2025-08-11 12:27:08.934 DEBUG [http-nio-8081-exec-10] r.d.d.service.impl.ClientServiceImpl - Created client Client(id=null, lastName=Rust, firstName=Coul, middleName=Jackson, birthDate=2003-01-01, email=coul@example.com, gender=null, maritalStatus=null, dependentAmount=null, passportId=null, employmentId=null, accountNumber=null, passport=Passport(series=1234, number=567890, issueBranch=null, issueDate=null), employment=Employment(status=null, employerInn=null, salary=null, position=null, workExperienceTotal=null, workExperienceCurrent=null))
2025-08-11 12:27:09.108 DEBUG [http-nio-8081-exec-10] org.hibernate.SQL - 
    insert 
    into
        client
        (account_number, birth_date, dependent_amount, email, employment, employment_id, first_name, gender, last_name, marital_status, middle_name, passport, passport_id, client_id) 
    values
        (?, ?, ?, ?, ?, ?, ?, ?, ?, ?, ?, ?, ?, ?)
2025-08-11 12:27:09.135 DEBUG [http-nio-8081-exec-10] r.d.d.s.impl.StatementServiceImpl - Creating new statement for client: Client(id=57914a92-6e9c-4039-89a8-775b59358fd2, lastName=Rust, firstName=Coul, middleName=Jackson, birthDate=2003-01-01, email=coul@example.com, gender=null, maritalStatus=null, dependentAmount=null, passportId=null, employmentId=null, accountNumber=null, passport=Passport(series=1234, number=567890, issueBranch=null, issueDate=null), employment=Employment(status=null, employerInn=null, salary=null, position=null, workExperienceTotal=null, workExperienceCurrent=null))
2025-08-11 12:27:09.135 DEBUG [http-nio-8081-exec-10] r.d.d.s.impl.StatementServiceImpl - Creating new status history entry: status = PREAPPROVAL, changeType = AUTOMATIC
2025-08-11 12:27:09.142 DEBUG [http-nio-8081-exec-10] r.d.d.s.impl.StatementServiceImpl - Statement created: Statement(statementId=df02a218-6455-457a-9a92-d6fc7b0df528, status=PREAPPROVAL, creationDate=2025-08-11T12:27:09.135940700+03:00, appliedOffer=null, signDate=null, sesCode=null, statusHistory=[StatusHistory(status=PREAPPROVAL, time=2025-08-11, changeType=AUTOMATIC)], client=Client(id=57914a92-6e9c-4039-89a8-775b59358fd2, lastName=Rust, firstName=Coul, middleName=Jackson, birthDate=2003-01-01, email=coul@example.com, gender=null, maritalStatus=null, dependentAmount=null, passportId=null, employmentId=null, accountNumber=null, passport=Passport(series=1234, number=567890, issueBranch=null, issueDate=null), employment=Employment(status=null, employerInn=null, salary=null, position=null, workExperienceTotal=null, workExperienceCurrent=null)), credit=null)
2025-08-11 12:27:09.149 DEBUG [http-nio-8081-exec-10] org.hibernate.SQL - 
    insert 
    into
        statement
        (applied_offer, client_id, creation_date, credit_id, ses_code, sign_date, status, status_history, statement_id) 
    values
        (?, ?, ?, ?, ?, ?, ?, ?, ?)
2025-08-11 12:27:09.659 ERROR [http-nio-8081-exec-10] o.a.c.c.C.[.[.[.[dispatcherServlet] - Servlet.service() for servlet [dispatcherServlet] in context with path [] threw exception [Request processing failed: org.springframework.web.client.HttpClientErrorException$BadRequest: 400 Bad Request: "{"timestamp":"2025-08-11T12:27:09.6001741","status":400,"error":"Validation failed","message":"{amount=должно быть больше, чем или равно 20000}"}"] with root cause
org.springframework.web.client.HttpClientErrorException$BadRequest: 400 Bad Request: "{"timestamp":"2025-08-11T12:27:09.6001741","status":400,"error":"Validation failed","message":"{amount=должно быть больше, чем или равно 20000}"}"
	at org.springframework.web.client.HttpClientErrorException.create(HttpClientErrorException.java:103)
	at org.springframework.web.client.StatusHandler.lambda$defaultHandler$3(StatusHandler.java:86)
	at org.springframework.web.client.StatusHandler.handle(StatusHandler.java:146)
	at org.springframework.web.client.DefaultRestClient$DefaultResponseSpec.applyStatusHandlers(DefaultRestClient.java:826)
	at org.springframework.web.client.DefaultRestClient$DefaultResponseSpec.lambda$readBody$4(DefaultRestClient.java:815)
	at org.springframework.web.client.DefaultRestClient.readWithMessageConverters(DefaultRestClient.java:215)
	at org.springframework.web.client.DefaultRestClient$DefaultResponseSpec.readBody(DefaultRestClient.java:814)
	at org.springframework.web.client.DefaultRestClient$DefaultResponseSpec.lambda$body$1(DefaultRestClient.java:753)
	at org.springframework.web.client.DefaultRestClient$DefaultRequestBodyUriSpec.exchangeInternal(DefaultRestClient.java:574)
	at org.springframework.web.client.DefaultRestClient$DefaultRequestBodyUriSpec.exchange(DefaultRestClient.java:535)
	at org.springframework.web.client.RestClient$RequestHeadersSpec.exchange(RestClient.java:677)
	at org.springframework.web.client.DefaultRestClient$DefaultResponseSpec.executeAndExtract(DefaultRestClient.java:809)
	at org.springframework.web.client.DefaultRestClient$DefaultResponseSpec.body(DefaultRestClient.java:753)
	at ru.duhov.dealService.utils.RestClientServiceImpl.getLoanOffers(RestClientServiceImpl.java:37)
	at ru.duhov.dealService.service.impl.DealServiceImpl.getLoanOffers(DealServiceImpl.java:33)
	at ru.duhov.dealService.controller.DealController.dealStatementPost(DealController.java:42)
	at java.base/jdk.internal.reflect.DirectMethodHandleAccessor.invoke(DirectMethodHandleAccessor.java:103)
	at java.base/java.lang.reflect.Method.invoke(Method.java:580)
	at org.springframework.web.method.support.InvocableHandlerMethod.doInvoke(InvocableHandlerMethod.java:258)
	at org.springframework.web.method.support.InvocableHandlerMethod.invokeForRequest(InvocableHandlerMethod.java:191)
	at org.springframework.web.servlet.mvc.method.annotation.ServletInvocableHandlerMethod.invokeAndHandle(ServletInvocableHandlerMethod.java:118)
	at org.springframework.web.servlet.mvc.method.annotation.RequestMappingHandlerAdapter.invokeHandlerMethod(RequestMappingHandlerAdapter.java:986)
	at org.springframework.web.servlet.mvc.method.annotation.RequestMappingHandlerAdapter.handleInternal(RequestMappingHandlerAdapter.java:891)
	at org.springframework.web.servlet.mvc.method.AbstractHandlerMethodAdapter.handle(AbstractHandlerMethodAdapter.java:87)
	at org.springframework.web.servlet.DispatcherServlet.doDispatch(DispatcherServlet.java:1089)
	at org.springframework.web.servlet.DispatcherServlet.doService(DispatcherServlet.java:979)
	at org.springframework.web.servlet.FrameworkServlet.processRequest(FrameworkServlet.java:1014)
	at org.springframework.web.servlet.FrameworkServlet.doPost(FrameworkServlet.java:914)
	at jakarta.servlet.http.HttpServlet.service(HttpServlet.java:590)
	at org.springframework.web.servlet.FrameworkServlet.service(FrameworkServlet.java:885)
	at jakarta.servlet.http.HttpServlet.service(HttpServlet.java:658)
	at org.apache.catalina.core.ApplicationFilterChain.internalDoFilter(ApplicationFilterChain.java:195)
	at org.apache.catalina.core.ApplicationFilterChain.doFilter(ApplicationFilterChain.java:140)
	at org.apache.tomcat.websocket.server.WsFilter.doFilter(WsFilter.java:51)
	at org.apache.catalina.core.ApplicationFilterChain.internalDoFilter(ApplicationFilterChain.java:164)
	at org.apache.catalina.core.ApplicationFilterChain.doFilter(ApplicationFilterChain.java:140)
	at org.springframework.web.filter.RequestContextFilter.doFilterInternal(RequestContextFilter.java:100)
	at org.springframework.web.filter.OncePerRequestFilter.doFilter(OncePerRequestFilter.java:116)
	at org.apache.catalina.core.ApplicationFilterChain.internalDoFilter(ApplicationFilterChain.java:164)
	at org.apache.catalina.core.ApplicationFilterChain.doFilter(ApplicationFilterChain.java:140)
	at org.springframework.web.filter.FormContentFilter.doFilterInternal(FormContentFilter.java:93)
	at org.springframework.web.filter.OncePerRequestFilter.doFilter(OncePerRequestFilter.java:116)
	at org.apache.catalina.core.ApplicationFilterChain.internalDoFilter(ApplicationFilterChain.java:164)
	at org.apache.catalina.core.ApplicationFilterChain.doFilter(ApplicationFilterChain.java:140)
	at org.springframework.web.filter.CharacterEncodingFilter.doFilterInternal(CharacterEncodingFilter.java:201)
	at org.springframework.web.filter.OncePerRequestFilter.doFilter(OncePerRequestFilter.java:116)
	at org.apache.catalina.core.ApplicationFilterChain.internalDoFilter(ApplicationFilterChain.java:164)
	at org.apache.catalina.core.ApplicationFilterChain.doFilter(ApplicationFilterChain.java:140)
	at org.apache.catalina.core.StandardWrapperValve.invoke(StandardWrapperValve.java:167)
	at org.apache.catalina.core.StandardContextValve.invoke(StandardContextValve.java:90)
	at org.apache.catalina.authenticator.AuthenticatorBase.invoke(AuthenticatorBase.java:483)
	at org.apache.catalina.core.StandardHostValve.invoke(StandardHostValve.java:115)
	at org.apache.catalina.valves.ErrorReportValve.invoke(ErrorReportValve.java:93)
	at org.apache.catalina.core.StandardEngineValve.invoke(StandardEngineValve.java:74)
	at org.apache.catalina.connector.CoyoteAdapter.service(CoyoteAdapter.java:344)
	at org.apache.coyote.http11.Http11Processor.service(Http11Processor.java:397)
	at org.apache.coyote.AbstractProcessorLight.process(AbstractProcessorLight.java:63)
	at org.apache.coyote.AbstractProtocol$ConnectionHandler.process(AbstractProtocol.java:905)
	at org.apache.tomcat.util.net.NioEndpoint$SocketProcessor.doRun(NioEndpoint.java:1743)
	at org.apache.tomcat.util.net.SocketProcessorBase.run(SocketProcessorBase.java:52)
	at org.apache.tomcat.util.threads.ThreadPoolExecutor.runWorker(ThreadPoolExecutor.java:1190)
	at org.apache.tomcat.util.threads.ThreadPoolExecutor$Worker.run(ThreadPoolExecutor.java:659)
	at org.apache.tomcat.util.threads.TaskThread$WrappingRunnable.run(TaskThread.java:63)
	at java.base/java.lang.Thread.run(Thread.java:1583)
2025-08-11 12:37:49.761 INFO  [http-nio-8081-exec-9] r.d.d.controller.DealController - Received request for loan offers: LoanStatementRequestDto(amount=25000, term=8, firstName=Coul, lastName=Rust, middleName=Jackson, email=coulexample.com, birthdate=2003-01-01, passportSeries=1234, passportNumber=567890)
2025-08-11 12:37:49.762 DEBUG [http-nio-8081-exec-9] r.d.d.service.impl.DealServiceImpl - Get loan offers from request LoanStatementRequestDto(amount=25000, term=8, firstName=Coul, lastName=Rust, middleName=Jackson, email=coulexample.com, birthdate=2003-01-01, passportSeries=1234, passportNumber=567890)
2025-08-11 12:37:49.762 DEBUG [http-nio-8081-exec-9] r.d.d.service.impl.ClientServiceImpl - Creating client based on LoanStatementRequestDto LoanStatementRequestDto(amount=25000, term=8, firstName=Coul, lastName=Rust, middleName=Jackson, email=coulexample.com, birthdate=2003-01-01, passportSeries=1234, passportNumber=567890)
2025-08-11 12:37:49.762 DEBUG [http-nio-8081-exec-9] r.d.d.service.impl.ClientServiceImpl - Created client Client(id=null, lastName=Rust, firstName=Coul, middleName=Jackson, birthDate=2003-01-01, email=coulexample.com, gender=null, maritalStatus=null, dependentAmount=null, passportId=null, employmentId=null, accountNumber=null, passport=Passport(series=1234, number=567890, issueBranch=null, issueDate=null), employment=Employment(status=null, employerInn=null, salary=null, position=null, workExperienceTotal=null, workExperienceCurrent=null))
2025-08-11 12:37:49.762 DEBUG [http-nio-8081-exec-9] org.hibernate.SQL - 
    insert 
    into
        client
        (account_number, birth_date, dependent_amount, email, employment, employment_id, first_name, gender, last_name, marital_status, middle_name, passport, passport_id, client_id) 
    values
        (?, ?, ?, ?, ?, ?, ?, ?, ?, ?, ?, ?, ?, ?)
2025-08-11 12:37:49.762 DEBUG [http-nio-8081-exec-9] r.d.d.s.impl.StatementServiceImpl - Creating new statement for client: Client(id=081a8b4c-3bcc-42c5-9d44-ef4e013902c5, lastName=Rust, firstName=Coul, middleName=Jackson, birthDate=2003-01-01, email=coulexample.com, gender=null, maritalStatus=null, dependentAmount=null, passportId=null, employmentId=null, accountNumber=null, passport=Passport(series=1234, number=567890, issueBranch=null, issueDate=null), employment=Employment(status=null, employerInn=null, salary=null, position=null, workExperienceTotal=null, workExperienceCurrent=null))
2025-08-11 12:37:49.762 DEBUG [http-nio-8081-exec-9] r.d.d.s.impl.StatementServiceImpl - Creating new status history entry: status = PREAPPROVAL, changeType = AUTOMATIC
2025-08-11 12:37:49.768 DEBUG [http-nio-8081-exec-9] r.d.d.s.impl.StatementServiceImpl - Statement created: Statement(statementId=f4aebb93-0b3c-43a6-b894-fae79c1ae592, status=PREAPPROVAL, creationDate=2025-08-11T12:37:49.762060700+03:00, appliedOffer=null, signDate=null, sesCode=null, statusHistory=[StatusHistory(status=PREAPPROVAL, time=2025-08-11, changeType=AUTOMATIC)], client=Client(id=081a8b4c-3bcc-42c5-9d44-ef4e013902c5, lastName=Rust, firstName=Coul, middleName=Jackson, birthDate=2003-01-01, email=coulexample.com, gender=null, maritalStatus=null, dependentAmount=null, passportId=null, employmentId=null, accountNumber=null, passport=Passport(series=1234, number=567890, issueBranch=null, issueDate=null), employment=Employment(status=null, employerInn=null, salary=null, position=null, workExperienceTotal=null, workExperienceCurrent=null)), credit=null)
2025-08-11 12:37:49.768 DEBUG [http-nio-8081-exec-9] org.hibernate.SQL - 
    insert 
    into
        statement
        (applied_offer, client_id, creation_date, credit_id, ses_code, sign_date, status, status_history, statement_id) 
    values
        (?, ?, ?, ?, ?, ?, ?, ?, ?)
2025-08-11 12:37:49.790 ERROR [http-nio-8081-exec-9] o.a.c.c.C.[.[.[.[dispatcherServlet] - Servlet.service() for servlet [dispatcherServlet] in context with path [] threw exception [Request processing failed: org.springframework.web.client.HttpClientErrorException$BadRequest: 400 Bad Request: "{"timestamp":"2025-08-11T12:37:49.7828471","status":400,"error":"Validation failed","message":"{email=должно соответствовать \"[a-zA-Z0-9_!#$%&'*+/=?`{|}~^.-]+@[a-zA-Z0-9.-]+\"}"}"] with root cause
org.springframework.web.client.HttpClientErrorException$BadRequest: 400 Bad Request: "{"timestamp":"2025-08-11T12:37:49.7828471","status":400,"error":"Validation failed","message":"{email=должно соответствовать \"[a-zA-Z0-9_!#$%&'*+/=?`{|}~^.-]+@[a-zA-Z0-9.-]+\"}"}"
	at org.springframework.web.client.HttpClientErrorException.create(HttpClientErrorException.java:103)
	at org.springframework.web.client.StatusHandler.lambda$defaultHandler$3(StatusHandler.java:86)
	at org.springframework.web.client.StatusHandler.handle(StatusHandler.java:146)
	at org.springframework.web.client.DefaultRestClient$DefaultResponseSpec.applyStatusHandlers(DefaultRestClient.java:826)
	at org.springframework.web.client.DefaultRestClient$DefaultResponseSpec.lambda$readBody$4(DefaultRestClient.java:815)
	at org.springframework.web.client.DefaultRestClient.readWithMessageConverters(DefaultRestClient.java:215)
	at org.springframework.web.client.DefaultRestClient$DefaultResponseSpec.readBody(DefaultRestClient.java:814)
	at org.springframework.web.client.DefaultRestClient$DefaultResponseSpec.lambda$body$1(DefaultRestClient.java:753)
	at org.springframework.web.client.DefaultRestClient$DefaultRequestBodyUriSpec.exchangeInternal(DefaultRestClient.java:574)
	at org.springframework.web.client.DefaultRestClient$DefaultRequestBodyUriSpec.exchange(DefaultRestClient.java:535)
	at org.springframework.web.client.RestClient$RequestHeadersSpec.exchange(RestClient.java:677)
	at org.springframework.web.client.DefaultRestClient$DefaultResponseSpec.executeAndExtract(DefaultRestClient.java:809)
	at org.springframework.web.client.DefaultRestClient$DefaultResponseSpec.body(DefaultRestClient.java:753)
	at ru.duhov.dealService.utils.RestClientServiceImpl.getLoanOffers(RestClientServiceImpl.java:37)
	at ru.duhov.dealService.service.impl.DealServiceImpl.getLoanOffers(DealServiceImpl.java:33)
	at ru.duhov.dealService.controller.DealController.dealStatementPost(DealController.java:42)
	at java.base/jdk.internal.reflect.DirectMethodHandleAccessor.invoke(DirectMethodHandleAccessor.java:103)
	at java.base/java.lang.reflect.Method.invoke(Method.java:580)
	at org.springframework.web.method.support.InvocableHandlerMethod.doInvoke(InvocableHandlerMethod.java:258)
	at org.springframework.web.method.support.InvocableHandlerMethod.invokeForRequest(InvocableHandlerMethod.java:191)
	at org.springframework.web.servlet.mvc.method.annotation.ServletInvocableHandlerMethod.invokeAndHandle(ServletInvocableHandlerMethod.java:118)
	at org.springframework.web.servlet.mvc.method.annotation.RequestMappingHandlerAdapter.invokeHandlerMethod(RequestMappingHandlerAdapter.java:986)
	at org.springframework.web.servlet.mvc.method.annotation.RequestMappingHandlerAdapter.handleInternal(RequestMappingHandlerAdapter.java:891)
	at org.springframework.web.servlet.mvc.method.AbstractHandlerMethodAdapter.handle(AbstractHandlerMethodAdapter.java:87)
	at org.springframework.web.servlet.DispatcherServlet.doDispatch(DispatcherServlet.java:1089)
	at org.springframework.web.servlet.DispatcherServlet.doService(DispatcherServlet.java:979)
	at org.springframework.web.servlet.FrameworkServlet.processRequest(FrameworkServlet.java:1014)
	at org.springframework.web.servlet.FrameworkServlet.doPost(FrameworkServlet.java:914)
	at jakarta.servlet.http.HttpServlet.service(HttpServlet.java:590)
	at org.springframework.web.servlet.FrameworkServlet.service(FrameworkServlet.java:885)
	at jakarta.servlet.http.HttpServlet.service(HttpServlet.java:658)
	at org.apache.catalina.core.ApplicationFilterChain.internalDoFilter(ApplicationFilterChain.java:195)
	at org.apache.catalina.core.ApplicationFilterChain.doFilter(ApplicationFilterChain.java:140)
	at org.apache.tomcat.websocket.server.WsFilter.doFilter(WsFilter.java:51)
	at org.apache.catalina.core.ApplicationFilterChain.internalDoFilter(ApplicationFilterChain.java:164)
	at org.apache.catalina.core.ApplicationFilterChain.doFilter(ApplicationFilterChain.java:140)
	at org.springframework.web.filter.RequestContextFilter.doFilterInternal(RequestContextFilter.java:100)
	at org.springframework.web.filter.OncePerRequestFilter.doFilter(OncePerRequestFilter.java:116)
	at org.apache.catalina.core.ApplicationFilterChain.internalDoFilter(ApplicationFilterChain.java:164)
	at org.apache.catalina.core.ApplicationFilterChain.doFilter(ApplicationFilterChain.java:140)
	at org.springframework.web.filter.FormContentFilter.doFilterInternal(FormContentFilter.java:93)
	at org.springframework.web.filter.OncePerRequestFilter.doFilter(OncePerRequestFilter.java:116)
	at org.apache.catalina.core.ApplicationFilterChain.internalDoFilter(ApplicationFilterChain.java:164)
	at org.apache.catalina.core.ApplicationFilterChain.doFilter(ApplicationFilterChain.java:140)
	at org.springframework.web.filter.CharacterEncodingFilter.doFilterInternal(CharacterEncodingFilter.java:201)
	at org.springframework.web.filter.OncePerRequestFilter.doFilter(OncePerRequestFilter.java:116)
	at org.apache.catalina.core.ApplicationFilterChain.internalDoFilter(ApplicationFilterChain.java:164)
	at org.apache.catalina.core.ApplicationFilterChain.doFilter(ApplicationFilterChain.java:140)
	at org.apache.catalina.core.StandardWrapperValve.invoke(StandardWrapperValve.java:167)
	at org.apache.catalina.core.StandardContextValve.invoke(StandardContextValve.java:90)
	at org.apache.catalina.authenticator.AuthenticatorBase.invoke(AuthenticatorBase.java:483)
	at org.apache.catalina.core.StandardHostValve.invoke(StandardHostValve.java:115)
	at org.apache.catalina.valves.ErrorReportValve.invoke(ErrorReportValve.java:93)
	at org.apache.catalina.core.StandardEngineValve.invoke(StandardEngineValve.java:74)
	at org.apache.catalina.connector.CoyoteAdapter.service(CoyoteAdapter.java:344)
	at org.apache.coyote.http11.Http11Processor.service(Http11Processor.java:397)
	at org.apache.coyote.AbstractProcessorLight.process(AbstractProcessorLight.java:63)
	at org.apache.coyote.AbstractProtocol$ConnectionHandler.process(AbstractProtocol.java:905)
	at org.apache.tomcat.util.net.NioEndpoint$SocketProcessor.doRun(NioEndpoint.java:1743)
	at org.apache.tomcat.util.net.SocketProcessorBase.run(SocketProcessorBase.java:52)
	at org.apache.tomcat.util.threads.ThreadPoolExecutor.runWorker(ThreadPoolExecutor.java:1190)
	at org.apache.tomcat.util.threads.ThreadPoolExecutor$Worker.run(ThreadPoolExecutor.java:659)
	at org.apache.tomcat.util.threads.TaskThread$WrappingRunnable.run(TaskThread.java:63)
	at java.base/java.lang.Thread.run(Thread.java:1583)
2025-08-11 12:38:23.860 INFO  [http-nio-8081-exec-1] r.d.d.controller.DealController - Received request for loan offers: LoanStatementRequestDto(amount=25000000, term=8, firstName=Coul, lastName=Rust, middleName=Jackson, email=coul@example.com, birthdate=2003-01-01, passportSeries=1234, passportNumber=567890)
2025-08-11 12:38:23.860 DEBUG [http-nio-8081-exec-1] r.d.d.service.impl.DealServiceImpl - Get loan offers from request LoanStatementRequestDto(amount=25000000, term=8, firstName=Coul, lastName=Rust, middleName=Jackson, email=coul@example.com, birthdate=2003-01-01, passportSeries=1234, passportNumber=567890)
2025-08-11 12:38:23.860 DEBUG [http-nio-8081-exec-1] r.d.d.service.impl.ClientServiceImpl - Creating client based on LoanStatementRequestDto LoanStatementRequestDto(amount=25000000, term=8, firstName=Coul, lastName=Rust, middleName=Jackson, email=coul@example.com, birthdate=2003-01-01, passportSeries=1234, passportNumber=567890)
2025-08-11 12:38:23.860 DEBUG [http-nio-8081-exec-1] r.d.d.service.impl.ClientServiceImpl - Created client Client(id=null, lastName=Rust, firstName=Coul, middleName=Jackson, birthDate=2003-01-01, email=coul@example.com, gender=null, maritalStatus=null, dependentAmount=null, passportId=null, employmentId=null, accountNumber=null, passport=Passport(series=1234, number=567890, issueBranch=null, issueDate=null), employment=Employment(status=null, employerInn=null, salary=null, position=null, workExperienceTotal=null, workExperienceCurrent=null))
2025-08-11 12:38:23.864 DEBUG [http-nio-8081-exec-1] org.hibernate.SQL - 
    insert 
    into
        client
        (account_number, birth_date, dependent_amount, email, employment, employment_id, first_name, gender, last_name, marital_status, middle_name, passport, passport_id, client_id) 
    values
        (?, ?, ?, ?, ?, ?, ?, ?, ?, ?, ?, ?, ?, ?)
2025-08-11 12:38:23.864 DEBUG [http-nio-8081-exec-1] r.d.d.s.impl.StatementServiceImpl - Creating new statement for client: Client(id=a806ab97-ecb6-4550-a617-50822997fc85, lastName=Rust, firstName=Coul, middleName=Jackson, birthDate=2003-01-01, email=coul@example.com, gender=null, maritalStatus=null, dependentAmount=null, passportId=null, employmentId=null, accountNumber=null, passport=Passport(series=1234, number=567890, issueBranch=null, issueDate=null), employment=Employment(status=null, employerInn=null, salary=null, position=null, workExperienceTotal=null, workExperienceCurrent=null))
2025-08-11 12:38:23.864 DEBUG [http-nio-8081-exec-1] r.d.d.s.impl.StatementServiceImpl - Creating new status history entry: status = PREAPPROVAL, changeType = AUTOMATIC
2025-08-11 12:38:23.864 DEBUG [http-nio-8081-exec-1] r.d.d.s.impl.StatementServiceImpl - Statement created: Statement(statementId=84a1c931-50e4-47c2-bf5d-a60d45ad6c04, status=PREAPPROVAL, creationDate=2025-08-11T12:38:23.864025500+03:00, appliedOffer=null, signDate=null, sesCode=null, statusHistory=[StatusHistory(status=PREAPPROVAL, time=2025-08-11, changeType=AUTOMATIC)], client=Client(id=a806ab97-ecb6-4550-a617-50822997fc85, lastName=Rust, firstName=Coul, middleName=Jackson, birthDate=2003-01-01, email=coul@example.com, gender=null, maritalStatus=null, dependentAmount=null, passportId=null, employmentId=null, accountNumber=null, passport=Passport(series=1234, number=567890, issueBranch=null, issueDate=null), employment=Employment(status=null, employerInn=null, salary=null, position=null, workExperienceTotal=null, workExperienceCurrent=null)), credit=null)
2025-08-11 12:38:23.864 DEBUG [http-nio-8081-exec-1] org.hibernate.SQL - 
    insert 
    into
        statement
        (applied_offer, client_id, creation_date, credit_id, ses_code, sign_date, status, status_history, statement_id) 
    values
        (?, ?, ?, ?, ?, ?, ?, ?, ?)
2025-08-11 12:38:23.920 DEBUG [http-nio-8081-exec-1] r.d.d.service.impl.DealServiceImpl - Calculated loan offers: [LoanOfferDto(statementId=e899c2b2-c67b-40c6-9d92-60f73f9dd5da, requestedAmount=25000000, totalAmount=26911147.20, term=8, monthlyPayment=3363893.40, rate=20, isInsuranceEnabled=false, isSalaryClient=false), LoanOfferDto(statementId=3151f976-e39b-44a1-8bb7-5096173a0bbc, requestedAmount=25000000, totalAmount=26813887.12, term=8, monthlyPayment=3351735.89, rate=19, isInsuranceEnabled=false, isSalaryClient=true), LoanOfferDto(statementId=42c40ae2-f004-4ff0-a526-2ebf15a33c5e, requestedAmount=25000000, totalAmount=26726380.32, term=8, monthlyPayment=3340797.54, rate=17, isInsuranceEnabled=true, isSalaryClient=false), LoanOfferDto(statementId=4abd34fb-f923-4211-ab5b-8cd6aa31eaef, requestedAmount=25000000, totalAmount=26629267.44, term=8, monthlyPayment=3328658.43, rate=16, isInsuranceEnabled=true, isSalaryClient=true)]
2025-08-11 12:38:23.920 INFO  [http-nio-8081-exec-1] r.d.d.controller.DealController - Returning loan offers: [LoanOfferDto(statementId=e899c2b2-c67b-40c6-9d92-60f73f9dd5da, requestedAmount=25000000, totalAmount=26911147.20, term=8, monthlyPayment=3363893.40, rate=20, isInsuranceEnabled=false, isSalaryClient=false), LoanOfferDto(statementId=3151f976-e39b-44a1-8bb7-5096173a0bbc, requestedAmount=25000000, totalAmount=26813887.12, term=8, monthlyPayment=3351735.89, rate=19, isInsuranceEnabled=false, isSalaryClient=true), LoanOfferDto(statementId=42c40ae2-f004-4ff0-a526-2ebf15a33c5e, requestedAmount=25000000, totalAmount=26726380.32, term=8, monthlyPayment=3340797.54, rate=17, isInsuranceEnabled=true, isSalaryClient=false), LoanOfferDto(statementId=4abd34fb-f923-4211-ab5b-8cd6aa31eaef, requestedAmount=25000000, totalAmount=26629267.44, term=8, monthlyPayment=3328658.43, rate=16, isInsuranceEnabled=true, isSalaryClient=true)]
2025-08-11 12:38:40.852 INFO  [http-nio-8081-exec-3] r.d.d.controller.DealController - Received request for loan offers: LoanStatementRequestDto(amount=-25000, term=8, firstName=Coul, lastName=Rust, middleName=Jackson, email=coul@example.com, birthdate=2003-01-01, passportSeries=1234, passportNumber=567890)
2025-08-11 12:38:40.852 DEBUG [http-nio-8081-exec-3] r.d.d.service.impl.DealServiceImpl - Get loan offers from request LoanStatementRequestDto(amount=-25000, term=8, firstName=Coul, lastName=Rust, middleName=Jackson, email=coul@example.com, birthdate=2003-01-01, passportSeries=1234, passportNumber=567890)
2025-08-11 12:38:40.853 DEBUG [http-nio-8081-exec-3] r.d.d.service.impl.ClientServiceImpl - Creating client based on LoanStatementRequestDto LoanStatementRequestDto(amount=-25000, term=8, firstName=Coul, lastName=Rust, middleName=Jackson, email=coul@example.com, birthdate=2003-01-01, passportSeries=1234, passportNumber=567890)
2025-08-11 12:38:40.853 DEBUG [http-nio-8081-exec-3] r.d.d.service.impl.ClientServiceImpl - Created client Client(id=null, lastName=Rust, firstName=Coul, middleName=Jackson, birthDate=2003-01-01, email=coul@example.com, gender=null, maritalStatus=null, dependentAmount=null, passportId=null, employmentId=null, accountNumber=null, passport=Passport(series=1234, number=567890, issueBranch=null, issueDate=null), employment=Employment(status=null, employerInn=null, salary=null, position=null, workExperienceTotal=null, workExperienceCurrent=null))
2025-08-11 12:38:40.856 DEBUG [http-nio-8081-exec-3] org.hibernate.SQL - 
    insert 
    into
        client
        (account_number, birth_date, dependent_amount, email, employment, employment_id, first_name, gender, last_name, marital_status, middle_name, passport, passport_id, client_id) 
    values
        (?, ?, ?, ?, ?, ?, ?, ?, ?, ?, ?, ?, ?, ?)
2025-08-11 12:38:40.857 DEBUG [http-nio-8081-exec-3] r.d.d.s.impl.StatementServiceImpl - Creating new statement for client: Client(id=ab603dd3-13dd-4644-b159-b56b29821772, lastName=Rust, firstName=Coul, middleName=Jackson, birthDate=2003-01-01, email=coul@example.com, gender=null, maritalStatus=null, dependentAmount=null, passportId=null, employmentId=null, accountNumber=null, passport=Passport(series=1234, number=567890, issueBranch=null, issueDate=null), employment=Employment(status=null, employerInn=null, salary=null, position=null, workExperienceTotal=null, workExperienceCurrent=null))
2025-08-11 12:38:40.857 DEBUG [http-nio-8081-exec-3] r.d.d.s.impl.StatementServiceImpl - Creating new status history entry: status = PREAPPROVAL, changeType = AUTOMATIC
2025-08-11 12:38:40.860 DEBUG [http-nio-8081-exec-3] r.d.d.s.impl.StatementServiceImpl - Statement created: Statement(statementId=11b7ff71-d60c-4481-a128-816f6fd1863a, status=PREAPPROVAL, creationDate=2025-08-11T12:38:40.857804600+03:00, appliedOffer=null, signDate=null, sesCode=null, statusHistory=[StatusHistory(status=PREAPPROVAL, time=2025-08-11, changeType=AUTOMATIC)], client=Client(id=ab603dd3-13dd-4644-b159-b56b29821772, lastName=Rust, firstName=Coul, middleName=Jackson, birthDate=2003-01-01, email=coul@example.com, gender=null, maritalStatus=null, dependentAmount=null, passportId=null, employmentId=null, accountNumber=null, passport=Passport(series=1234, number=567890, issueBranch=null, issueDate=null), employment=Employment(status=null, employerInn=null, salary=null, position=null, workExperienceTotal=null, workExperienceCurrent=null)), credit=null)
2025-08-11 12:38:40.861 DEBUG [http-nio-8081-exec-3] org.hibernate.SQL - 
    insert 
    into
        statement
        (applied_offer, client_id, creation_date, credit_id, ses_code, sign_date, status, status_history, statement_id) 
    values
        (?, ?, ?, ?, ?, ?, ?, ?, ?)
2025-08-11 12:38:40.874 ERROR [http-nio-8081-exec-3] o.a.c.c.C.[.[.[.[dispatcherServlet] - Servlet.service() for servlet [dispatcherServlet] in context with path [] threw exception [Request processing failed: org.springframework.web.client.HttpClientErrorException$BadRequest: 400 Bad Request: "{"timestamp":"2025-08-11T12:38:40.8678521","status":400,"error":"Validation failed","message":"{amount=должно быть больше, чем или равно 20000}"}"] with root cause
org.springframework.web.client.HttpClientErrorException$BadRequest: 400 Bad Request: "{"timestamp":"2025-08-11T12:38:40.8678521","status":400,"error":"Validation failed","message":"{amount=должно быть больше, чем или равно 20000}"}"
	at org.springframework.web.client.HttpClientErrorException.create(HttpClientErrorException.java:103)
	at org.springframework.web.client.StatusHandler.lambda$defaultHandler$3(StatusHandler.java:86)
	at org.springframework.web.client.StatusHandler.handle(StatusHandler.java:146)
	at org.springframework.web.client.DefaultRestClient$DefaultResponseSpec.applyStatusHandlers(DefaultRestClient.java:826)
	at org.springframework.web.client.DefaultRestClient$DefaultResponseSpec.lambda$readBody$4(DefaultRestClient.java:815)
	at org.springframework.web.client.DefaultRestClient.readWithMessageConverters(DefaultRestClient.java:215)
	at org.springframework.web.client.DefaultRestClient$DefaultResponseSpec.readBody(DefaultRestClient.java:814)
	at org.springframework.web.client.DefaultRestClient$DefaultResponseSpec.lambda$body$1(DefaultRestClient.java:753)
	at org.springframework.web.client.DefaultRestClient$DefaultRequestBodyUriSpec.exchangeInternal(DefaultRestClient.java:574)
	at org.springframework.web.client.DefaultRestClient$DefaultRequestBodyUriSpec.exchange(DefaultRestClient.java:535)
	at org.springframework.web.client.RestClient$RequestHeadersSpec.exchange(RestClient.java:677)
	at org.springframework.web.client.DefaultRestClient$DefaultResponseSpec.executeAndExtract(DefaultRestClient.java:809)
	at org.springframework.web.client.DefaultRestClient$DefaultResponseSpec.body(DefaultRestClient.java:753)
	at ru.duhov.dealService.utils.RestClientServiceImpl.getLoanOffers(RestClientServiceImpl.java:37)
	at ru.duhov.dealService.service.impl.DealServiceImpl.getLoanOffers(DealServiceImpl.java:33)
	at ru.duhov.dealService.controller.DealController.dealStatementPost(DealController.java:42)
	at java.base/jdk.internal.reflect.DirectMethodHandleAccessor.invoke(DirectMethodHandleAccessor.java:103)
	at java.base/java.lang.reflect.Method.invoke(Method.java:580)
	at org.springframework.web.method.support.InvocableHandlerMethod.doInvoke(InvocableHandlerMethod.java:258)
	at org.springframework.web.method.support.InvocableHandlerMethod.invokeForRequest(InvocableHandlerMethod.java:191)
	at org.springframework.web.servlet.mvc.method.annotation.ServletInvocableHandlerMethod.invokeAndHandle(ServletInvocableHandlerMethod.java:118)
	at org.springframework.web.servlet.mvc.method.annotation.RequestMappingHandlerAdapter.invokeHandlerMethod(RequestMappingHandlerAdapter.java:986)
	at org.springframework.web.servlet.mvc.method.annotation.RequestMappingHandlerAdapter.handleInternal(RequestMappingHandlerAdapter.java:891)
	at org.springframework.web.servlet.mvc.method.AbstractHandlerMethodAdapter.handle(AbstractHandlerMethodAdapter.java:87)
	at org.springframework.web.servlet.DispatcherServlet.doDispatch(DispatcherServlet.java:1089)
	at org.springframework.web.servlet.DispatcherServlet.doService(DispatcherServlet.java:979)
	at org.springframework.web.servlet.FrameworkServlet.processRequest(FrameworkServlet.java:1014)
	at org.springframework.web.servlet.FrameworkServlet.doPost(FrameworkServlet.java:914)
	at jakarta.servlet.http.HttpServlet.service(HttpServlet.java:590)
	at org.springframework.web.servlet.FrameworkServlet.service(FrameworkServlet.java:885)
	at jakarta.servlet.http.HttpServlet.service(HttpServlet.java:658)
	at org.apache.catalina.core.ApplicationFilterChain.internalDoFilter(ApplicationFilterChain.java:195)
	at org.apache.catalina.core.ApplicationFilterChain.doFilter(ApplicationFilterChain.java:140)
	at org.apache.tomcat.websocket.server.WsFilter.doFilter(WsFilter.java:51)
	at org.apache.catalina.core.ApplicationFilterChain.internalDoFilter(ApplicationFilterChain.java:164)
	at org.apache.catalina.core.ApplicationFilterChain.doFilter(ApplicationFilterChain.java:140)
	at org.springframework.web.filter.RequestContextFilter.doFilterInternal(RequestContextFilter.java:100)
	at org.springframework.web.filter.OncePerRequestFilter.doFilter(OncePerRequestFilter.java:116)
	at org.apache.catalina.core.ApplicationFilterChain.internalDoFilter(ApplicationFilterChain.java:164)
	at org.apache.catalina.core.ApplicationFilterChain.doFilter(ApplicationFilterChain.java:140)
	at org.springframework.web.filter.FormContentFilter.doFilterInternal(FormContentFilter.java:93)
	at org.springframework.web.filter.OncePerRequestFilter.doFilter(OncePerRequestFilter.java:116)
	at org.apache.catalina.core.ApplicationFilterChain.internalDoFilter(ApplicationFilterChain.java:164)
	at org.apache.catalina.core.ApplicationFilterChain.doFilter(ApplicationFilterChain.java:140)
	at org.springframework.web.filter.CharacterEncodingFilter.doFilterInternal(CharacterEncodingFilter.java:201)
	at org.springframework.web.filter.OncePerRequestFilter.doFilter(OncePerRequestFilter.java:116)
	at org.apache.catalina.core.ApplicationFilterChain.internalDoFilter(ApplicationFilterChain.java:164)
	at org.apache.catalina.core.ApplicationFilterChain.doFilter(ApplicationFilterChain.java:140)
	at org.apache.catalina.core.StandardWrapperValve.invoke(StandardWrapperValve.java:167)
	at org.apache.catalina.core.StandardContextValve.invoke(StandardContextValve.java:90)
	at org.apache.catalina.authenticator.AuthenticatorBase.invoke(AuthenticatorBase.java:483)
	at org.apache.catalina.core.StandardHostValve.invoke(StandardHostValve.java:115)
	at org.apache.catalina.valves.ErrorReportValve.invoke(ErrorReportValve.java:93)
	at org.apache.catalina.core.StandardEngineValve.invoke(StandardEngineValve.java:74)
	at org.apache.catalina.connector.CoyoteAdapter.service(CoyoteAdapter.java:344)
	at org.apache.coyote.http11.Http11Processor.service(Http11Processor.java:397)
	at org.apache.coyote.AbstractProcessorLight.process(AbstractProcessorLight.java:63)
	at org.apache.coyote.AbstractProtocol$ConnectionHandler.process(AbstractProtocol.java:905)
	at org.apache.tomcat.util.net.NioEndpoint$SocketProcessor.doRun(NioEndpoint.java:1743)
	at org.apache.tomcat.util.net.SocketProcessorBase.run(SocketProcessorBase.java:52)
	at org.apache.tomcat.util.threads.ThreadPoolExecutor.runWorker(ThreadPoolExecutor.java:1190)
	at org.apache.tomcat.util.threads.ThreadPoolExecutor$Worker.run(ThreadPoolExecutor.java:659)
	at org.apache.tomcat.util.threads.TaskThread$WrappingRunnable.run(TaskThread.java:63)
	at java.base/java.lang.Thread.run(Thread.java:1583)
2025-08-11 12:40:10.554 INFO  [http-nio-8081-exec-2] r.d.d.controller.DealController - Received request to select loan offer: LoanOfferDto(statementId=3fa85f64-5717-4562-b3fc-2c963f66afa6, requestedAmount=25000, totalAmount=25000, term=8, monthlyPayment=4700, rate=20, isInsuranceEnabled=true, isSalaryClient=true)
2025-08-11 12:40:10.554 DEBUG [http-nio-8081-exec-2] r.d.d.service.impl.DealServiceImpl - Selecting loan offer: LoanOfferDto(statementId=3fa85f64-5717-4562-b3fc-2c963f66afa6, requestedAmount=25000, totalAmount=25000, term=8, monthlyPayment=4700, rate=20, isInsuranceEnabled=true, isSalaryClient=true)
2025-08-11 12:40:10.617 DEBUG [http-nio-8081-exec-2] org.hibernate.SQL - 
    select
        s1_0.statement_id,
        s1_0.applied_offer,
        s1_0.client_id,
        s1_0.creation_date,
        s1_0.credit_id,
        s1_0.ses_code,
        s1_0.sign_date,
        s1_0.status,
        s1_0.status_history 
    from
        statement s1_0 
    where
        s1_0.statement_id=?
2025-08-11 12:40:10.658 ERROR [http-nio-8081-exec-2] o.a.c.c.C.[.[.[.[dispatcherServlet] - Servlet.service() for servlet [dispatcherServlet] in context with path [] threw exception [Request processing failed: java.util.NoSuchElementException: No value present] with root cause
java.util.NoSuchElementException: No value present
	at java.base/java.util.Optional.orElseThrow(Optional.java:377)
	at ru.duhov.dealService.service.impl.StatementServiceImpl.getStatementById(StatementServiceImpl.java:48)
	at java.base/jdk.internal.reflect.DirectMethodHandleAccessor.invoke(DirectMethodHandleAccessor.java:103)
	at java.base/java.lang.reflect.Method.invoke(Method.java:580)
	at org.springframework.aop.support.AopUtils.invokeJoinpointUsingReflection(AopUtils.java:359)
	at org.springframework.aop.framework.CglibAopProxy$DynamicAdvisedInterceptor.intercept(CglibAopProxy.java:723)
	at ru.duhov.dealService.service.impl.StatementServiceImpl$$SpringCGLIB$$0.getStatementById(<generated>)
	at ru.duhov.dealService.service.impl.DealServiceImpl.selectLoanOffer(DealServiceImpl.java:41)
	at ru.duhov.dealService.controller.DealController.dealOfferSelectPost(DealController.java:56)
	at java.base/jdk.internal.reflect.DirectMethodHandleAccessor.invoke(DirectMethodHandleAccessor.java:103)
	at java.base/java.lang.reflect.Method.invoke(Method.java:580)
	at org.springframework.web.method.support.InvocableHandlerMethod.doInvoke(InvocableHandlerMethod.java:258)
	at org.springframework.web.method.support.InvocableHandlerMethod.invokeForRequest(InvocableHandlerMethod.java:191)
	at org.springframework.web.servlet.mvc.method.annotation.ServletInvocableHandlerMethod.invokeAndHandle(ServletInvocableHandlerMethod.java:118)
	at org.springframework.web.servlet.mvc.method.annotation.RequestMappingHandlerAdapter.invokeHandlerMethod(RequestMappingHandlerAdapter.java:986)
	at org.springframework.web.servlet.mvc.method.annotation.RequestMappingHandlerAdapter.handleInternal(RequestMappingHandlerAdapter.java:891)
	at org.springframework.web.servlet.mvc.method.AbstractHandlerMethodAdapter.handle(AbstractHandlerMethodAdapter.java:87)
	at org.springframework.web.servlet.DispatcherServlet.doDispatch(DispatcherServlet.java:1089)
	at org.springframework.web.servlet.DispatcherServlet.doService(DispatcherServlet.java:979)
	at org.springframework.web.servlet.FrameworkServlet.processRequest(FrameworkServlet.java:1014)
	at org.springframework.web.servlet.FrameworkServlet.doPost(FrameworkServlet.java:914)
	at jakarta.servlet.http.HttpServlet.service(HttpServlet.java:590)
	at org.springframework.web.servlet.FrameworkServlet.service(FrameworkServlet.java:885)
	at jakarta.servlet.http.HttpServlet.service(HttpServlet.java:658)
	at org.apache.catalina.core.ApplicationFilterChain.internalDoFilter(ApplicationFilterChain.java:195)
	at org.apache.catalina.core.ApplicationFilterChain.doFilter(ApplicationFilterChain.java:140)
	at org.apache.tomcat.websocket.server.WsFilter.doFilter(WsFilter.java:51)
	at org.apache.catalina.core.ApplicationFilterChain.internalDoFilter(ApplicationFilterChain.java:164)
	at org.apache.catalina.core.ApplicationFilterChain.doFilter(ApplicationFilterChain.java:140)
	at org.springframework.web.filter.RequestContextFilter.doFilterInternal(RequestContextFilter.java:100)
	at org.springframework.web.filter.OncePerRequestFilter.doFilter(OncePerRequestFilter.java:116)
	at org.apache.catalina.core.ApplicationFilterChain.internalDoFilter(ApplicationFilterChain.java:164)
	at org.apache.catalina.core.ApplicationFilterChain.doFilter(ApplicationFilterChain.java:140)
	at org.springframework.web.filter.FormContentFilter.doFilterInternal(FormContentFilter.java:93)
	at org.springframework.web.filter.OncePerRequestFilter.doFilter(OncePerRequestFilter.java:116)
	at org.apache.catalina.core.ApplicationFilterChain.internalDoFilter(ApplicationFilterChain.java:164)
	at org.apache.catalina.core.ApplicationFilterChain.doFilter(ApplicationFilterChain.java:140)
	at org.springframework.web.filter.CharacterEncodingFilter.doFilterInternal(CharacterEncodingFilter.java:201)
	at org.springframework.web.filter.OncePerRequestFilter.doFilter(OncePerRequestFilter.java:116)
	at org.apache.catalina.core.ApplicationFilterChain.internalDoFilter(ApplicationFilterChain.java:164)
	at org.apache.catalina.core.ApplicationFilterChain.doFilter(ApplicationFilterChain.java:140)
	at org.apache.catalina.core.StandardWrapperValve.invoke(StandardWrapperValve.java:167)
	at org.apache.catalina.core.StandardContextValve.invoke(StandardContextValve.java:90)
	at org.apache.catalina.authenticator.AuthenticatorBase.invoke(AuthenticatorBase.java:483)
	at org.apache.catalina.core.StandardHostValve.invoke(StandardHostValve.java:115)
	at org.apache.catalina.valves.ErrorReportValve.invoke(ErrorReportValve.java:93)
	at org.apache.catalina.core.StandardEngineValve.invoke(StandardEngineValve.java:74)
	at org.apache.catalina.connector.CoyoteAdapter.service(CoyoteAdapter.java:344)
	at org.apache.coyote.http11.Http11Processor.service(Http11Processor.java:397)
	at org.apache.coyote.AbstractProcessorLight.process(AbstractProcessorLight.java:63)
	at org.apache.coyote.AbstractProtocol$ConnectionHandler.process(AbstractProtocol.java:905)
	at org.apache.tomcat.util.net.NioEndpoint$SocketProcessor.doRun(NioEndpoint.java:1743)
	at org.apache.tomcat.util.net.SocketProcessorBase.run(SocketProcessorBase.java:52)
	at org.apache.tomcat.util.threads.ThreadPoolExecutor.runWorker(ThreadPoolExecutor.java:1190)
	at org.apache.tomcat.util.threads.ThreadPoolExecutor$Worker.run(ThreadPoolExecutor.java:659)
	at org.apache.tomcat.util.threads.TaskThread$WrappingRunnable.run(TaskThread.java:63)
	at java.base/java.lang.Thread.run(Thread.java:1583)
2025-08-11 12:41:44.370 INFO  [http-nio-8081-exec-4] r.d.d.controller.DealController - Received request to select loan offer: LoanOfferDto(statementId=11b7ff71-d60c-4481-a128-816f6fd1863a, requestedAmount=25000, totalAmount=25000, term=8, monthlyPayment=4700, rate=20, isInsuranceEnabled=true, isSalaryClient=true)
2025-08-11 12:41:44.370 DEBUG [http-nio-8081-exec-4] r.d.d.service.impl.DealServiceImpl - Selecting loan offer: LoanOfferDto(statementId=11b7ff71-d60c-4481-a128-816f6fd1863a, requestedAmount=25000, totalAmount=25000, term=8, monthlyPayment=4700, rate=20, isInsuranceEnabled=true, isSalaryClient=true)
2025-08-11 12:41:44.373 DEBUG [http-nio-8081-exec-4] org.hibernate.SQL - 
    select
        s1_0.statement_id,
        s1_0.applied_offer,
        s1_0.client_id,
        s1_0.creation_date,
        s1_0.credit_id,
        s1_0.ses_code,
        s1_0.sign_date,
        s1_0.status,
        s1_0.status_history 
    from
        statement s1_0 
    where
        s1_0.statement_id=?
2025-08-11 12:41:44.386 DEBUG [http-nio-8081-exec-4] r.d.d.s.impl.StatementServiceImpl - Find statement by Statement(statementId=11b7ff71-d60c-4481-a128-816f6fd1863a, status=PREAPPROVAL, creationDate=2025-08-11T09:38:40.857805Z, appliedOffer=null, signDate=null, sesCode=null, statusHistory=[StatusHistory(status=PREAPPROVAL, time=2025-08-11, changeType=AUTOMATIC)], client=Client(id=ab603dd3-13dd-4644-b159-b56b29821772, lastName=Rust, firstName=Coul, middleName=Jackson, birthDate=2003-01-01, email=coul@example.com, gender=null, maritalStatus=null, dependentAmount=null, passportId=null, employmentId=null, accountNumber=null, passport=Passport(series=1234, number=567890, issueBranch=null, issueDate=null), employment=Employment(status=null, employerInn=null, salary=null, position=null, workExperienceTotal=null, workExperienceCurrent=null)), credit=null) by id 11b7ff71-d60c-4481-a128-816f6fd1863a
2025-08-11 12:41:44.393 DEBUG [http-nio-8081-exec-4] r.d.d.s.impl.StatementServiceImpl - Updating statement: Statement(statementId=11b7ff71-d60c-4481-a128-816f6fd1863a, status=PREAPPROVAL, creationDate=2025-08-11T09:38:40.857805Z, appliedOffer=null, signDate=null, sesCode=null, statusHistory=[StatusHistory(status=PREAPPROVAL, time=2025-08-11, changeType=AUTOMATIC)], client=Client(id=ab603dd3-13dd-4644-b159-b56b29821772, lastName=Rust, firstName=Coul, middleName=Jackson, birthDate=2003-01-01, email=coul@example.com, gender=null, maritalStatus=null, dependentAmount=null, passportId=null, employmentId=null, accountNumber=null, passport=Passport(series=1234, number=567890, issueBranch=null, issueDate=null), employment=Employment(status=null, employerInn=null, salary=null, position=null, workExperienceTotal=null, workExperienceCurrent=null)), credit=null)
2025-08-11 12:41:44.393 DEBUG [http-nio-8081-exec-4] r.d.d.s.impl.StatementServiceImpl - Creating new status history entry: status = APPROVED, changeType = AUTOMATIC
2025-08-11 12:41:44.400 DEBUG [http-nio-8081-exec-4] org.hibernate.SQL - 
    update
        statement 
    set
        applied_offer=?,
        client_id=?,
        creation_date=?,
        credit_id=?,
        ses_code=?,
        sign_date=?,
        status=?,
        status_history=? 
    where
        statement_id=?
2025-08-11 12:41:44.421 DEBUG [http-nio-8081-exec-4] r.d.d.s.impl.StatementServiceImpl - Statement updated: Statement(statementId=11b7ff71-d60c-4481-a128-816f6fd1863a, status=APPROVED, creationDate=2025-08-11T09:38:40.857805Z, appliedOffer=LoanOfferDto(statementId=11b7ff71-d60c-4481-a128-816f6fd1863a, requestedAmount=25000, totalAmount=25000, term=8, monthlyPayment=4700, rate=20, isInsuranceEnabled=true, isSalaryClient=true), signDate=null, sesCode=null, statusHistory=[StatusHistory(status=PREAPPROVAL, time=2025-08-11, changeType=AUTOMATIC)], client=Client(id=ab603dd3-13dd-4644-b159-b56b29821772, lastName=Rust, firstName=Coul, middleName=Jackson, birthDate=2003-01-01, email=coul@example.com, gender=null, maritalStatus=null, dependentAmount=null, passportId=null, employmentId=null, accountNumber=null, passport=Passport(series=1234, number=567890, issueBranch=null, issueDate=null), employment=Employment(status=null, employerInn=null, salary=null, position=null, workExperienceTotal=null, workExperienceCurrent=null)), credit=null)
2025-08-11 12:41:44.421 DEBUG [http-nio-8081-exec-4] r.d.d.service.impl.DealServiceImpl - Loan offer selected.
2025-08-11 12:41:44.421 INFO  [http-nio-8081-exec-4] r.d.d.controller.DealController - Loan offer selected successfully.
2025-08-11 12:48:12.056 INFO  [http-nio-8081-exec-6] r.d.d.controller.DealController - Received request to calculate loan for statementId: 17c0ef96-caf9-4be5-a857-6d095339a520 with request: FinishRegistrationRequestDto(gender=FEMALE, maritalStatus=MARRIED, dependentAmount=25000, passportIssueDate=2003-01-01, passportIssueBranch=MG Russia, employmentDto=EmploymentDto(employmentStatus=SELF_EMPLOYED, employerINN=123456789012, salary=60000, position=MANAGER, workExperienceTotal=20, workExperienceCurrent=10), accountNumber=12345678901234567000)
2025-08-11 12:48:12.056 DEBUG [http-nio-8081-exec-6] r.d.d.service.impl.DealServiceImpl - Calculating loan for statementId: 17c0ef96-caf9-4be5-a857-6d095339a520 with request: FinishRegistrationRequestDto(gender=FEMALE, maritalStatus=MARRIED, dependentAmount=25000, passportIssueDate=2003-01-01, passportIssueBranch=MG Russia, employmentDto=EmploymentDto(employmentStatus=SELF_EMPLOYED, employerINN=123456789012, salary=60000, position=MANAGER, workExperienceTotal=20, workExperienceCurrent=10), accountNumber=12345678901234567000)
2025-08-11 12:48:12.056 DEBUG [http-nio-8081-exec-6] org.hibernate.SQL - 
    select
        s1_0.statement_id,
        s1_0.applied_offer,
        s1_0.client_id,
        s1_0.creation_date,
        s1_0.credit_id,
        s1_0.ses_code,
        s1_0.sign_date,
        s1_0.status,
        s1_0.status_history 
    from
        statement s1_0 
    where
        s1_0.statement_id=?
2025-08-11 12:48:12.063 DEBUG [http-nio-8081-exec-6] r.d.d.s.impl.StatementServiceImpl - Find statement by Statement(statementId=17c0ef96-caf9-4be5-a857-6d095339a520, status=PREAPPROVAL, creationDate=2025-08-08T09:58:42.324016Z, appliedOffer=null, signDate=null, sesCode=null, statusHistory=[StatusHistory(status=PREAPPROVAL, time=2025-08-08, changeType=AUTOMATIC)], client=Client(id=95ba2616-107a-4c66-87e6-3f4432d1d97e, lastName=Rust, firstName=null, middleName=Jackson, birthDate=2013-01-01, email=coul@example.com, gender=null, maritalStatus=null, dependentAmount=null, passportId=null, employmentId=null, accountNumber=null, passport=Passport(series=1234, number=567890, issueBranch=null, issueDate=null), employment=Employment(status=null, employerInn=null, salary=null, position=null, workExperienceTotal=null, workExperienceCurrent=null)), credit=null) by id 17c0ef96-caf9-4be5-a857-6d095339a520
2025-08-11 12:48:12.070 DEBUG [http-nio-8081-exec-6] r.d.d.service.impl.DealServiceImpl - Creating scoring data DTO.
2025-08-11 12:48:12.070 ERROR [http-nio-8081-exec-6] o.a.c.c.C.[.[.[.[dispatcherServlet] - Servlet.service() for servlet [dispatcherServlet] in context with path [] threw exception [Request processing failed: java.lang.NullPointerException: Cannot invoke "ru.duhov.dealService.dto.LoanOfferDto.getTotalAmount()" because the return value of "ru.duhov.dealService.entity.Statement.getAppliedOffer()" is null] with root cause
java.lang.NullPointerException: Cannot invoke "ru.duhov.dealService.dto.LoanOfferDto.getTotalAmount()" because the return value of "ru.duhov.dealService.entity.Statement.getAppliedOffer()" is null
	at ru.duhov.dealService.service.impl.DealServiceImpl.makeScoringDataDto(DealServiceImpl.java:64)
	at ru.duhov.dealService.service.impl.DealServiceImpl.calculateLoan(DealServiceImpl.java:50)
	at ru.duhov.dealService.controller.DealController.dealCalculateStatementIdPost(DealController.java:70)
	at java.base/jdk.internal.reflect.DirectMethodHandleAccessor.invoke(DirectMethodHandleAccessor.java:103)
	at java.base/java.lang.reflect.Method.invoke(Method.java:580)
	at org.springframework.web.method.support.InvocableHandlerMethod.doInvoke(InvocableHandlerMethod.java:258)
	at org.springframework.web.method.support.InvocableHandlerMethod.invokeForRequest(InvocableHandlerMethod.java:191)
	at org.springframework.web.servlet.mvc.method.annotation.ServletInvocableHandlerMethod.invokeAndHandle(ServletInvocableHandlerMethod.java:118)
	at org.springframework.web.servlet.mvc.method.annotation.RequestMappingHandlerAdapter.invokeHandlerMethod(RequestMappingHandlerAdapter.java:986)
	at org.springframework.web.servlet.mvc.method.annotation.RequestMappingHandlerAdapter.handleInternal(RequestMappingHandlerAdapter.java:891)
	at org.springframework.web.servlet.mvc.method.AbstractHandlerMethodAdapter.handle(AbstractHandlerMethodAdapter.java:87)
	at org.springframework.web.servlet.DispatcherServlet.doDispatch(DispatcherServlet.java:1089)
	at org.springframework.web.servlet.DispatcherServlet.doService(DispatcherServlet.java:979)
	at org.springframework.web.servlet.FrameworkServlet.processRequest(FrameworkServlet.java:1014)
	at org.springframework.web.servlet.FrameworkServlet.doPost(FrameworkServlet.java:914)
	at jakarta.servlet.http.HttpServlet.service(HttpServlet.java:590)
	at org.springframework.web.servlet.FrameworkServlet.service(FrameworkServlet.java:885)
	at jakarta.servlet.http.HttpServlet.service(HttpServlet.java:658)
	at org.apache.catalina.core.ApplicationFilterChain.internalDoFilter(ApplicationFilterChain.java:195)
	at org.apache.catalina.core.ApplicationFilterChain.doFilter(ApplicationFilterChain.java:140)
	at org.apache.tomcat.websocket.server.WsFilter.doFilter(WsFilter.java:51)
	at org.apache.catalina.core.ApplicationFilterChain.internalDoFilter(ApplicationFilterChain.java:164)
	at org.apache.catalina.core.ApplicationFilterChain.doFilter(ApplicationFilterChain.java:140)
	at org.springframework.web.filter.RequestContextFilter.doFilterInternal(RequestContextFilter.java:100)
	at org.springframework.web.filter.OncePerRequestFilter.doFilter(OncePerRequestFilter.java:116)
	at org.apache.catalina.core.ApplicationFilterChain.internalDoFilter(ApplicationFilterChain.java:164)
	at org.apache.catalina.core.ApplicationFilterChain.doFilter(ApplicationFilterChain.java:140)
	at org.springframework.web.filter.FormContentFilter.doFilterInternal(FormContentFilter.java:93)
	at org.springframework.web.filter.OncePerRequestFilter.doFilter(OncePerRequestFilter.java:116)
	at org.apache.catalina.core.ApplicationFilterChain.internalDoFilter(ApplicationFilterChain.java:164)
	at org.apache.catalina.core.ApplicationFilterChain.doFilter(ApplicationFilterChain.java:140)
	at org.springframework.web.filter.CharacterEncodingFilter.doFilterInternal(CharacterEncodingFilter.java:201)
	at org.springframework.web.filter.OncePerRequestFilter.doFilter(OncePerRequestFilter.java:116)
	at org.apache.catalina.core.ApplicationFilterChain.internalDoFilter(ApplicationFilterChain.java:164)
	at org.apache.catalina.core.ApplicationFilterChain.doFilter(ApplicationFilterChain.java:140)
	at org.apache.catalina.core.StandardWrapperValve.invoke(StandardWrapperValve.java:167)
	at org.apache.catalina.core.StandardContextValve.invoke(StandardContextValve.java:90)
	at org.apache.catalina.authenticator.AuthenticatorBase.invoke(AuthenticatorBase.java:483)
	at org.apache.catalina.core.StandardHostValve.invoke(StandardHostValve.java:115)
	at org.apache.catalina.valves.ErrorReportValve.invoke(ErrorReportValve.java:93)
	at org.apache.catalina.core.StandardEngineValve.invoke(StandardEngineValve.java:74)
	at org.apache.catalina.connector.CoyoteAdapter.service(CoyoteAdapter.java:344)
	at org.apache.coyote.http11.Http11Processor.service(Http11Processor.java:397)
	at org.apache.coyote.AbstractProcessorLight.process(AbstractProcessorLight.java:63)
	at org.apache.coyote.AbstractProtocol$ConnectionHandler.process(AbstractProtocol.java:905)
	at org.apache.tomcat.util.net.NioEndpoint$SocketProcessor.doRun(NioEndpoint.java:1743)
	at org.apache.tomcat.util.net.SocketProcessorBase.run(SocketProcessorBase.java:52)
	at org.apache.tomcat.util.threads.ThreadPoolExecutor.runWorker(ThreadPoolExecutor.java:1190)
	at org.apache.tomcat.util.threads.ThreadPoolExecutor$Worker.run(ThreadPoolExecutor.java:659)
	at org.apache.tomcat.util.threads.TaskThread$WrappingRunnable.run(TaskThread.java:63)
	at java.base/java.lang.Thread.run(Thread.java:1583)
2025-08-11 12:50:20.511 INFO  [http-nio-8081-exec-8] r.d.d.controller.DealController - Received request to calculate loan for statementId: 8475b131-086c-4ed5-901d-5b95895e2f29 with request: FinishRegistrationRequestDto(gender=FEMALE, maritalStatus=MARRIED, dependentAmount=25000, passportIssueDate=2003-01-01, passportIssueBranch=MG Russia, employmentDto=EmploymentDto(employmentStatus=SELF_EMPLOYED, employerINN=123456789012, salary=60000, position=MANAGER, workExperienceTotal=20, workExperienceCurrent=10), accountNumber=12345678901234567000)
2025-08-11 12:50:20.511 DEBUG [http-nio-8081-exec-8] r.d.d.service.impl.DealServiceImpl - Calculating loan for statementId: 8475b131-086c-4ed5-901d-5b95895e2f29 with request: FinishRegistrationRequestDto(gender=FEMALE, maritalStatus=MARRIED, dependentAmount=25000, passportIssueDate=2003-01-01, passportIssueBranch=MG Russia, employmentDto=EmploymentDto(employmentStatus=SELF_EMPLOYED, employerINN=123456789012, salary=60000, position=MANAGER, workExperienceTotal=20, workExperienceCurrent=10), accountNumber=12345678901234567000)
2025-08-11 12:50:20.514 DEBUG [http-nio-8081-exec-8] org.hibernate.SQL - 
    select
        s1_0.statement_id,
        s1_0.applied_offer,
        s1_0.client_id,
        s1_0.creation_date,
        s1_0.credit_id,
        s1_0.ses_code,
        s1_0.sign_date,
        s1_0.status,
        s1_0.status_history 
    from
        statement s1_0 
    where
        s1_0.statement_id=?
2025-08-11 12:50:20.514 DEBUG [http-nio-8081-exec-8] r.d.d.s.impl.StatementServiceImpl - Find statement by Statement(statementId=8475b131-086c-4ed5-901d-5b95895e2f29, status=APPROVED, creationDate=2025-08-07T14:07:10.662108Z, appliedOffer=LoanOfferDto(statementId=8475b131-086c-4ed5-901d-5b95895e2f29, requestedAmount=25000, totalAmount=25000, term=8, monthlyPayment=4700, rate=20, isInsuranceEnabled=true, isSalaryClient=true), signDate=null, sesCode=null, statusHistory=[StatusHistory(status=PREAPPROVAL, time=2025-08-07, changeType=AUTOMATIC)], client=Client(id=88c4b0c2-98cd-4213-be03-3391421f41a9, lastName=Rust, firstName=Coul, middleName=Jackson, birthDate=2003-01-01, email=coul@example.com, gender=null, maritalStatus=null, dependentAmount=null, passportId=null, employmentId=null, accountNumber=null, passport=Passport(series=1234, number=567890, issueBranch=null, issueDate=null), employment=Employment(status=null, employerInn=null, salary=null, position=null, workExperienceTotal=null, workExperienceCurrent=null)), credit=null) by id 8475b131-086c-4ed5-901d-5b95895e2f29
2025-08-11 12:50:20.521 DEBUG [http-nio-8081-exec-8] r.d.d.service.impl.DealServiceImpl - Creating scoring data DTO.
2025-08-11 12:50:20.522 DEBUG [http-nio-8081-exec-8] r.d.d.service.impl.DealServiceImpl - Scoring data created: ScoringDataDto(amount=25000, term=8, firstName=Coul, lastName=Rust, middleName=Jackson, gender=FEMALE, birthdate=2003-01-01, passportSeries=1234, passportNumber=567890, passportIssueDate=2003-01-01, passportIssueBranch=MG Russia, maritalStatus=MARRIED, dependentAmount=25000, employment=EmploymentDto(employmentStatus=SELF_EMPLOYED, employerINN=123456789012, salary=60000, position=MANAGER, workExperienceTotal=20, workExperienceCurrent=10), accountNumber=12345678901234567000, isInsuranceEnabled=true, isSalaryClient=true)
2025-08-11 12:50:20.723 DEBUG [http-nio-8081-exec-8] r.d.d.service.impl.DealServiceImpl - Credit data calculated: CreditDto(amount=125000, term=8, monthlyPayment=16396.29, rate=13, psk=409500.00, isInsuranceEnabled=true, isSalaryClient=true, paymentSchedule=[PaymentScheduleElementDto(number=1, date=2025-09-11, totalPayment=16396.29, interestPayment=1354.16, debtPayment=15042.13, remainingDebt=125000.00), PaymentScheduleElementDto(number=2, date=2025-10-11, totalPayment=16396.29, interestPayment=1354.16, debtPayment=15042.13, remainingDebt=125000.00), PaymentScheduleElementDto(number=3, date=2025-11-11, totalPayment=16396.29, interestPayment=1354.16, debtPayment=15042.13, remainingDebt=125000.00), PaymentScheduleElementDto(number=4, date=2025-12-11, totalPayment=16396.29, interestPayment=1354.16, debtPayment=15042.13, remainingDebt=125000.00), PaymentScheduleElementDto(number=5, date=2026-01-11, totalPayment=16396.29, interestPayment=1354.16, debtPayment=15042.13, remainingDebt=125000.00), PaymentScheduleElementDto(number=6, date=2026-02-11, totalPayment=16396.29, interestPayment=1354.16, debtPayment=15042.13, remainingDebt=125000.00), PaymentScheduleElementDto(number=7, date=2026-03-11, totalPayment=16396.29, interestPayment=1354.16, debtPayment=15042.13, remainingDebt=125000.00), PaymentScheduleElementDto(number=8, date=2026-04-11, totalPayment=141396.29, interestPayment=1354.16, debtPayment=15042.13, remainingDebt=0.00)])
2025-08-11 12:50:20.723 DEBUG [http-nio-8081-exec-8] r.d.d.service.impl.CreditServiceImpl - Creating new credit with data: CreditDto(amount=125000, term=8, monthlyPayment=16396.29, rate=13, psk=409500.00, isInsuranceEnabled=true, isSalaryClient=true, paymentSchedule=[PaymentScheduleElementDto(number=1, date=2025-09-11, totalPayment=16396.29, interestPayment=1354.16, debtPayment=15042.13, remainingDebt=125000.00), PaymentScheduleElementDto(number=2, date=2025-10-11, totalPayment=16396.29, interestPayment=1354.16, debtPayment=15042.13, remainingDebt=125000.00), PaymentScheduleElementDto(number=3, date=2025-11-11, totalPayment=16396.29, interestPayment=1354.16, debtPayment=15042.13, remainingDebt=125000.00), PaymentScheduleElementDto(number=4, date=2025-12-11, totalPayment=16396.29, interestPayment=1354.16, debtPayment=15042.13, remainingDebt=125000.00), PaymentScheduleElementDto(number=5, date=2026-01-11, totalPayment=16396.29, interestPayment=1354.16, debtPayment=15042.13, remainingDebt=125000.00), PaymentScheduleElementDto(number=6, date=2026-02-11, totalPayment=16396.29, interestPayment=1354.16, debtPayment=15042.13, remainingDebt=125000.00), PaymentScheduleElementDto(number=7, date=2026-03-11, totalPayment=16396.29, interestPayment=1354.16, debtPayment=15042.13, remainingDebt=125000.00), PaymentScheduleElementDto(number=8, date=2026-04-11, totalPayment=141396.29, interestPayment=1354.16, debtPayment=15042.13, remainingDebt=0.00)])
2025-08-11 12:50:20.744 DEBUG [http-nio-8081-exec-8] org.hibernate.SQL - 
    insert 
    into
        credit
        (amount, credit_status, insurance_enabled, monthly_payment, payment_schedule, psk, rate, salary_client, term, credit_id) 
    values
        (?, ?, ?, ?, ?, ?, ?, ?, ?, ?)
2025-08-11 12:50:20.751 DEBUG [http-nio-8081-exec-8] r.d.d.service.impl.CreditServiceImpl - Credit created: Credit(id=30d3b7e8-15e3-45e7-96f7-b268ef0f0c0f, amount=125000, term=8, monthlyPayment=16396.29, rate=13, psk=409500.00, paymentSchedule=[PaymentScheduleElementDto(number=1, date=2025-09-11, totalPayment=16396.29, interestPayment=1354.16, debtPayment=15042.13, remainingDebt=125000.00), PaymentScheduleElementDto(number=2, date=2025-10-11, totalPayment=16396.29, interestPayment=1354.16, debtPayment=15042.13, remainingDebt=125000.00), PaymentScheduleElementDto(number=3, date=2025-11-11, totalPayment=16396.29, interestPayment=1354.16, debtPayment=15042.13, remainingDebt=125000.00), PaymentScheduleElementDto(number=4, date=2025-12-11, totalPayment=16396.29, interestPayment=1354.16, debtPayment=15042.13, remainingDebt=125000.00), PaymentScheduleElementDto(number=5, date=2026-01-11, totalPayment=16396.29, interestPayment=1354.16, debtPayment=15042.13, remainingDebt=125000.00), PaymentScheduleElementDto(number=6, date=2026-02-11, totalPayment=16396.29, interestPayment=1354.16, debtPayment=15042.13, remainingDebt=125000.00), PaymentScheduleElementDto(number=7, date=2026-03-11, totalPayment=16396.29, interestPayment=1354.16, debtPayment=15042.13, remainingDebt=125000.00), PaymentScheduleElementDto(number=8, date=2026-04-11, totalPayment=141396.29, interestPayment=1354.16, debtPayment=15042.13, remainingDebt=0.00)], insuranceEnabled=true, salaryClient=true, creditStatus=CALCULATED)
2025-08-11 12:50:20.758 DEBUG [http-nio-8081-exec-8] r.d.d.service.impl.DealServiceImpl - Loan calculated and credit created successfully.
2025-08-11 12:50:20.758 INFO  [http-nio-8081-exec-8] r.d.d.controller.DealController - Loan calculated successfully.
2025-08-11 12:51:11.076 INFO  [http-nio-8081-exec-7] r.d.d.controller.DealController - Received request for loan offers: LoanStatementRequestDto(amount=-25000, term=8, firstName=Coul, lastName=Rust, middleName=Jackson, email=coul@example.com, birthdate=2003-01-01, passportSeries=1234, passportNumber=567890)
2025-08-11 12:51:11.077 DEBUG [http-nio-8081-exec-7] r.d.d.service.impl.DealServiceImpl - Get loan offers from request LoanStatementRequestDto(amount=-25000, term=8, firstName=Coul, lastName=Rust, middleName=Jackson, email=coul@example.com, birthdate=2003-01-01, passportSeries=1234, passportNumber=567890)
2025-08-11 12:51:11.077 DEBUG [http-nio-8081-exec-7] r.d.d.service.impl.ClientServiceImpl - Creating client based on LoanStatementRequestDto LoanStatementRequestDto(amount=-25000, term=8, firstName=Coul, lastName=Rust, middleName=Jackson, email=coul@example.com, birthdate=2003-01-01, passportSeries=1234, passportNumber=567890)
2025-08-11 12:51:11.077 DEBUG [http-nio-8081-exec-7] r.d.d.service.impl.ClientServiceImpl - Created client Client(id=null, lastName=Rust, firstName=Coul, middleName=Jackson, birthDate=2003-01-01, email=coul@example.com, gender=null, maritalStatus=null, dependentAmount=null, passportId=null, employmentId=null, accountNumber=null, passport=Passport(series=1234, number=567890, issueBranch=null, issueDate=null), employment=Employment(status=null, employerInn=null, salary=null, position=null, workExperienceTotal=null, workExperienceCurrent=null))
2025-08-11 12:51:11.079 DEBUG [http-nio-8081-exec-7] org.hibernate.SQL - 
    insert 
    into
        client
        (account_number, birth_date, dependent_amount, email, employment, employment_id, first_name, gender, last_name, marital_status, middle_name, passport, passport_id, client_id) 
    values
        (?, ?, ?, ?, ?, ?, ?, ?, ?, ?, ?, ?, ?, ?)
2025-08-11 12:51:11.079 DEBUG [http-nio-8081-exec-7] r.d.d.s.impl.StatementServiceImpl - Creating new statement for client: Client(id=18df079f-41f4-43e9-9a01-95ed823cfa7f, lastName=Rust, firstName=Coul, middleName=Jackson, birthDate=2003-01-01, email=coul@example.com, gender=null, maritalStatus=null, dependentAmount=null, passportId=null, employmentId=null, accountNumber=null, passport=Passport(series=1234, number=567890, issueBranch=null, issueDate=null), employment=Employment(status=null, employerInn=null, salary=null, position=null, workExperienceTotal=null, workExperienceCurrent=null))
2025-08-11 12:51:11.079 DEBUG [http-nio-8081-exec-7] r.d.d.s.impl.StatementServiceImpl - Creating new status history entry: status = PREAPPROVAL, changeType = AUTOMATIC
2025-08-11 12:51:11.085 DEBUG [http-nio-8081-exec-7] r.d.d.s.impl.StatementServiceImpl - Statement created: Statement(statementId=b81186c5-9add-4836-b7b1-5d8d23df42af, status=PREAPPROVAL, creationDate=2025-08-11T12:51:11.079559500+03:00, appliedOffer=null, signDate=null, sesCode=null, statusHistory=[StatusHistory(status=PREAPPROVAL, time=2025-08-11, changeType=AUTOMATIC)], client=Client(id=18df079f-41f4-43e9-9a01-95ed823cfa7f, lastName=Rust, firstName=Coul, middleName=Jackson, birthDate=2003-01-01, email=coul@example.com, gender=null, maritalStatus=null, dependentAmount=null, passportId=null, employmentId=null, accountNumber=null, passport=Passport(series=1234, number=567890, issueBranch=null, issueDate=null), employment=Employment(status=null, employerInn=null, salary=null, position=null, workExperienceTotal=null, workExperienceCurrent=null)), credit=null)
2025-08-11 12:51:11.085 DEBUG [http-nio-8081-exec-7] org.hibernate.SQL - 
    insert 
    into
        statement
        (applied_offer, client_id, creation_date, credit_id, ses_code, sign_date, status, status_history, statement_id) 
    values
        (?, ?, ?, ?, ?, ?, ?, ?, ?)
2025-08-11 12:51:11.105 ERROR [http-nio-8081-exec-7] o.a.c.c.C.[.[.[.[dispatcherServlet] - Servlet.service() for servlet [dispatcherServlet] in context with path [] threw exception [Request processing failed: org.springframework.web.client.HttpClientErrorException$BadRequest: 400 Bad Request: "{"timestamp":"2025-08-11T12:51:11.0989542","status":400,"error":"Validation failed","message":"{amount=должно быть больше, чем или равно 20000}"}"] with root cause
org.springframework.web.client.HttpClientErrorException$BadRequest: 400 Bad Request: "{"timestamp":"2025-08-11T12:51:11.0989542","status":400,"error":"Validation failed","message":"{amount=должно быть больше, чем или равно 20000}"}"
	at org.springframework.web.client.HttpClientErrorException.create(HttpClientErrorException.java:103)
	at org.springframework.web.client.StatusHandler.lambda$defaultHandler$3(StatusHandler.java:86)
	at org.springframework.web.client.StatusHandler.handle(StatusHandler.java:146)
	at org.springframework.web.client.DefaultRestClient$DefaultResponseSpec.applyStatusHandlers(DefaultRestClient.java:826)
	at org.springframework.web.client.DefaultRestClient$DefaultResponseSpec.lambda$readBody$4(DefaultRestClient.java:815)
	at org.springframework.web.client.DefaultRestClient.readWithMessageConverters(DefaultRestClient.java:215)
	at org.springframework.web.client.DefaultRestClient$DefaultResponseSpec.readBody(DefaultRestClient.java:814)
	at org.springframework.web.client.DefaultRestClient$DefaultResponseSpec.lambda$body$1(DefaultRestClient.java:753)
	at org.springframework.web.client.DefaultRestClient$DefaultRequestBodyUriSpec.exchangeInternal(DefaultRestClient.java:574)
	at org.springframework.web.client.DefaultRestClient$DefaultRequestBodyUriSpec.exchange(DefaultRestClient.java:535)
	at org.springframework.web.client.RestClient$RequestHeadersSpec.exchange(RestClient.java:677)
	at org.springframework.web.client.DefaultRestClient$DefaultResponseSpec.executeAndExtract(DefaultRestClient.java:809)
	at org.springframework.web.client.DefaultRestClient$DefaultResponseSpec.body(DefaultRestClient.java:753)
	at ru.duhov.dealService.utils.RestClientServiceImpl.getLoanOffers(RestClientServiceImpl.java:37)
	at ru.duhov.dealService.service.impl.DealServiceImpl.getLoanOffers(DealServiceImpl.java:33)
	at ru.duhov.dealService.controller.DealController.dealStatementPost(DealController.java:42)
	at java.base/jdk.internal.reflect.DirectMethodHandleAccessor.invoke(DirectMethodHandleAccessor.java:103)
	at java.base/java.lang.reflect.Method.invoke(Method.java:580)
	at org.springframework.web.method.support.InvocableHandlerMethod.doInvoke(InvocableHandlerMethod.java:258)
	at org.springframework.web.method.support.InvocableHandlerMethod.invokeForRequest(InvocableHandlerMethod.java:191)
	at org.springframework.web.servlet.mvc.method.annotation.ServletInvocableHandlerMethod.invokeAndHandle(ServletInvocableHandlerMethod.java:118)
	at org.springframework.web.servlet.mvc.method.annotation.RequestMappingHandlerAdapter.invokeHandlerMethod(RequestMappingHandlerAdapter.java:986)
	at org.springframework.web.servlet.mvc.method.annotation.RequestMappingHandlerAdapter.handleInternal(RequestMappingHandlerAdapter.java:891)
	at org.springframework.web.servlet.mvc.method.AbstractHandlerMethodAdapter.handle(AbstractHandlerMethodAdapter.java:87)
	at org.springframework.web.servlet.DispatcherServlet.doDispatch(DispatcherServlet.java:1089)
	at org.springframework.web.servlet.DispatcherServlet.doService(DispatcherServlet.java:979)
	at org.springframework.web.servlet.FrameworkServlet.processRequest(FrameworkServlet.java:1014)
	at org.springframework.web.servlet.FrameworkServlet.doPost(FrameworkServlet.java:914)
	at jakarta.servlet.http.HttpServlet.service(HttpServlet.java:590)
	at org.springframework.web.servlet.FrameworkServlet.service(FrameworkServlet.java:885)
	at jakarta.servlet.http.HttpServlet.service(HttpServlet.java:658)
	at org.apache.catalina.core.ApplicationFilterChain.internalDoFilter(ApplicationFilterChain.java:195)
	at org.apache.catalina.core.ApplicationFilterChain.doFilter(ApplicationFilterChain.java:140)
	at org.apache.tomcat.websocket.server.WsFilter.doFilter(WsFilter.java:51)
	at org.apache.catalina.core.ApplicationFilterChain.internalDoFilter(ApplicationFilterChain.java:164)
	at org.apache.catalina.core.ApplicationFilterChain.doFilter(ApplicationFilterChain.java:140)
	at org.springframework.web.filter.RequestContextFilter.doFilterInternal(RequestContextFilter.java:100)
	at org.springframework.web.filter.OncePerRequestFilter.doFilter(OncePerRequestFilter.java:116)
	at org.apache.catalina.core.ApplicationFilterChain.internalDoFilter(ApplicationFilterChain.java:164)
	at org.apache.catalina.core.ApplicationFilterChain.doFilter(ApplicationFilterChain.java:140)
	at org.springframework.web.filter.FormContentFilter.doFilterInternal(FormContentFilter.java:93)
	at org.springframework.web.filter.OncePerRequestFilter.doFilter(OncePerRequestFilter.java:116)
	at org.apache.catalina.core.ApplicationFilterChain.internalDoFilter(ApplicationFilterChain.java:164)
	at org.apache.catalina.core.ApplicationFilterChain.doFilter(ApplicationFilterChain.java:140)
	at org.springframework.web.filter.CharacterEncodingFilter.doFilterInternal(CharacterEncodingFilter.java:201)
	at org.springframework.web.filter.OncePerRequestFilter.doFilter(OncePerRequestFilter.java:116)
	at org.apache.catalina.core.ApplicationFilterChain.internalDoFilter(ApplicationFilterChain.java:164)
	at org.apache.catalina.core.ApplicationFilterChain.doFilter(ApplicationFilterChain.java:140)
	at org.apache.catalina.core.StandardWrapperValve.invoke(StandardWrapperValve.java:167)
	at org.apache.catalina.core.StandardContextValve.invoke(StandardContextValve.java:90)
	at org.apache.catalina.authenticator.AuthenticatorBase.invoke(AuthenticatorBase.java:483)
	at org.apache.catalina.core.StandardHostValve.invoke(StandardHostValve.java:115)
	at org.apache.catalina.valves.ErrorReportValve.invoke(ErrorReportValve.java:93)
	at org.apache.catalina.core.StandardEngineValve.invoke(StandardEngineValve.java:74)
	at org.apache.catalina.connector.CoyoteAdapter.service(CoyoteAdapter.java:344)
	at org.apache.coyote.http11.Http11Processor.service(Http11Processor.java:397)
	at org.apache.coyote.AbstractProcessorLight.process(AbstractProcessorLight.java:63)
	at org.apache.coyote.AbstractProtocol$ConnectionHandler.process(AbstractProtocol.java:905)
	at org.apache.tomcat.util.net.NioEndpoint$SocketProcessor.doRun(NioEndpoint.java:1743)
	at org.apache.tomcat.util.net.SocketProcessorBase.run(SocketProcessorBase.java:52)
	at org.apache.tomcat.util.threads.ThreadPoolExecutor.runWorker(ThreadPoolExecutor.java:1190)
	at org.apache.tomcat.util.threads.ThreadPoolExecutor$Worker.run(ThreadPoolExecutor.java:659)
	at org.apache.tomcat.util.threads.TaskThread$WrappingRunnable.run(TaskThread.java:63)
	at java.base/java.lang.Thread.run(Thread.java:1583)
2025-08-11 12:51:26.167 INFO  [http-nio-8081-exec-10] r.d.d.controller.DealController - Received request for loan offers: LoanStatementRequestDto(amount=25000, term=8, firstName=Coul, lastName=Rust, middleName=Jackson, email=coul@example.com, birthdate=2003-01-01, passportSeries=, passportNumber=567890)
2025-08-11 12:51:26.167 DEBUG [http-nio-8081-exec-10] r.d.d.service.impl.DealServiceImpl - Get loan offers from request LoanStatementRequestDto(amount=25000, term=8, firstName=Coul, lastName=Rust, middleName=Jackson, email=coul@example.com, birthdate=2003-01-01, passportSeries=, passportNumber=567890)
2025-08-11 12:51:26.167 DEBUG [http-nio-8081-exec-10] r.d.d.service.impl.ClientServiceImpl - Creating client based on LoanStatementRequestDto LoanStatementRequestDto(amount=25000, term=8, firstName=Coul, lastName=Rust, middleName=Jackson, email=coul@example.com, birthdate=2003-01-01, passportSeries=, passportNumber=567890)
2025-08-11 12:51:26.167 DEBUG [http-nio-8081-exec-10] r.d.d.service.impl.ClientServiceImpl - Created client Client(id=null, lastName=Rust, firstName=Coul, middleName=Jackson, birthDate=2003-01-01, email=coul@example.com, gender=null, maritalStatus=null, dependentAmount=null, passportId=null, employmentId=null, accountNumber=null, passport=Passport(series=, number=567890, issueBranch=null, issueDate=null), employment=Employment(status=null, employerInn=null, salary=null, position=null, workExperienceTotal=null, workExperienceCurrent=null))
2025-08-11 12:51:26.167 DEBUG [http-nio-8081-exec-10] org.hibernate.SQL - 
    insert 
    into
        client
        (account_number, birth_date, dependent_amount, email, employment, employment_id, first_name, gender, last_name, marital_status, middle_name, passport, passport_id, client_id) 
    values
        (?, ?, ?, ?, ?, ?, ?, ?, ?, ?, ?, ?, ?, ?)
2025-08-11 12:51:26.172 DEBUG [http-nio-8081-exec-10] r.d.d.s.impl.StatementServiceImpl - Creating new statement for client: Client(id=b6ece05e-3892-4e89-be22-f78b3abdbe4b, lastName=Rust, firstName=Coul, middleName=Jackson, birthDate=2003-01-01, email=coul@example.com, gender=null, maritalStatus=null, dependentAmount=null, passportId=null, employmentId=null, accountNumber=null, passport=Passport(series=, number=567890, issueBranch=null, issueDate=null), employment=Employment(status=null, employerInn=null, salary=null, position=null, workExperienceTotal=null, workExperienceCurrent=null))
2025-08-11 12:51:26.172 DEBUG [http-nio-8081-exec-10] r.d.d.s.impl.StatementServiceImpl - Creating new status history entry: status = PREAPPROVAL, changeType = AUTOMATIC
2025-08-11 12:51:26.172 DEBUG [http-nio-8081-exec-10] r.d.d.s.impl.StatementServiceImpl - Statement created: Statement(statementId=deadfd40-180e-4c4f-b884-0826bec5ad04, status=PREAPPROVAL, creationDate=2025-08-11T12:51:26.172053700+03:00, appliedOffer=null, signDate=null, sesCode=null, statusHistory=[StatusHistory(status=PREAPPROVAL, time=2025-08-11, changeType=AUTOMATIC)], client=Client(id=b6ece05e-3892-4e89-be22-f78b3abdbe4b, lastName=Rust, firstName=Coul, middleName=Jackson, birthDate=2003-01-01, email=coul@example.com, gender=null, maritalStatus=null, dependentAmount=null, passportId=null, employmentId=null, accountNumber=null, passport=Passport(series=, number=567890, issueBranch=null, issueDate=null), employment=Employment(status=null, employerInn=null, salary=null, position=null, workExperienceTotal=null, workExperienceCurrent=null)), credit=null)
2025-08-11 12:51:26.172 DEBUG [http-nio-8081-exec-10] org.hibernate.SQL - 
    insert 
    into
        statement
        (applied_offer, client_id, creation_date, credit_id, ses_code, sign_date, status, status_history, statement_id) 
    values
        (?, ?, ?, ?, ?, ?, ?, ?, ?)
2025-08-11 12:51:26.207 ERROR [http-nio-8081-exec-10] o.a.c.c.C.[.[.[.[dispatcherServlet] - Servlet.service() for servlet [dispatcherServlet] in context with path [] threw exception [Request processing failed: org.springframework.web.client.HttpClientErrorException$BadRequest: 400 Bad Request: "{"timestamp":"2025-08-11T12:51:26.1861457","status":400,"error":"Validation failed","message":"{passportSeries=не должно быть пустым}"}"] with root cause
org.springframework.web.client.HttpClientErrorException$BadRequest: 400 Bad Request: "{"timestamp":"2025-08-11T12:51:26.1861457","status":400,"error":"Validation failed","message":"{passportSeries=не должно быть пустым}"}"
	at org.springframework.web.client.HttpClientErrorException.create(HttpClientErrorException.java:103)
	at org.springframework.web.client.StatusHandler.lambda$defaultHandler$3(StatusHandler.java:86)
	at org.springframework.web.client.StatusHandler.handle(StatusHandler.java:146)
	at org.springframework.web.client.DefaultRestClient$DefaultResponseSpec.applyStatusHandlers(DefaultRestClient.java:826)
	at org.springframework.web.client.DefaultRestClient$DefaultResponseSpec.lambda$readBody$4(DefaultRestClient.java:815)
	at org.springframework.web.client.DefaultRestClient.readWithMessageConverters(DefaultRestClient.java:215)
	at org.springframework.web.client.DefaultRestClient$DefaultResponseSpec.readBody(DefaultRestClient.java:814)
	at org.springframework.web.client.DefaultRestClient$DefaultResponseSpec.lambda$body$1(DefaultRestClient.java:753)
	at org.springframework.web.client.DefaultRestClient$DefaultRequestBodyUriSpec.exchangeInternal(DefaultRestClient.java:574)
	at org.springframework.web.client.DefaultRestClient$DefaultRequestBodyUriSpec.exchange(DefaultRestClient.java:535)
	at org.springframework.web.client.RestClient$RequestHeadersSpec.exchange(RestClient.java:677)
	at org.springframework.web.client.DefaultRestClient$DefaultResponseSpec.executeAndExtract(DefaultRestClient.java:809)
	at org.springframework.web.client.DefaultRestClient$DefaultResponseSpec.body(DefaultRestClient.java:753)
	at ru.duhov.dealService.utils.RestClientServiceImpl.getLoanOffers(RestClientServiceImpl.java:37)
	at ru.duhov.dealService.service.impl.DealServiceImpl.getLoanOffers(DealServiceImpl.java:33)
	at ru.duhov.dealService.controller.DealController.dealStatementPost(DealController.java:42)
	at java.base/jdk.internal.reflect.DirectMethodHandleAccessor.invoke(DirectMethodHandleAccessor.java:103)
	at java.base/java.lang.reflect.Method.invoke(Method.java:580)
	at org.springframework.web.method.support.InvocableHandlerMethod.doInvoke(InvocableHandlerMethod.java:258)
	at org.springframework.web.method.support.InvocableHandlerMethod.invokeForRequest(InvocableHandlerMethod.java:191)
	at org.springframework.web.servlet.mvc.method.annotation.ServletInvocableHandlerMethod.invokeAndHandle(ServletInvocableHandlerMethod.java:118)
	at org.springframework.web.servlet.mvc.method.annotation.RequestMappingHandlerAdapter.invokeHandlerMethod(RequestMappingHandlerAdapter.java:986)
	at org.springframework.web.servlet.mvc.method.annotation.RequestMappingHandlerAdapter.handleInternal(RequestMappingHandlerAdapter.java:891)
	at org.springframework.web.servlet.mvc.method.AbstractHandlerMethodAdapter.handle(AbstractHandlerMethodAdapter.java:87)
	at org.springframework.web.servlet.DispatcherServlet.doDispatch(DispatcherServlet.java:1089)
	at org.springframework.web.servlet.DispatcherServlet.doService(DispatcherServlet.java:979)
	at org.springframework.web.servlet.FrameworkServlet.processRequest(FrameworkServlet.java:1014)
	at org.springframework.web.servlet.FrameworkServlet.doPost(FrameworkServlet.java:914)
	at jakarta.servlet.http.HttpServlet.service(HttpServlet.java:590)
	at org.springframework.web.servlet.FrameworkServlet.service(FrameworkServlet.java:885)
	at jakarta.servlet.http.HttpServlet.service(HttpServlet.java:658)
	at org.apache.catalina.core.ApplicationFilterChain.internalDoFilter(ApplicationFilterChain.java:195)
	at org.apache.catalina.core.ApplicationFilterChain.doFilter(ApplicationFilterChain.java:140)
	at org.apache.tomcat.websocket.server.WsFilter.doFilter(WsFilter.java:51)
	at org.apache.catalina.core.ApplicationFilterChain.internalDoFilter(ApplicationFilterChain.java:164)
	at org.apache.catalina.core.ApplicationFilterChain.doFilter(ApplicationFilterChain.java:140)
	at org.springframework.web.filter.RequestContextFilter.doFilterInternal(RequestContextFilter.java:100)
	at org.springframework.web.filter.OncePerRequestFilter.doFilter(OncePerRequestFilter.java:116)
	at org.apache.catalina.core.ApplicationFilterChain.internalDoFilter(ApplicationFilterChain.java:164)
	at org.apache.catalina.core.ApplicationFilterChain.doFilter(ApplicationFilterChain.java:140)
	at org.springframework.web.filter.FormContentFilter.doFilterInternal(FormContentFilter.java:93)
	at org.springframework.web.filter.OncePerRequestFilter.doFilter(OncePerRequestFilter.java:116)
	at org.apache.catalina.core.ApplicationFilterChain.internalDoFilter(ApplicationFilterChain.java:164)
	at org.apache.catalina.core.ApplicationFilterChain.doFilter(ApplicationFilterChain.java:140)
	at org.springframework.web.filter.CharacterEncodingFilter.doFilterInternal(CharacterEncodingFilter.java:201)
	at org.springframework.web.filter.OncePerRequestFilter.doFilter(OncePerRequestFilter.java:116)
	at org.apache.catalina.core.ApplicationFilterChain.internalDoFilter(ApplicationFilterChain.java:164)
	at org.apache.catalina.core.ApplicationFilterChain.doFilter(ApplicationFilterChain.java:140)
	at org.apache.catalina.core.StandardWrapperValve.invoke(StandardWrapperValve.java:167)
	at org.apache.catalina.core.StandardContextValve.invoke(StandardContextValve.java:90)
	at org.apache.catalina.authenticator.AuthenticatorBase.invoke(AuthenticatorBase.java:483)
	at org.apache.catalina.core.StandardHostValve.invoke(StandardHostValve.java:115)
	at org.apache.catalina.valves.ErrorReportValve.invoke(ErrorReportValve.java:93)
	at org.apache.catalina.core.StandardEngineValve.invoke(StandardEngineValve.java:74)
	at org.apache.catalina.connector.CoyoteAdapter.service(CoyoteAdapter.java:344)
	at org.apache.coyote.http11.Http11Processor.service(Http11Processor.java:397)
	at org.apache.coyote.AbstractProcessorLight.process(AbstractProcessorLight.java:63)
	at org.apache.coyote.AbstractProtocol$ConnectionHandler.process(AbstractProtocol.java:905)
	at org.apache.tomcat.util.net.NioEndpoint$SocketProcessor.doRun(NioEndpoint.java:1743)
	at org.apache.tomcat.util.net.SocketProcessorBase.run(SocketProcessorBase.java:52)
	at org.apache.tomcat.util.threads.ThreadPoolExecutor.runWorker(ThreadPoolExecutor.java:1190)
	at org.apache.tomcat.util.threads.ThreadPoolExecutor$Worker.run(ThreadPoolExecutor.java:659)
	at org.apache.tomcat.util.threads.TaskThread$WrappingRunnable.run(TaskThread.java:63)
	at java.base/java.lang.Thread.run(Thread.java:1583)
2025-08-11 12:59:10.091 INFO  [http-nio-8081-exec-9] r.d.d.controller.DealController - Received request to select loan offer: LoanOfferDto(statementId=f4aebb93-0b3c-43a6-b894-fae79c1ae592, requestedAmount=25000, totalAmount=25000, term=8, monthlyPayment=4700, rate=20, isInsuranceEnabled=true, isSalaryClient=true)
2025-08-11 12:59:10.092 DEBUG [http-nio-8081-exec-9] r.d.d.service.impl.DealServiceImpl - Selecting loan offer: LoanOfferDto(statementId=f4aebb93-0b3c-43a6-b894-fae79c1ae592, requestedAmount=25000, totalAmount=25000, term=8, monthlyPayment=4700, rate=20, isInsuranceEnabled=true, isSalaryClient=true)
2025-08-11 12:59:10.093 DEBUG [http-nio-8081-exec-9] org.hibernate.SQL - 
    select
        s1_0.statement_id,
        s1_0.applied_offer,
        s1_0.client_id,
        s1_0.creation_date,
        s1_0.credit_id,
        s1_0.ses_code,
        s1_0.sign_date,
        s1_0.status,
        s1_0.status_history 
    from
        statement s1_0 
    where
        s1_0.statement_id=?
2025-08-11 12:59:10.099 DEBUG [http-nio-8081-exec-9] r.d.d.s.impl.StatementServiceImpl - Find statement by Statement(statementId=f4aebb93-0b3c-43a6-b894-fae79c1ae592, status=PREAPPROVAL, creationDate=2025-08-11T09:37:49.762061Z, appliedOffer=null, signDate=null, sesCode=null, statusHistory=[StatusHistory(status=PREAPPROVAL, time=2025-08-11, changeType=AUTOMATIC)], client=Client(id=081a8b4c-3bcc-42c5-9d44-ef4e013902c5, lastName=Rust, firstName=Coul, middleName=Jackson, birthDate=2003-01-01, email=coulexample.com, gender=null, maritalStatus=null, dependentAmount=null, passportId=null, employmentId=null, accountNumber=null, passport=Passport(series=1234, number=567890, issueBranch=null, issueDate=null), employment=Employment(status=null, employerInn=null, salary=null, position=null, workExperienceTotal=null, workExperienceCurrent=null)), credit=null) by id f4aebb93-0b3c-43a6-b894-fae79c1ae592
2025-08-11 12:59:10.105 DEBUG [http-nio-8081-exec-9] r.d.d.s.impl.StatementServiceImpl - Updating statement: Statement(statementId=f4aebb93-0b3c-43a6-b894-fae79c1ae592, status=PREAPPROVAL, creationDate=2025-08-11T09:37:49.762061Z, appliedOffer=null, signDate=null, sesCode=null, statusHistory=[StatusHistory(status=PREAPPROVAL, time=2025-08-11, changeType=AUTOMATIC)], client=Client(id=081a8b4c-3bcc-42c5-9d44-ef4e013902c5, lastName=Rust, firstName=Coul, middleName=Jackson, birthDate=2003-01-01, email=coulexample.com, gender=null, maritalStatus=null, dependentAmount=null, passportId=null, employmentId=null, accountNumber=null, passport=Passport(series=1234, number=567890, issueBranch=null, issueDate=null), employment=Employment(status=null, employerInn=null, salary=null, position=null, workExperienceTotal=null, workExperienceCurrent=null)), credit=null)
2025-08-11 12:59:10.105 DEBUG [http-nio-8081-exec-9] r.d.d.s.impl.StatementServiceImpl - Creating new status history entry: status = APPROVED, changeType = AUTOMATIC
2025-08-11 12:59:10.105 DEBUG [http-nio-8081-exec-9] org.hibernate.SQL - 
    update
        statement 
    set
        applied_offer=?,
        client_id=?,
        creation_date=?,
        credit_id=?,
        ses_code=?,
        sign_date=?,
        status=?,
        status_history=? 
    where
        statement_id=?
2025-08-11 12:59:10.112 DEBUG [http-nio-8081-exec-9] r.d.d.s.impl.StatementServiceImpl - Statement updated: Statement(statementId=f4aebb93-0b3c-43a6-b894-fae79c1ae592, status=APPROVED, creationDate=2025-08-11T09:37:49.762061Z, appliedOffer=LoanOfferDto(statementId=f4aebb93-0b3c-43a6-b894-fae79c1ae592, requestedAmount=25000, totalAmount=25000, term=8, monthlyPayment=4700, rate=20, isInsuranceEnabled=true, isSalaryClient=true), signDate=null, sesCode=null, statusHistory=[StatusHistory(status=PREAPPROVAL, time=2025-08-11, changeType=AUTOMATIC)], client=Client(id=081a8b4c-3bcc-42c5-9d44-ef4e013902c5, lastName=Rust, firstName=Coul, middleName=Jackson, birthDate=2003-01-01, email=coulexample.com, gender=null, maritalStatus=null, dependentAmount=null, passportId=null, employmentId=null, accountNumber=null, passport=Passport(series=1234, number=567890, issueBranch=null, issueDate=null), employment=Employment(status=null, employerInn=null, salary=null, position=null, workExperienceTotal=null, workExperienceCurrent=null)), credit=null)
2025-08-11 12:59:10.112 DEBUG [http-nio-8081-exec-9] r.d.d.service.impl.DealServiceImpl - Loan offer selected.
2025-08-11 12:59:10.112 INFO  [http-nio-8081-exec-9] r.d.d.controller.DealController - Loan offer selected successfully.
2025-08-11 13:03:43.179 INFO  [http-nio-8081-exec-3] r.d.d.controller.DealController - Received request to select loan offer: LoanOfferDto(statementId=8475b131-086c-4ed5-901d-5b95895e2f29, requestedAmount=15000, totalAmount=25000, term=8, monthlyPayment=4700, rate=20, isInsuranceEnabled=true, isSalaryClient=true)
2025-08-11 13:03:43.179 DEBUG [http-nio-8081-exec-3] r.d.d.service.impl.DealServiceImpl - Selecting loan offer: LoanOfferDto(statementId=8475b131-086c-4ed5-901d-5b95895e2f29, requestedAmount=15000, totalAmount=25000, term=8, monthlyPayment=4700, rate=20, isInsuranceEnabled=true, isSalaryClient=true)
2025-08-11 13:03:43.179 DEBUG [http-nio-8081-exec-3] org.hibernate.SQL - 
    select
        s1_0.statement_id,
        s1_0.applied_offer,
        s1_0.client_id,
        s1_0.creation_date,
        s1_0.credit_id,
        s1_0.ses_code,
        s1_0.sign_date,
        s1_0.status,
        s1_0.status_history 
    from
        statement s1_0 
    where
        s1_0.statement_id=?
2025-08-11 13:03:43.179 DEBUG [http-nio-8081-exec-3] r.d.d.s.impl.StatementServiceImpl - Find statement by Statement(statementId=8475b131-086c-4ed5-901d-5b95895e2f29, status=APPROVED, creationDate=2025-08-07T14:07:10.662108Z, appliedOffer=LoanOfferDto(statementId=8475b131-086c-4ed5-901d-5b95895e2f29, requestedAmount=25000, totalAmount=25000, term=8, monthlyPayment=4700, rate=20, isInsuranceEnabled=true, isSalaryClient=true), signDate=null, sesCode=null, statusHistory=[StatusHistory(status=PREAPPROVAL, time=2025-08-07, changeType=AUTOMATIC)], client=Client(id=88c4b0c2-98cd-4213-be03-3391421f41a9, lastName=Rust, firstName=Coul, middleName=Jackson, birthDate=2003-01-01, email=coul@example.com, gender=null, maritalStatus=null, dependentAmount=null, passportId=null, employmentId=null, accountNumber=null, passport=Passport(series=1234, number=567890, issueBranch=null, issueDate=null), employment=Employment(status=null, employerInn=null, salary=null, position=null, workExperienceTotal=null, workExperienceCurrent=null)), credit=null) by id 8475b131-086c-4ed5-901d-5b95895e2f29
2025-08-11 13:03:43.184 DEBUG [http-nio-8081-exec-3] r.d.d.s.impl.StatementServiceImpl - Updating statement: Statement(statementId=8475b131-086c-4ed5-901d-5b95895e2f29, status=APPROVED, creationDate=2025-08-07T14:07:10.662108Z, appliedOffer=LoanOfferDto(statementId=8475b131-086c-4ed5-901d-5b95895e2f29, requestedAmount=25000, totalAmount=25000, term=8, monthlyPayment=4700, rate=20, isInsuranceEnabled=true, isSalaryClient=true), signDate=null, sesCode=null, statusHistory=[StatusHistory(status=PREAPPROVAL, time=2025-08-07, changeType=AUTOMATIC)], client=Client(id=88c4b0c2-98cd-4213-be03-3391421f41a9, lastName=Rust, firstName=Coul, middleName=Jackson, birthDate=2003-01-01, email=coul@example.com, gender=null, maritalStatus=null, dependentAmount=null, passportId=null, employmentId=null, accountNumber=null, passport=Passport(series=1234, number=567890, issueBranch=null, issueDate=null), employment=Employment(status=null, employerInn=null, salary=null, position=null, workExperienceTotal=null, workExperienceCurrent=null)), credit=null)
2025-08-11 13:03:43.184 DEBUG [http-nio-8081-exec-3] r.d.d.s.impl.StatementServiceImpl - Creating new status history entry: status = APPROVED, changeType = AUTOMATIC
2025-08-11 13:03:43.185 DEBUG [http-nio-8081-exec-3] org.hibernate.SQL - 
    update
        statement 
    set
        applied_offer=?,
        client_id=?,
        creation_date=?,
        credit_id=?,
        ses_code=?,
        sign_date=?,
        status=?,
        status_history=? 
    where
        statement_id=?
2025-08-11 13:03:43.185 DEBUG [http-nio-8081-exec-3] r.d.d.s.impl.StatementServiceImpl - Statement updated: Statement(statementId=8475b131-086c-4ed5-901d-5b95895e2f29, status=APPROVED, creationDate=2025-08-07T14:07:10.662108Z, appliedOffer=LoanOfferDto(statementId=8475b131-086c-4ed5-901d-5b95895e2f29, requestedAmount=15000, totalAmount=25000, term=8, monthlyPayment=4700, rate=20, isInsuranceEnabled=true, isSalaryClient=true), signDate=null, sesCode=null, statusHistory=[StatusHistory(status=PREAPPROVAL, time=2025-08-07, changeType=AUTOMATIC)], client=Client(id=88c4b0c2-98cd-4213-be03-3391421f41a9, lastName=Rust, firstName=Coul, middleName=Jackson, birthDate=2003-01-01, email=coul@example.com, gender=null, maritalStatus=null, dependentAmount=null, passportId=null, employmentId=null, accountNumber=null, passport=Passport(series=1234, number=567890, issueBranch=null, issueDate=null), employment=Employment(status=null, employerInn=null, salary=null, position=null, workExperienceTotal=null, workExperienceCurrent=null)), credit=null)
2025-08-11 13:03:43.185 DEBUG [http-nio-8081-exec-3] r.d.d.service.impl.DealServiceImpl - Loan offer selected.
2025-08-11 13:03:43.185 INFO  [http-nio-8081-exec-3] r.d.d.controller.DealController - Loan offer selected successfully.
2025-08-11 13:03:45.279 INFO  [http-nio-8081-exec-2] r.d.d.controller.DealController - Received request to select loan offer: LoanOfferDto(statementId=8475b131-086c-4ed5-901d-5b95895e2f29, requestedAmount=15000, totalAmount=25000, term=8, monthlyPayment=4700, rate=20, isInsuranceEnabled=true, isSalaryClient=true)
2025-08-11 13:03:45.279 DEBUG [http-nio-8081-exec-2] r.d.d.service.impl.DealServiceImpl - Selecting loan offer: LoanOfferDto(statementId=8475b131-086c-4ed5-901d-5b95895e2f29, requestedAmount=15000, totalAmount=25000, term=8, monthlyPayment=4700, rate=20, isInsuranceEnabled=true, isSalaryClient=true)
2025-08-11 13:03:45.279 DEBUG [http-nio-8081-exec-2] org.hibernate.SQL - 
    select
        s1_0.statement_id,
        s1_0.applied_offer,
        s1_0.client_id,
        s1_0.creation_date,
        s1_0.credit_id,
        s1_0.ses_code,
        s1_0.sign_date,
        s1_0.status,
        s1_0.status_history 
    from
        statement s1_0 
    where
        s1_0.statement_id=?
2025-08-11 13:03:45.279 DEBUG [http-nio-8081-exec-2] r.d.d.s.impl.StatementServiceImpl - Find statement by Statement(statementId=8475b131-086c-4ed5-901d-5b95895e2f29, status=APPROVED, creationDate=2025-08-07T14:07:10.662108Z, appliedOffer=LoanOfferDto(statementId=8475b131-086c-4ed5-901d-5b95895e2f29, requestedAmount=15000, totalAmount=25000, term=8, monthlyPayment=4700, rate=20, isInsuranceEnabled=true, isSalaryClient=true), signDate=null, sesCode=null, statusHistory=[StatusHistory(status=PREAPPROVAL, time=2025-08-07, changeType=AUTOMATIC)], client=Client(id=88c4b0c2-98cd-4213-be03-3391421f41a9, lastName=Rust, firstName=Coul, middleName=Jackson, birthDate=2003-01-01, email=coul@example.com, gender=null, maritalStatus=null, dependentAmount=null, passportId=null, employmentId=null, accountNumber=null, passport=Passport(series=1234, number=567890, issueBranch=null, issueDate=null), employment=Employment(status=null, employerInn=null, salary=null, position=null, workExperienceTotal=null, workExperienceCurrent=null)), credit=null) by id 8475b131-086c-4ed5-901d-5b95895e2f29
2025-08-11 13:03:45.279 DEBUG [http-nio-8081-exec-2] r.d.d.s.impl.StatementServiceImpl - Updating statement: Statement(statementId=8475b131-086c-4ed5-901d-5b95895e2f29, status=APPROVED, creationDate=2025-08-07T14:07:10.662108Z, appliedOffer=LoanOfferDto(statementId=8475b131-086c-4ed5-901d-5b95895e2f29, requestedAmount=15000, totalAmount=25000, term=8, monthlyPayment=4700, rate=20, isInsuranceEnabled=true, isSalaryClient=true), signDate=null, sesCode=null, statusHistory=[StatusHistory(status=PREAPPROVAL, time=2025-08-07, changeType=AUTOMATIC)], client=Client(id=88c4b0c2-98cd-4213-be03-3391421f41a9, lastName=Rust, firstName=Coul, middleName=Jackson, birthDate=2003-01-01, email=coul@example.com, gender=null, maritalStatus=null, dependentAmount=null, passportId=null, employmentId=null, accountNumber=null, passport=Passport(series=1234, number=567890, issueBranch=null, issueDate=null), employment=Employment(status=null, employerInn=null, salary=null, position=null, workExperienceTotal=null, workExperienceCurrent=null)), credit=null)
2025-08-11 13:03:45.279 DEBUG [http-nio-8081-exec-2] r.d.d.s.impl.StatementServiceImpl - Creating new status history entry: status = APPROVED, changeType = AUTOMATIC
2025-08-11 13:03:45.279 DEBUG [http-nio-8081-exec-2] r.d.d.s.impl.StatementServiceImpl - Statement updated: Statement(statementId=8475b131-086c-4ed5-901d-5b95895e2f29, status=APPROVED, creationDate=2025-08-07T14:07:10.662108Z, appliedOffer=LoanOfferDto(statementId=8475b131-086c-4ed5-901d-5b95895e2f29, requestedAmount=15000, totalAmount=25000, term=8, monthlyPayment=4700, rate=20, isInsuranceEnabled=true, isSalaryClient=true), signDate=null, sesCode=null, statusHistory=[StatusHistory(status=PREAPPROVAL, time=2025-08-07, changeType=AUTOMATIC)], client=Client(id=88c4b0c2-98cd-4213-be03-3391421f41a9, lastName=Rust, firstName=Coul, middleName=Jackson, birthDate=2003-01-01, email=coul@example.com, gender=null, maritalStatus=null, dependentAmount=null, passportId=null, employmentId=null, accountNumber=null, passport=Passport(series=1234, number=567890, issueBranch=null, issueDate=null), employment=Employment(status=null, employerInn=null, salary=null, position=null, workExperienceTotal=null, workExperienceCurrent=null)), credit=null)
2025-08-11 13:03:45.279 DEBUG [http-nio-8081-exec-2] r.d.d.service.impl.DealServiceImpl - Loan offer selected.
2025-08-11 13:03:45.279 INFO  [http-nio-8081-exec-2] r.d.d.controller.DealController - Loan offer selected successfully.
2025-08-11 13:04:04.142 INFO  [http-nio-8081-exec-4] r.d.d.controller.DealController - Received request to select loan offer: LoanOfferDto(statementId=8475b131-086c-4ed5-901d-5b95895e2f29, requestedAmount=25000, totalAmount=15000, term=8, monthlyPayment=4700, rate=20, isInsuranceEnabled=true, isSalaryClient=true)
2025-08-11 13:04:04.142 DEBUG [http-nio-8081-exec-4] r.d.d.service.impl.DealServiceImpl - Selecting loan offer: LoanOfferDto(statementId=8475b131-086c-4ed5-901d-5b95895e2f29, requestedAmount=25000, totalAmount=15000, term=8, monthlyPayment=4700, rate=20, isInsuranceEnabled=true, isSalaryClient=true)
2025-08-11 13:04:04.142 DEBUG [http-nio-8081-exec-4] org.hibernate.SQL - 
    select
        s1_0.statement_id,
        s1_0.applied_offer,
        s1_0.client_id,
        s1_0.creation_date,
        s1_0.credit_id,
        s1_0.ses_code,
        s1_0.sign_date,
        s1_0.status,
        s1_0.status_history 
    from
        statement s1_0 
    where
        s1_0.statement_id=?
2025-08-11 13:04:04.142 DEBUG [http-nio-8081-exec-4] r.d.d.s.impl.StatementServiceImpl - Find statement by Statement(statementId=8475b131-086c-4ed5-901d-5b95895e2f29, status=APPROVED, creationDate=2025-08-07T14:07:10.662108Z, appliedOffer=LoanOfferDto(statementId=8475b131-086c-4ed5-901d-5b95895e2f29, requestedAmount=15000, totalAmount=25000, term=8, monthlyPayment=4700, rate=20, isInsuranceEnabled=true, isSalaryClient=true), signDate=null, sesCode=null, statusHistory=[StatusHistory(status=PREAPPROVAL, time=2025-08-07, changeType=AUTOMATIC)], client=Client(id=88c4b0c2-98cd-4213-be03-3391421f41a9, lastName=Rust, firstName=Coul, middleName=Jackson, birthDate=2003-01-01, email=coul@example.com, gender=null, maritalStatus=null, dependentAmount=null, passportId=null, employmentId=null, accountNumber=null, passport=Passport(series=1234, number=567890, issueBranch=null, issueDate=null), employment=Employment(status=null, employerInn=null, salary=null, position=null, workExperienceTotal=null, workExperienceCurrent=null)), credit=null) by id 8475b131-086c-4ed5-901d-5b95895e2f29
2025-08-11 13:04:04.149 DEBUG [http-nio-8081-exec-4] r.d.d.s.impl.StatementServiceImpl - Updating statement: Statement(statementId=8475b131-086c-4ed5-901d-5b95895e2f29, status=APPROVED, creationDate=2025-08-07T14:07:10.662108Z, appliedOffer=LoanOfferDto(statementId=8475b131-086c-4ed5-901d-5b95895e2f29, requestedAmount=15000, totalAmount=25000, term=8, monthlyPayment=4700, rate=20, isInsuranceEnabled=true, isSalaryClient=true), signDate=null, sesCode=null, statusHistory=[StatusHistory(status=PREAPPROVAL, time=2025-08-07, changeType=AUTOMATIC)], client=Client(id=88c4b0c2-98cd-4213-be03-3391421f41a9, lastName=Rust, firstName=Coul, middleName=Jackson, birthDate=2003-01-01, email=coul@example.com, gender=null, maritalStatus=null, dependentAmount=null, passportId=null, employmentId=null, accountNumber=null, passport=Passport(series=1234, number=567890, issueBranch=null, issueDate=null), employment=Employment(status=null, employerInn=null, salary=null, position=null, workExperienceTotal=null, workExperienceCurrent=null)), credit=null)
2025-08-11 13:04:04.149 DEBUG [http-nio-8081-exec-4] r.d.d.s.impl.StatementServiceImpl - Creating new status history entry: status = APPROVED, changeType = AUTOMATIC
2025-08-11 13:04:04.149 DEBUG [http-nio-8081-exec-4] org.hibernate.SQL - 
    update
        statement 
    set
        applied_offer=?,
        client_id=?,
        creation_date=?,
        credit_id=?,
        ses_code=?,
        sign_date=?,
        status=?,
        status_history=? 
    where
        statement_id=?
2025-08-11 13:04:04.149 DEBUG [http-nio-8081-exec-4] r.d.d.s.impl.StatementServiceImpl - Statement updated: Statement(statementId=8475b131-086c-4ed5-901d-5b95895e2f29, status=APPROVED, creationDate=2025-08-07T14:07:10.662108Z, appliedOffer=LoanOfferDto(statementId=8475b131-086c-4ed5-901d-5b95895e2f29, requestedAmount=25000, totalAmount=15000, term=8, monthlyPayment=4700, rate=20, isInsuranceEnabled=true, isSalaryClient=true), signDate=null, sesCode=null, statusHistory=[StatusHistory(status=PREAPPROVAL, time=2025-08-07, changeType=AUTOMATIC)], client=Client(id=88c4b0c2-98cd-4213-be03-3391421f41a9, lastName=Rust, firstName=Coul, middleName=Jackson, birthDate=2003-01-01, email=coul@example.com, gender=null, maritalStatus=null, dependentAmount=null, passportId=null, employmentId=null, accountNumber=null, passport=Passport(series=1234, number=567890, issueBranch=null, issueDate=null), employment=Employment(status=null, employerInn=null, salary=null, position=null, workExperienceTotal=null, workExperienceCurrent=null)), credit=null)
2025-08-11 13:04:04.149 DEBUG [http-nio-8081-exec-4] r.d.d.service.impl.DealServiceImpl - Loan offer selected.
2025-08-11 13:04:04.149 INFO  [http-nio-8081-exec-4] r.d.d.controller.DealController - Loan offer selected successfully.
2025-08-11 13:14:50.057 INFO  [SpringApplicationShutdownHook] com.zaxxer.hikari.HikariDataSource - HikariPool-1 - Shutdown initiated...
2025-08-11 13:14:50.057 INFO  [SpringApplicationShutdownHook] com.zaxxer.hikari.HikariDataSource - HikariPool-1 - Shutdown completed.
2025-08-11 13:14:52.847 INFO  [main] r.d.d.DealServiceApplication - Starting DealServiceApplication using Java 21.0.8 with PID 17172 (C:\Users\PC\Desktop\gitRepos\bank\dealService\target\classes started by PC in C:\Users\PC\Desktop\gitRepos\bank)
2025-08-11 13:14:52.847 DEBUG [main] r.d.d.DealServiceApplication - Running with Spring Boot v3.4.4, Spring v6.2.5
2025-08-11 13:14:52.847 INFO  [main] r.d.d.DealServiceApplication - No active profile set, falling back to 1 default profile: "default"
2025-08-11 13:14:53.993 INFO  [main] o.a.coyote.http11.Http11NioProtocol - Initializing ProtocolHandler ["http-nio-8081"]
2025-08-11 13:14:53.993 INFO  [main] o.a.catalina.core.StandardService - Starting service [Tomcat]
2025-08-11 13:14:53.993 INFO  [main] o.a.catalina.core.StandardEngine - Starting Servlet engine: [Apache Tomcat/10.1.39]
2025-08-11 13:14:54.040 INFO  [main] o.a.c.c.C.[Tomcat].[localhost].[/] - Initializing Spring embedded WebApplicationContext
2025-08-11 13:14:54.456 INFO  [main] com.zaxxer.hikari.HikariDataSource - HikariPool-1 - Starting...
2025-08-11 13:14:54.637 INFO  [main] com.zaxxer.hikari.pool.HikariPool - HikariPool-1 - Added connection org.postgresql.jdbc.PgConnection@775f15fd
2025-08-11 13:14:54.637 INFO  [main] com.zaxxer.hikari.HikariDataSource - HikariPool-1 - Start completed.
2025-08-11 13:14:54.653 WARN  [main] org.hibernate.orm.deprecation - HHH90000025: PostgreSQLDialect does not need to be specified explicitly using 'hibernate.dialect' (remove the property setting and it will be selected by default)
2025-08-11 13:14:55.892 WARN  [main] o.s.b.a.o.j.JpaBaseConfiguration$JpaWebConfiguration - spring.jpa.open-in-view is enabled by default. Therefore, database queries may be performed during view rendering. Explicitly configure spring.jpa.open-in-view to disable this warning
2025-08-11 13:14:56.213 INFO  [main] o.a.coyote.http11.Http11NioProtocol - Starting ProtocolHandler ["http-nio-8081"]
2025-08-11 13:14:56.222 INFO  [main] r.d.d.DealServiceApplication - Started DealServiceApplication in 3.813 seconds (process running for 4.095)
2025-08-11 13:15:01.011 INFO  [http-nio-8081-exec-1] o.a.c.c.C.[Tomcat].[localhost].[/] - Initializing Spring DispatcherServlet 'dispatcherServlet'
2025-08-11 13:15:01.423 INFO  [http-nio-8081-exec-4] o.s.api.AbstractOpenApiResource - Init duration for springdoc-openapi is: 264 ms
2025-08-11 13:15:22.023 INFO  [http-nio-8081-exec-6] r.d.d.controller.DealController - Received request to select loan offer: LoanOfferDto(statementId=f4aebb93-0b3c-43a6-b894-fae79c1ae592, requestedAmount=19000, totalAmount=25000, term=8, monthlyPayment=4700, rate=20, isInsuranceEnabled=true, isSalaryClient=true)
2025-08-11 13:15:22.023 DEBUG [http-nio-8081-exec-6] r.d.d.service.impl.DealServiceImpl - Selecting loan offer: LoanOfferDto(statementId=f4aebb93-0b3c-43a6-b894-fae79c1ae592, requestedAmount=19000, totalAmount=25000, term=8, monthlyPayment=4700, rate=20, isInsuranceEnabled=true, isSalaryClient=true)
2025-08-11 13:15:22.079 DEBUG [http-nio-8081-exec-6] org.hibernate.SQL - 
    select
        s1_0.statement_id,
        s1_0.applied_offer,
        s1_0.client_id,
        s1_0.creation_date,
        s1_0.credit_id,
        s1_0.ses_code,
        s1_0.sign_date,
        s1_0.status,
        s1_0.status_history 
    from
        statement s1_0 
    where
        s1_0.statement_id=?
2025-08-11 13:15:22.169 DEBUG [http-nio-8081-exec-6] r.d.d.s.impl.StatementServiceImpl - Find statement by Statement(statementId=f4aebb93-0b3c-43a6-b894-fae79c1ae592, status=APPROVED, creationDate=2025-08-11T09:37:49.762061Z, appliedOffer=LoanOfferDto(statementId=f4aebb93-0b3c-43a6-b894-fae79c1ae592, requestedAmount=25000, totalAmount=25000, term=8, monthlyPayment=4700, rate=20, isInsuranceEnabled=true, isSalaryClient=true), signDate=null, sesCode=null, statusHistory=[StatusHistory(status=PREAPPROVAL, time=2025-08-11, changeType=AUTOMATIC)], client=Client(id=081a8b4c-3bcc-42c5-9d44-ef4e013902c5, lastName=Rust, firstName=Coul, middleName=Jackson, birthDate=2003-01-01, email=coulexample.com, gender=null, maritalStatus=null, dependentAmount=null, passportId=null, employmentId=null, accountNumber=null, passport=Passport(series=1234, number=567890, issueBranch=null, issueDate=null), employment=Employment(status=null, employerInn=null, salary=null, position=null, workExperienceTotal=null, workExperienceCurrent=null)), credit=null) by id f4aebb93-0b3c-43a6-b894-fae79c1ae592
2025-08-11 13:15:22.252 DEBUG [http-nio-8081-exec-6] r.d.d.s.impl.StatementServiceImpl - Updating statement: Statement(statementId=f4aebb93-0b3c-43a6-b894-fae79c1ae592, status=APPROVED, creationDate=2025-08-11T09:37:49.762061Z, appliedOffer=LoanOfferDto(statementId=f4aebb93-0b3c-43a6-b894-fae79c1ae592, requestedAmount=25000, totalAmount=25000, term=8, monthlyPayment=4700, rate=20, isInsuranceEnabled=true, isSalaryClient=true), signDate=null, sesCode=null, statusHistory=[StatusHistory(status=PREAPPROVAL, time=2025-08-11, changeType=AUTOMATIC)], client=Client(id=081a8b4c-3bcc-42c5-9d44-ef4e013902c5, lastName=Rust, firstName=Coul, middleName=Jackson, birthDate=2003-01-01, email=coulexample.com, gender=null, maritalStatus=null, dependentAmount=null, passportId=null, employmentId=null, accountNumber=null, passport=Passport(series=1234, number=567890, issueBranch=null, issueDate=null), employment=Employment(status=null, employerInn=null, salary=null, position=null, workExperienceTotal=null, workExperienceCurrent=null)), credit=null)
2025-08-11 13:15:22.252 DEBUG [http-nio-8081-exec-6] r.d.d.s.impl.StatementServiceImpl - Creating new status history entry: status = APPROVED, changeType = AUTOMATIC
2025-08-11 13:15:22.294 DEBUG [http-nio-8081-exec-6] org.hibernate.SQL - 
    update
        statement 
    set
        applied_offer=?,
        client_id=?,
        creation_date=?,
        credit_id=?,
        ses_code=?,
        sign_date=?,
        status=?,
        status_history=? 
    where
        statement_id=?
2025-08-11 13:15:22.308 DEBUG [http-nio-8081-exec-6] r.d.d.s.impl.StatementServiceImpl - Statement updated: Statement(statementId=f4aebb93-0b3c-43a6-b894-fae79c1ae592, status=APPROVED, creationDate=2025-08-11T09:37:49.762061Z, appliedOffer=LoanOfferDto(statementId=f4aebb93-0b3c-43a6-b894-fae79c1ae592, requestedAmount=19000, totalAmount=25000, term=8, monthlyPayment=4700, rate=20, isInsuranceEnabled=true, isSalaryClient=true), signDate=null, sesCode=null, statusHistory=[StatusHistory(status=PREAPPROVAL, time=2025-08-11, changeType=AUTOMATIC)], client=Client(id=081a8b4c-3bcc-42c5-9d44-ef4e013902c5, lastName=Rust, firstName=Coul, middleName=Jackson, birthDate=2003-01-01, email=coulexample.com, gender=null, maritalStatus=null, dependentAmount=null, passportId=null, employmentId=null, accountNumber=null, passport=Passport(series=1234, number=567890, issueBranch=null, issueDate=null), employment=Employment(status=null, employerInn=null, salary=null, position=null, workExperienceTotal=null, workExperienceCurrent=null)), credit=null)
2025-08-11 13:15:22.308 DEBUG [http-nio-8081-exec-6] r.d.d.service.impl.DealServiceImpl - Loan offer selected.
2025-08-11 13:15:22.308 INFO  [http-nio-8081-exec-6] r.d.d.controller.DealController - Loan offer selected successfully.
2025-08-11 13:24:42.649 INFO  [http-nio-8081-exec-10] r.d.d.controller.DealController - Received request to calculate loan for statementId: 8475b131-086c-4ed5-901d-5b95895e2f29 with request: FinishRegistrationRequestDto(gender=FEMALE, maritalStatus=MARRIED, dependentAmount=15000, passportIssueDate=2003-01-01, passportIssueBranch=MG Russia, employmentDto=EmploymentDto(employmentStatus=SELF_EMPLOYED, employerINN=123456789012, salary=60000, position=MANAGER, workExperienceTotal=20, workExperienceCurrent=10), accountNumber=12345678901234567000)
2025-08-11 13:24:42.649 DEBUG [http-nio-8081-exec-10] r.d.d.service.impl.DealServiceImpl - Calculating loan for statementId: 8475b131-086c-4ed5-901d-5b95895e2f29 with request: FinishRegistrationRequestDto(gender=FEMALE, maritalStatus=MARRIED, dependentAmount=15000, passportIssueDate=2003-01-01, passportIssueBranch=MG Russia, employmentDto=EmploymentDto(employmentStatus=SELF_EMPLOYED, employerINN=123456789012, salary=60000, position=MANAGER, workExperienceTotal=20, workExperienceCurrent=10), accountNumber=12345678901234567000)
2025-08-11 13:24:42.649 DEBUG [http-nio-8081-exec-10] org.hibernate.SQL - 
    select
        s1_0.statement_id,
        s1_0.applied_offer,
        s1_0.client_id,
        s1_0.creation_date,
        s1_0.credit_id,
        s1_0.ses_code,
        s1_0.sign_date,
        s1_0.status,
        s1_0.status_history 
    from
        statement s1_0 
    where
        s1_0.statement_id=?
2025-08-11 13:24:42.657 DEBUG [http-nio-8081-exec-10] r.d.d.s.impl.StatementServiceImpl - Find statement by Statement(statementId=8475b131-086c-4ed5-901d-5b95895e2f29, status=APPROVED, creationDate=2025-08-07T14:07:10.662108Z, appliedOffer=LoanOfferDto(statementId=8475b131-086c-4ed5-901d-5b95895e2f29, requestedAmount=25000, totalAmount=15000, term=8, monthlyPayment=4700, rate=20, isInsuranceEnabled=true, isSalaryClient=true), signDate=null, sesCode=null, statusHistory=[StatusHistory(status=PREAPPROVAL, time=2025-08-07, changeType=AUTOMATIC)], client=Client(id=88c4b0c2-98cd-4213-be03-3391421f41a9, lastName=Rust, firstName=Coul, middleName=Jackson, birthDate=2003-01-01, email=coul@example.com, gender=null, maritalStatus=null, dependentAmount=null, passportId=null, employmentId=null, accountNumber=null, passport=Passport(series=1234, number=567890, issueBranch=null, issueDate=null), employment=Employment(status=null, employerInn=null, salary=null, position=null, workExperienceTotal=null, workExperienceCurrent=null)), credit=null) by id 8475b131-086c-4ed5-901d-5b95895e2f29
2025-08-11 13:24:42.657 DEBUG [http-nio-8081-exec-10] r.d.d.service.impl.DealServiceImpl - Creating scoring data DTO.
2025-08-11 13:24:42.657 DEBUG [http-nio-8081-exec-10] r.d.d.service.impl.DealServiceImpl - Scoring data created: ScoringDataDto(amount=15000, term=8, firstName=Coul, lastName=Rust, middleName=Jackson, gender=FEMALE, birthdate=2003-01-01, passportSeries=1234, passportNumber=567890, passportIssueDate=2003-01-01, passportIssueBranch=MG Russia, maritalStatus=MARRIED, dependentAmount=15000, employment=EmploymentDto(employmentStatus=SELF_EMPLOYED, employerINN=123456789012, salary=60000, position=MANAGER, workExperienceTotal=20, workExperienceCurrent=10), accountNumber=12345678901234567000, isInsuranceEnabled=true, isSalaryClient=true)
2025-08-11 13:24:42.710 ERROR [http-nio-8081-exec-10] o.a.c.c.C.[.[.[.[dispatcherServlet] - Servlet.service() for servlet [dispatcherServlet] in context with path [] threw exception [Request processing failed: org.springframework.web.client.HttpClientErrorException$BadRequest: 400 Bad Request: "{"timestamp":"2025-08-11T13:24:42.695041","status":400,"error":"Validation failed","message":"{amount=должно быть больше, чем или равно 20000}"}"] with root cause
org.springframework.web.client.HttpClientErrorException$BadRequest: 400 Bad Request: "{"timestamp":"2025-08-11T13:24:42.695041","status":400,"error":"Validation failed","message":"{amount=должно быть больше, чем или равно 20000}"}"
	at org.springframework.web.client.HttpClientErrorException.create(HttpClientErrorException.java:103)
	at org.springframework.web.client.StatusHandler.lambda$defaultHandler$3(StatusHandler.java:86)
	at org.springframework.web.client.StatusHandler.handle(StatusHandler.java:146)
	at org.springframework.web.client.DefaultRestClient$DefaultResponseSpec.applyStatusHandlers(DefaultRestClient.java:826)
	at org.springframework.web.client.DefaultRestClient$DefaultResponseSpec.lambda$readBody$4(DefaultRestClient.java:815)
	at org.springframework.web.client.DefaultRestClient.readWithMessageConverters(DefaultRestClient.java:215)
	at org.springframework.web.client.DefaultRestClient$DefaultResponseSpec.readBody(DefaultRestClient.java:814)
	at org.springframework.web.client.DefaultRestClient$DefaultResponseSpec.lambda$body$0(DefaultRestClient.java:745)
	at org.springframework.web.client.DefaultRestClient$DefaultRequestBodyUriSpec.exchangeInternal(DefaultRestClient.java:574)
	at org.springframework.web.client.DefaultRestClient$DefaultRequestBodyUriSpec.exchange(DefaultRestClient.java:535)
	at org.springframework.web.client.RestClient$RequestHeadersSpec.exchange(RestClient.java:677)
	at org.springframework.web.client.DefaultRestClient$DefaultResponseSpec.executeAndExtract(DefaultRestClient.java:809)
	at org.springframework.web.client.DefaultRestClient$DefaultResponseSpec.body(DefaultRestClient.java:745)
	at ru.duhov.dealService.utils.RestClientServiceImpl.calculateCredit(RestClientServiceImpl.java:47)
	at ru.duhov.dealService.service.impl.DealServiceImpl.calculateLoan(DealServiceImpl.java:52)
	at ru.duhov.dealService.controller.DealController.dealCalculateStatementIdPost(DealController.java:70)
	at java.base/jdk.internal.reflect.DirectMethodHandleAccessor.invoke(DirectMethodHandleAccessor.java:103)
	at java.base/java.lang.reflect.Method.invoke(Method.java:580)
	at org.springframework.web.method.support.InvocableHandlerMethod.doInvoke(InvocableHandlerMethod.java:258)
	at org.springframework.web.method.support.InvocableHandlerMethod.invokeForRequest(InvocableHandlerMethod.java:191)
	at org.springframework.web.servlet.mvc.method.annotation.ServletInvocableHandlerMethod.invokeAndHandle(ServletInvocableHandlerMethod.java:118)
	at org.springframework.web.servlet.mvc.method.annotation.RequestMappingHandlerAdapter.invokeHandlerMethod(RequestMappingHandlerAdapter.java:986)
	at org.springframework.web.servlet.mvc.method.annotation.RequestMappingHandlerAdapter.handleInternal(RequestMappingHandlerAdapter.java:891)
	at org.springframework.web.servlet.mvc.method.AbstractHandlerMethodAdapter.handle(AbstractHandlerMethodAdapter.java:87)
	at org.springframework.web.servlet.DispatcherServlet.doDispatch(DispatcherServlet.java:1089)
	at org.springframework.web.servlet.DispatcherServlet.doService(DispatcherServlet.java:979)
	at org.springframework.web.servlet.FrameworkServlet.processRequest(FrameworkServlet.java:1014)
	at org.springframework.web.servlet.FrameworkServlet.doPost(FrameworkServlet.java:914)
	at jakarta.servlet.http.HttpServlet.service(HttpServlet.java:590)
	at org.springframework.web.servlet.FrameworkServlet.service(FrameworkServlet.java:885)
	at jakarta.servlet.http.HttpServlet.service(HttpServlet.java:658)
	at org.apache.catalina.core.ApplicationFilterChain.internalDoFilter(ApplicationFilterChain.java:195)
	at org.apache.catalina.core.ApplicationFilterChain.doFilter(ApplicationFilterChain.java:140)
	at org.apache.tomcat.websocket.server.WsFilter.doFilter(WsFilter.java:51)
	at org.apache.catalina.core.ApplicationFilterChain.internalDoFilter(ApplicationFilterChain.java:164)
	at org.apache.catalina.core.ApplicationFilterChain.doFilter(ApplicationFilterChain.java:140)
	at org.springframework.web.filter.RequestContextFilter.doFilterInternal(RequestContextFilter.java:100)
	at org.springframework.web.filter.OncePerRequestFilter.doFilter(OncePerRequestFilter.java:116)
	at org.apache.catalina.core.ApplicationFilterChain.internalDoFilter(ApplicationFilterChain.java:164)
	at org.apache.catalina.core.ApplicationFilterChain.doFilter(ApplicationFilterChain.java:140)
	at org.springframework.web.filter.FormContentFilter.doFilterInternal(FormContentFilter.java:93)
	at org.springframework.web.filter.OncePerRequestFilter.doFilter(OncePerRequestFilter.java:116)
	at org.apache.catalina.core.ApplicationFilterChain.internalDoFilter(ApplicationFilterChain.java:164)
	at org.apache.catalina.core.ApplicationFilterChain.doFilter(ApplicationFilterChain.java:140)
	at org.springframework.web.filter.CharacterEncodingFilter.doFilterInternal(CharacterEncodingFilter.java:201)
	at org.springframework.web.filter.OncePerRequestFilter.doFilter(OncePerRequestFilter.java:116)
	at org.apache.catalina.core.ApplicationFilterChain.internalDoFilter(ApplicationFilterChain.java:164)
	at org.apache.catalina.core.ApplicationFilterChain.doFilter(ApplicationFilterChain.java:140)
	at org.apache.catalina.core.StandardWrapperValve.invoke(StandardWrapperValve.java:167)
	at org.apache.catalina.core.StandardContextValve.invoke(StandardContextValve.java:90)
	at org.apache.catalina.authenticator.AuthenticatorBase.invoke(AuthenticatorBase.java:483)
	at org.apache.catalina.core.StandardHostValve.invoke(StandardHostValve.java:115)
	at org.apache.catalina.valves.ErrorReportValve.invoke(ErrorReportValve.java:93)
	at org.apache.catalina.core.StandardEngineValve.invoke(StandardEngineValve.java:74)
	at org.apache.catalina.connector.CoyoteAdapter.service(CoyoteAdapter.java:344)
	at org.apache.coyote.http11.Http11Processor.service(Http11Processor.java:397)
	at org.apache.coyote.AbstractProcessorLight.process(AbstractProcessorLight.java:63)
	at org.apache.coyote.AbstractProtocol$ConnectionHandler.process(AbstractProtocol.java:905)
	at org.apache.tomcat.util.net.NioEndpoint$SocketProcessor.doRun(NioEndpoint.java:1743)
	at org.apache.tomcat.util.net.SocketProcessorBase.run(SocketProcessorBase.java:52)
	at org.apache.tomcat.util.threads.ThreadPoolExecutor.runWorker(ThreadPoolExecutor.java:1190)
	at org.apache.tomcat.util.threads.ThreadPoolExecutor$Worker.run(ThreadPoolExecutor.java:659)
	at org.apache.tomcat.util.threads.TaskThread$WrappingRunnable.run(TaskThread.java:63)
	at java.base/java.lang.Thread.run(Thread.java:1583)
2025-08-11 13:25:11.319 INFO  [http-nio-8081-exec-8] r.d.d.controller.DealController - Received request to calculate loan for statementId: 8475b131-086c-4ed5-901d-5b95895e2f29 with request: FinishRegistrationRequestDto(gender=FEMALE, maritalStatus=MARRIED, dependentAmount=25000, passportIssueDate=2003-01-01, passportIssueBranch=MG Russia, employmentDto=EmploymentDto(employmentStatus=SELF_EMPLOYED, employerINN=123456789012, salary=600, position=MANAGER, workExperienceTotal=20, workExperienceCurrent=10), accountNumber=12345678901234567000)
2025-08-11 13:25:11.319 DEBUG [http-nio-8081-exec-8] r.d.d.service.impl.DealServiceImpl - Calculating loan for statementId: 8475b131-086c-4ed5-901d-5b95895e2f29 with request: FinishRegistrationRequestDto(gender=FEMALE, maritalStatus=MARRIED, dependentAmount=25000, passportIssueDate=2003-01-01, passportIssueBranch=MG Russia, employmentDto=EmploymentDto(employmentStatus=SELF_EMPLOYED, employerINN=123456789012, salary=600, position=MANAGER, workExperienceTotal=20, workExperienceCurrent=10), accountNumber=12345678901234567000)
2025-08-11 13:25:11.320 DEBUG [http-nio-8081-exec-8] org.hibernate.SQL - 
    select
        s1_0.statement_id,
        s1_0.applied_offer,
        s1_0.client_id,
        s1_0.creation_date,
        s1_0.credit_id,
        s1_0.ses_code,
        s1_0.sign_date,
        s1_0.status,
        s1_0.status_history 
    from
        statement s1_0 
    where
        s1_0.statement_id=?
2025-08-11 13:25:11.325 DEBUG [http-nio-8081-exec-8] r.d.d.s.impl.StatementServiceImpl - Find statement by Statement(statementId=8475b131-086c-4ed5-901d-5b95895e2f29, status=APPROVED, creationDate=2025-08-07T14:07:10.662108Z, appliedOffer=LoanOfferDto(statementId=8475b131-086c-4ed5-901d-5b95895e2f29, requestedAmount=25000, totalAmount=15000, term=8, monthlyPayment=4700, rate=20, isInsuranceEnabled=true, isSalaryClient=true), signDate=null, sesCode=null, statusHistory=[StatusHistory(status=PREAPPROVAL, time=2025-08-07, changeType=AUTOMATIC)], client=Client(id=88c4b0c2-98cd-4213-be03-3391421f41a9, lastName=Rust, firstName=Coul, middleName=Jackson, birthDate=2003-01-01, email=coul@example.com, gender=null, maritalStatus=null, dependentAmount=null, passportId=null, employmentId=null, accountNumber=null, passport=Passport(series=1234, number=567890, issueBranch=null, issueDate=null), employment=Employment(status=null, employerInn=null, salary=null, position=null, workExperienceTotal=null, workExperienceCurrent=null)), credit=null) by id 8475b131-086c-4ed5-901d-5b95895e2f29
2025-08-11 13:25:11.325 DEBUG [http-nio-8081-exec-8] r.d.d.service.impl.DealServiceImpl - Creating scoring data DTO.
2025-08-11 13:25:11.325 DEBUG [http-nio-8081-exec-8] r.d.d.service.impl.DealServiceImpl - Scoring data created: ScoringDataDto(amount=15000, term=8, firstName=Coul, lastName=Rust, middleName=Jackson, gender=FEMALE, birthdate=2003-01-01, passportSeries=1234, passportNumber=567890, passportIssueDate=2003-01-01, passportIssueBranch=MG Russia, maritalStatus=MARRIED, dependentAmount=25000, employment=EmploymentDto(employmentStatus=SELF_EMPLOYED, employerINN=123456789012, salary=600, position=MANAGER, workExperienceTotal=20, workExperienceCurrent=10), accountNumber=12345678901234567000, isInsuranceEnabled=true, isSalaryClient=true)
2025-08-11 13:25:11.339 ERROR [http-nio-8081-exec-8] o.a.c.c.C.[.[.[.[dispatcherServlet] - Servlet.service() for servlet [dispatcherServlet] in context with path [] threw exception [Request processing failed: org.springframework.web.client.HttpClientErrorException$BadRequest: 400 Bad Request: "{"timestamp":"2025-08-11T13:25:11.3328539","status":400,"error":"Validation failed","message":"{amount=должно быть больше, чем или равно 20000}"}"] with root cause
org.springframework.web.client.HttpClientErrorException$BadRequest: 400 Bad Request: "{"timestamp":"2025-08-11T13:25:11.3328539","status":400,"error":"Validation failed","message":"{amount=должно быть больше, чем или равно 20000}"}"
	at org.springframework.web.client.HttpClientErrorException.create(HttpClientErrorException.java:103)
	at org.springframework.web.client.StatusHandler.lambda$defaultHandler$3(StatusHandler.java:86)
	at org.springframework.web.client.StatusHandler.handle(StatusHandler.java:146)
	at org.springframework.web.client.DefaultRestClient$DefaultResponseSpec.applyStatusHandlers(DefaultRestClient.java:826)
	at org.springframework.web.client.DefaultRestClient$DefaultResponseSpec.lambda$readBody$4(DefaultRestClient.java:815)
	at org.springframework.web.client.DefaultRestClient.readWithMessageConverters(DefaultRestClient.java:215)
	at org.springframework.web.client.DefaultRestClient$DefaultResponseSpec.readBody(DefaultRestClient.java:814)
	at org.springframework.web.client.DefaultRestClient$DefaultResponseSpec.lambda$body$0(DefaultRestClient.java:745)
	at org.springframework.web.client.DefaultRestClient$DefaultRequestBodyUriSpec.exchangeInternal(DefaultRestClient.java:574)
	at org.springframework.web.client.DefaultRestClient$DefaultRequestBodyUriSpec.exchange(DefaultRestClient.java:535)
	at org.springframework.web.client.RestClient$RequestHeadersSpec.exchange(RestClient.java:677)
	at org.springframework.web.client.DefaultRestClient$DefaultResponseSpec.executeAndExtract(DefaultRestClient.java:809)
	at org.springframework.web.client.DefaultRestClient$DefaultResponseSpec.body(DefaultRestClient.java:745)
	at ru.duhov.dealService.utils.RestClientServiceImpl.calculateCredit(RestClientServiceImpl.java:47)
	at ru.duhov.dealService.service.impl.DealServiceImpl.calculateLoan(DealServiceImpl.java:52)
	at ru.duhov.dealService.controller.DealController.dealCalculateStatementIdPost(DealController.java:70)
	at java.base/jdk.internal.reflect.DirectMethodHandleAccessor.invoke(DirectMethodHandleAccessor.java:103)
	at java.base/java.lang.reflect.Method.invoke(Method.java:580)
	at org.springframework.web.method.support.InvocableHandlerMethod.doInvoke(InvocableHandlerMethod.java:258)
	at org.springframework.web.method.support.InvocableHandlerMethod.invokeForRequest(InvocableHandlerMethod.java:191)
	at org.springframework.web.servlet.mvc.method.annotation.ServletInvocableHandlerMethod.invokeAndHandle(ServletInvocableHandlerMethod.java:118)
	at org.springframework.web.servlet.mvc.method.annotation.RequestMappingHandlerAdapter.invokeHandlerMethod(RequestMappingHandlerAdapter.java:986)
	at org.springframework.web.servlet.mvc.method.annotation.RequestMappingHandlerAdapter.handleInternal(RequestMappingHandlerAdapter.java:891)
	at org.springframework.web.servlet.mvc.method.AbstractHandlerMethodAdapter.handle(AbstractHandlerMethodAdapter.java:87)
	at org.springframework.web.servlet.DispatcherServlet.doDispatch(DispatcherServlet.java:1089)
	at org.springframework.web.servlet.DispatcherServlet.doService(DispatcherServlet.java:979)
	at org.springframework.web.servlet.FrameworkServlet.processRequest(FrameworkServlet.java:1014)
	at org.springframework.web.servlet.FrameworkServlet.doPost(FrameworkServlet.java:914)
	at jakarta.servlet.http.HttpServlet.service(HttpServlet.java:590)
	at org.springframework.web.servlet.FrameworkServlet.service(FrameworkServlet.java:885)
	at jakarta.servlet.http.HttpServlet.service(HttpServlet.java:658)
	at org.apache.catalina.core.ApplicationFilterChain.internalDoFilter(ApplicationFilterChain.java:195)
	at org.apache.catalina.core.ApplicationFilterChain.doFilter(ApplicationFilterChain.java:140)
	at org.apache.tomcat.websocket.server.WsFilter.doFilter(WsFilter.java:51)
	at org.apache.catalina.core.ApplicationFilterChain.internalDoFilter(ApplicationFilterChain.java:164)
	at org.apache.catalina.core.ApplicationFilterChain.doFilter(ApplicationFilterChain.java:140)
	at org.springframework.web.filter.RequestContextFilter.doFilterInternal(RequestContextFilter.java:100)
	at org.springframework.web.filter.OncePerRequestFilter.doFilter(OncePerRequestFilter.java:116)
	at org.apache.catalina.core.ApplicationFilterChain.internalDoFilter(ApplicationFilterChain.java:164)
	at org.apache.catalina.core.ApplicationFilterChain.doFilter(ApplicationFilterChain.java:140)
	at org.springframework.web.filter.FormContentFilter.doFilterInternal(FormContentFilter.java:93)
	at org.springframework.web.filter.OncePerRequestFilter.doFilter(OncePerRequestFilter.java:116)
	at org.apache.catalina.core.ApplicationFilterChain.internalDoFilter(ApplicationFilterChain.java:164)
	at org.apache.catalina.core.ApplicationFilterChain.doFilter(ApplicationFilterChain.java:140)
	at org.springframework.web.filter.CharacterEncodingFilter.doFilterInternal(CharacterEncodingFilter.java:201)
	at org.springframework.web.filter.OncePerRequestFilter.doFilter(OncePerRequestFilter.java:116)
	at org.apache.catalina.core.ApplicationFilterChain.internalDoFilter(ApplicationFilterChain.java:164)
	at org.apache.catalina.core.ApplicationFilterChain.doFilter(ApplicationFilterChain.java:140)
	at org.apache.catalina.core.StandardWrapperValve.invoke(StandardWrapperValve.java:167)
	at org.apache.catalina.core.StandardContextValve.invoke(StandardContextValve.java:90)
	at org.apache.catalina.authenticator.AuthenticatorBase.invoke(AuthenticatorBase.java:483)
	at org.apache.catalina.core.StandardHostValve.invoke(StandardHostValve.java:115)
	at org.apache.catalina.valves.ErrorReportValve.invoke(ErrorReportValve.java:93)
	at org.apache.catalina.core.StandardEngineValve.invoke(StandardEngineValve.java:74)
	at org.apache.catalina.connector.CoyoteAdapter.service(CoyoteAdapter.java:344)
	at org.apache.coyote.http11.Http11Processor.service(Http11Processor.java:397)
	at org.apache.coyote.AbstractProcessorLight.process(AbstractProcessorLight.java:63)
	at org.apache.coyote.AbstractProtocol$ConnectionHandler.process(AbstractProtocol.java:905)
	at org.apache.tomcat.util.net.NioEndpoint$SocketProcessor.doRun(NioEndpoint.java:1743)
	at org.apache.tomcat.util.net.SocketProcessorBase.run(SocketProcessorBase.java:52)
	at org.apache.tomcat.util.threads.ThreadPoolExecutor.runWorker(ThreadPoolExecutor.java:1190)
	at org.apache.tomcat.util.threads.ThreadPoolExecutor$Worker.run(ThreadPoolExecutor.java:659)
	at org.apache.tomcat.util.threads.TaskThread$WrappingRunnable.run(TaskThread.java:63)
	at java.base/java.lang.Thread.run(Thread.java:1583)
2025-08-11 13:25:22.578 INFO  [http-nio-8081-exec-7] r.d.d.controller.DealController - Received request to calculate loan for statementId: 8475b131-086c-4ed5-901d-5b95895e2f29 with request: FinishRegistrationRequestDto(gender=FEMALE, maritalStatus=MARRIED, dependentAmount=25000, passportIssueDate=2023-01-01, passportIssueBranch=MG Russia, employmentDto=EmploymentDto(employmentStatus=SELF_EMPLOYED, employerINN=123456789012, salary=60000, position=MANAGER, workExperienceTotal=20, workExperienceCurrent=10), accountNumber=12345678901234567000)
2025-08-11 13:25:22.578 DEBUG [http-nio-8081-exec-7] r.d.d.service.impl.DealServiceImpl - Calculating loan for statementId: 8475b131-086c-4ed5-901d-5b95895e2f29 with request: FinishRegistrationRequestDto(gender=FEMALE, maritalStatus=MARRIED, dependentAmount=25000, passportIssueDate=2023-01-01, passportIssueBranch=MG Russia, employmentDto=EmploymentDto(employmentStatus=SELF_EMPLOYED, employerINN=123456789012, salary=60000, position=MANAGER, workExperienceTotal=20, workExperienceCurrent=10), accountNumber=12345678901234567000)
2025-08-11 13:25:22.581 DEBUG [http-nio-8081-exec-7] org.hibernate.SQL - 
    select
        s1_0.statement_id,
        s1_0.applied_offer,
        s1_0.client_id,
        s1_0.creation_date,
        s1_0.credit_id,
        s1_0.ses_code,
        s1_0.sign_date,
        s1_0.status,
        s1_0.status_history 
    from
        statement s1_0 
    where
        s1_0.statement_id=?
2025-08-11 13:25:22.583 DEBUG [http-nio-8081-exec-7] r.d.d.s.impl.StatementServiceImpl - Find statement by Statement(statementId=8475b131-086c-4ed5-901d-5b95895e2f29, status=APPROVED, creationDate=2025-08-07T14:07:10.662108Z, appliedOffer=LoanOfferDto(statementId=8475b131-086c-4ed5-901d-5b95895e2f29, requestedAmount=25000, totalAmount=15000, term=8, monthlyPayment=4700, rate=20, isInsuranceEnabled=true, isSalaryClient=true), signDate=null, sesCode=null, statusHistory=[StatusHistory(status=PREAPPROVAL, time=2025-08-07, changeType=AUTOMATIC)], client=Client(id=88c4b0c2-98cd-4213-be03-3391421f41a9, lastName=Rust, firstName=Coul, middleName=Jackson, birthDate=2003-01-01, email=coul@example.com, gender=null, maritalStatus=null, dependentAmount=null, passportId=null, employmentId=null, accountNumber=null, passport=Passport(series=1234, number=567890, issueBranch=null, issueDate=null), employment=Employment(status=null, employerInn=null, salary=null, position=null, workExperienceTotal=null, workExperienceCurrent=null)), credit=null) by id 8475b131-086c-4ed5-901d-5b95895e2f29
2025-08-11 13:25:22.588 DEBUG [http-nio-8081-exec-7] r.d.d.service.impl.DealServiceImpl - Creating scoring data DTO.
2025-08-11 13:25:22.588 DEBUG [http-nio-8081-exec-7] r.d.d.service.impl.DealServiceImpl - Scoring data created: ScoringDataDto(amount=15000, term=8, firstName=Coul, lastName=Rust, middleName=Jackson, gender=FEMALE, birthdate=2003-01-01, passportSeries=1234, passportNumber=567890, passportIssueDate=2023-01-01, passportIssueBranch=MG Russia, maritalStatus=MARRIED, dependentAmount=25000, employment=EmploymentDto(employmentStatus=SELF_EMPLOYED, employerINN=123456789012, salary=60000, position=MANAGER, workExperienceTotal=20, workExperienceCurrent=10), accountNumber=12345678901234567000, isInsuranceEnabled=true, isSalaryClient=true)
2025-08-11 13:25:22.603 ERROR [http-nio-8081-exec-7] o.a.c.c.C.[.[.[.[dispatcherServlet] - Servlet.service() for servlet [dispatcherServlet] in context with path [] threw exception [Request processing failed: org.springframework.web.client.HttpClientErrorException$BadRequest: 400 Bad Request: "{"timestamp":"2025-08-11T13:25:22.5961384","status":400,"error":"Validation failed","message":"{amount=должно быть больше, чем или равно 20000}"}"] with root cause
org.springframework.web.client.HttpClientErrorException$BadRequest: 400 Bad Request: "{"timestamp":"2025-08-11T13:25:22.5961384","status":400,"error":"Validation failed","message":"{amount=должно быть больше, чем или равно 20000}"}"
	at org.springframework.web.client.HttpClientErrorException.create(HttpClientErrorException.java:103)
	at org.springframework.web.client.StatusHandler.lambda$defaultHandler$3(StatusHandler.java:86)
	at org.springframework.web.client.StatusHandler.handle(StatusHandler.java:146)
	at org.springframework.web.client.DefaultRestClient$DefaultResponseSpec.applyStatusHandlers(DefaultRestClient.java:826)
	at org.springframework.web.client.DefaultRestClient$DefaultResponseSpec.lambda$readBody$4(DefaultRestClient.java:815)
	at org.springframework.web.client.DefaultRestClient.readWithMessageConverters(DefaultRestClient.java:215)
	at org.springframework.web.client.DefaultRestClient$DefaultResponseSpec.readBody(DefaultRestClient.java:814)
	at org.springframework.web.client.DefaultRestClient$DefaultResponseSpec.lambda$body$0(DefaultRestClient.java:745)
	at org.springframework.web.client.DefaultRestClient$DefaultRequestBodyUriSpec.exchangeInternal(DefaultRestClient.java:574)
	at org.springframework.web.client.DefaultRestClient$DefaultRequestBodyUriSpec.exchange(DefaultRestClient.java:535)
	at org.springframework.web.client.RestClient$RequestHeadersSpec.exchange(RestClient.java:677)
	at org.springframework.web.client.DefaultRestClient$DefaultResponseSpec.executeAndExtract(DefaultRestClient.java:809)
	at org.springframework.web.client.DefaultRestClient$DefaultResponseSpec.body(DefaultRestClient.java:745)
	at ru.duhov.dealService.utils.RestClientServiceImpl.calculateCredit(RestClientServiceImpl.java:47)
	at ru.duhov.dealService.service.impl.DealServiceImpl.calculateLoan(DealServiceImpl.java:52)
	at ru.duhov.dealService.controller.DealController.dealCalculateStatementIdPost(DealController.java:70)
	at java.base/jdk.internal.reflect.DirectMethodHandleAccessor.invoke(DirectMethodHandleAccessor.java:103)
	at java.base/java.lang.reflect.Method.invoke(Method.java:580)
	at org.springframework.web.method.support.InvocableHandlerMethod.doInvoke(InvocableHandlerMethod.java:258)
	at org.springframework.web.method.support.InvocableHandlerMethod.invokeForRequest(InvocableHandlerMethod.java:191)
	at org.springframework.web.servlet.mvc.method.annotation.ServletInvocableHandlerMethod.invokeAndHandle(ServletInvocableHandlerMethod.java:118)
	at org.springframework.web.servlet.mvc.method.annotation.RequestMappingHandlerAdapter.invokeHandlerMethod(RequestMappingHandlerAdapter.java:986)
	at org.springframework.web.servlet.mvc.method.annotation.RequestMappingHandlerAdapter.handleInternal(RequestMappingHandlerAdapter.java:891)
	at org.springframework.web.servlet.mvc.method.AbstractHandlerMethodAdapter.handle(AbstractHandlerMethodAdapter.java:87)
	at org.springframework.web.servlet.DispatcherServlet.doDispatch(DispatcherServlet.java:1089)
	at org.springframework.web.servlet.DispatcherServlet.doService(DispatcherServlet.java:979)
	at org.springframework.web.servlet.FrameworkServlet.processRequest(FrameworkServlet.java:1014)
	at org.springframework.web.servlet.FrameworkServlet.doPost(FrameworkServlet.java:914)
	at jakarta.servlet.http.HttpServlet.service(HttpServlet.java:590)
	at org.springframework.web.servlet.FrameworkServlet.service(FrameworkServlet.java:885)
	at jakarta.servlet.http.HttpServlet.service(HttpServlet.java:658)
	at org.apache.catalina.core.ApplicationFilterChain.internalDoFilter(ApplicationFilterChain.java:195)
	at org.apache.catalina.core.ApplicationFilterChain.doFilter(ApplicationFilterChain.java:140)
	at org.apache.tomcat.websocket.server.WsFilter.doFilter(WsFilter.java:51)
	at org.apache.catalina.core.ApplicationFilterChain.internalDoFilter(ApplicationFilterChain.java:164)
	at org.apache.catalina.core.ApplicationFilterChain.doFilter(ApplicationFilterChain.java:140)
	at org.springframework.web.filter.RequestContextFilter.doFilterInternal(RequestContextFilter.java:100)
	at org.springframework.web.filter.OncePerRequestFilter.doFilter(OncePerRequestFilter.java:116)
	at org.apache.catalina.core.ApplicationFilterChain.internalDoFilter(ApplicationFilterChain.java:164)
	at org.apache.catalina.core.ApplicationFilterChain.doFilter(ApplicationFilterChain.java:140)
	at org.springframework.web.filter.FormContentFilter.doFilterInternal(FormContentFilter.java:93)
	at org.springframework.web.filter.OncePerRequestFilter.doFilter(OncePerRequestFilter.java:116)
	at org.apache.catalina.core.ApplicationFilterChain.internalDoFilter(ApplicationFilterChain.java:164)
	at org.apache.catalina.core.ApplicationFilterChain.doFilter(ApplicationFilterChain.java:140)
	at org.springframework.web.filter.CharacterEncodingFilter.doFilterInternal(CharacterEncodingFilter.java:201)
	at org.springframework.web.filter.OncePerRequestFilter.doFilter(OncePerRequestFilter.java:116)
	at org.apache.catalina.core.ApplicationFilterChain.internalDoFilter(ApplicationFilterChain.java:164)
	at org.apache.catalina.core.ApplicationFilterChain.doFilter(ApplicationFilterChain.java:140)
	at org.apache.catalina.core.StandardWrapperValve.invoke(StandardWrapperValve.java:167)
	at org.apache.catalina.core.StandardContextValve.invoke(StandardContextValve.java:90)
	at org.apache.catalina.authenticator.AuthenticatorBase.invoke(AuthenticatorBase.java:483)
	at org.apache.catalina.core.StandardHostValve.invoke(StandardHostValve.java:115)
	at org.apache.catalina.valves.ErrorReportValve.invoke(ErrorReportValve.java:93)
	at org.apache.catalina.core.StandardEngineValve.invoke(StandardEngineValve.java:74)
	at org.apache.catalina.connector.CoyoteAdapter.service(CoyoteAdapter.java:344)
	at org.apache.coyote.http11.Http11Processor.service(Http11Processor.java:397)
	at org.apache.coyote.AbstractProcessorLight.process(AbstractProcessorLight.java:63)
	at org.apache.coyote.AbstractProtocol$ConnectionHandler.process(AbstractProtocol.java:905)
	at org.apache.tomcat.util.net.NioEndpoint$SocketProcessor.doRun(NioEndpoint.java:1743)
	at org.apache.tomcat.util.net.SocketProcessorBase.run(SocketProcessorBase.java:52)
	at org.apache.tomcat.util.threads.ThreadPoolExecutor.runWorker(ThreadPoolExecutor.java:1190)
	at org.apache.tomcat.util.threads.ThreadPoolExecutor$Worker.run(ThreadPoolExecutor.java:659)
	at org.apache.tomcat.util.threads.TaskThread$WrappingRunnable.run(TaskThread.java:63)
	at java.base/java.lang.Thread.run(Thread.java:1583)
2025-08-11 13:25:43.422 INFO  [http-nio-8081-exec-1] r.d.d.controller.DealController - Received request to calculate loan for statementId: 8475b131-086c-4ed5-901d-5b95895e2f29 with request: FinishRegistrationRequestDto(gender=FEMALE, maritalStatus=MARRIED, dependentAmount=25000, passportIssueDate=2023-01-01, passportIssueBranch=MG Russia, employmentDto=EmploymentDto(employmentStatus=SELF_EMPLOYED, employerINN=123456789012, salary=60000, position=MANAGER, workExperienceTotal=20, workExperienceCurrent=10), accountNumber=12345678901234567000)
2025-08-11 13:25:43.422 DEBUG [http-nio-8081-exec-1] r.d.d.service.impl.DealServiceImpl - Calculating loan for statementId: 8475b131-086c-4ed5-901d-5b95895e2f29 with request: FinishRegistrationRequestDto(gender=FEMALE, maritalStatus=MARRIED, dependentAmount=25000, passportIssueDate=2023-01-01, passportIssueBranch=MG Russia, employmentDto=EmploymentDto(employmentStatus=SELF_EMPLOYED, employerINN=123456789012, salary=60000, position=MANAGER, workExperienceTotal=20, workExperienceCurrent=10), accountNumber=12345678901234567000)
2025-08-11 13:25:43.423 DEBUG [http-nio-8081-exec-1] org.hibernate.SQL - 
    select
        s1_0.statement_id,
        s1_0.applied_offer,
        s1_0.client_id,
        s1_0.creation_date,
        s1_0.credit_id,
        s1_0.ses_code,
        s1_0.sign_date,
        s1_0.status,
        s1_0.status_history 
    from
        statement s1_0 
    where
        s1_0.statement_id=?
2025-08-11 13:25:43.430 DEBUG [http-nio-8081-exec-1] r.d.d.s.impl.StatementServiceImpl - Find statement by Statement(statementId=8475b131-086c-4ed5-901d-5b95895e2f29, status=APPROVED, creationDate=2025-08-07T14:07:10.662108Z, appliedOffer=LoanOfferDto(statementId=8475b131-086c-4ed5-901d-5b95895e2f29, requestedAmount=25000, totalAmount=15000, term=8, monthlyPayment=4700, rate=20, isInsuranceEnabled=true, isSalaryClient=true), signDate=null, sesCode=null, statusHistory=[StatusHistory(status=PREAPPROVAL, time=2025-08-07, changeType=AUTOMATIC)], client=Client(id=88c4b0c2-98cd-4213-be03-3391421f41a9, lastName=Rust, firstName=Coul, middleName=Jackson, birthDate=2003-01-01, email=coul@example.com, gender=null, maritalStatus=null, dependentAmount=null, passportId=null, employmentId=null, accountNumber=null, passport=Passport(series=1234, number=567890, issueBranch=null, issueDate=null), employment=Employment(status=null, employerInn=null, salary=null, position=null, workExperienceTotal=null, workExperienceCurrent=null)), credit=null) by id 8475b131-086c-4ed5-901d-5b95895e2f29
2025-08-11 13:25:43.436 DEBUG [http-nio-8081-exec-1] r.d.d.service.impl.DealServiceImpl - Creating scoring data DTO.
2025-08-11 13:25:43.436 DEBUG [http-nio-8081-exec-1] r.d.d.service.impl.DealServiceImpl - Scoring data created: ScoringDataDto(amount=15000, term=8, firstName=Coul, lastName=Rust, middleName=Jackson, gender=FEMALE, birthdate=2003-01-01, passportSeries=1234, passportNumber=567890, passportIssueDate=2023-01-01, passportIssueBranch=MG Russia, maritalStatus=MARRIED, dependentAmount=25000, employment=EmploymentDto(employmentStatus=SELF_EMPLOYED, employerINN=123456789012, salary=60000, position=MANAGER, workExperienceTotal=20, workExperienceCurrent=10), accountNumber=12345678901234567000, isInsuranceEnabled=true, isSalaryClient=true)
2025-08-11 13:25:43.457 ERROR [http-nio-8081-exec-1] o.a.c.c.C.[.[.[.[dispatcherServlet] - Servlet.service() for servlet [dispatcherServlet] in context with path [] threw exception [Request processing failed: org.springframework.web.client.HttpClientErrorException$BadRequest: 400 Bad Request: "{"timestamp":"2025-08-11T13:25:43.4509025","status":400,"error":"Validation failed","message":"{amount=должно быть больше, чем или равно 20000}"}"] with root cause
org.springframework.web.client.HttpClientErrorException$BadRequest: 400 Bad Request: "{"timestamp":"2025-08-11T13:25:43.4509025","status":400,"error":"Validation failed","message":"{amount=должно быть больше, чем или равно 20000}"}"
	at org.springframework.web.client.HttpClientErrorException.create(HttpClientErrorException.java:103)
	at org.springframework.web.client.StatusHandler.lambda$defaultHandler$3(StatusHandler.java:86)
	at org.springframework.web.client.StatusHandler.handle(StatusHandler.java:146)
	at org.springframework.web.client.DefaultRestClient$DefaultResponseSpec.applyStatusHandlers(DefaultRestClient.java:826)
	at org.springframework.web.client.DefaultRestClient$DefaultResponseSpec.lambda$readBody$4(DefaultRestClient.java:815)
	at org.springframework.web.client.DefaultRestClient.readWithMessageConverters(DefaultRestClient.java:215)
	at org.springframework.web.client.DefaultRestClient$DefaultResponseSpec.readBody(DefaultRestClient.java:814)
	at org.springframework.web.client.DefaultRestClient$DefaultResponseSpec.lambda$body$0(DefaultRestClient.java:745)
	at org.springframework.web.client.DefaultRestClient$DefaultRequestBodyUriSpec.exchangeInternal(DefaultRestClient.java:574)
	at org.springframework.web.client.DefaultRestClient$DefaultRequestBodyUriSpec.exchange(DefaultRestClient.java:535)
	at org.springframework.web.client.RestClient$RequestHeadersSpec.exchange(RestClient.java:677)
	at org.springframework.web.client.DefaultRestClient$DefaultResponseSpec.executeAndExtract(DefaultRestClient.java:809)
	at org.springframework.web.client.DefaultRestClient$DefaultResponseSpec.body(DefaultRestClient.java:745)
	at ru.duhov.dealService.utils.RestClientServiceImpl.calculateCredit(RestClientServiceImpl.java:47)
	at ru.duhov.dealService.service.impl.DealServiceImpl.calculateLoan(DealServiceImpl.java:52)
	at ru.duhov.dealService.controller.DealController.dealCalculateStatementIdPost(DealController.java:70)
	at java.base/jdk.internal.reflect.DirectMethodHandleAccessor.invoke(DirectMethodHandleAccessor.java:103)
	at java.base/java.lang.reflect.Method.invoke(Method.java:580)
	at org.springframework.web.method.support.InvocableHandlerMethod.doInvoke(InvocableHandlerMethod.java:258)
	at org.springframework.web.method.support.InvocableHandlerMethod.invokeForRequest(InvocableHandlerMethod.java:191)
	at org.springframework.web.servlet.mvc.method.annotation.ServletInvocableHandlerMethod.invokeAndHandle(ServletInvocableHandlerMethod.java:118)
	at org.springframework.web.servlet.mvc.method.annotation.RequestMappingHandlerAdapter.invokeHandlerMethod(RequestMappingHandlerAdapter.java:986)
	at org.springframework.web.servlet.mvc.method.annotation.RequestMappingHandlerAdapter.handleInternal(RequestMappingHandlerAdapter.java:891)
	at org.springframework.web.servlet.mvc.method.AbstractHandlerMethodAdapter.handle(AbstractHandlerMethodAdapter.java:87)
	at org.springframework.web.servlet.DispatcherServlet.doDispatch(DispatcherServlet.java:1089)
	at org.springframework.web.servlet.DispatcherServlet.doService(DispatcherServlet.java:979)
	at org.springframework.web.servlet.FrameworkServlet.processRequest(FrameworkServlet.java:1014)
	at org.springframework.web.servlet.FrameworkServlet.doPost(FrameworkServlet.java:914)
	at jakarta.servlet.http.HttpServlet.service(HttpServlet.java:590)
	at org.springframework.web.servlet.FrameworkServlet.service(FrameworkServlet.java:885)
	at jakarta.servlet.http.HttpServlet.service(HttpServlet.java:658)
	at org.apache.catalina.core.ApplicationFilterChain.internalDoFilter(ApplicationFilterChain.java:195)
	at org.apache.catalina.core.ApplicationFilterChain.doFilter(ApplicationFilterChain.java:140)
	at org.apache.tomcat.websocket.server.WsFilter.doFilter(WsFilter.java:51)
	at org.apache.catalina.core.ApplicationFilterChain.internalDoFilter(ApplicationFilterChain.java:164)
	at org.apache.catalina.core.ApplicationFilterChain.doFilter(ApplicationFilterChain.java:140)
	at org.springframework.web.filter.RequestContextFilter.doFilterInternal(RequestContextFilter.java:100)
	at org.springframework.web.filter.OncePerRequestFilter.doFilter(OncePerRequestFilter.java:116)
	at org.apache.catalina.core.ApplicationFilterChain.internalDoFilter(ApplicationFilterChain.java:164)
	at org.apache.catalina.core.ApplicationFilterChain.doFilter(ApplicationFilterChain.java:140)
	at org.springframework.web.filter.FormContentFilter.doFilterInternal(FormContentFilter.java:93)
	at org.springframework.web.filter.OncePerRequestFilter.doFilter(OncePerRequestFilter.java:116)
	at org.apache.catalina.core.ApplicationFilterChain.internalDoFilter(ApplicationFilterChain.java:164)
	at org.apache.catalina.core.ApplicationFilterChain.doFilter(ApplicationFilterChain.java:140)
	at org.springframework.web.filter.CharacterEncodingFilter.doFilterInternal(CharacterEncodingFilter.java:201)
	at org.springframework.web.filter.OncePerRequestFilter.doFilter(OncePerRequestFilter.java:116)
	at org.apache.catalina.core.ApplicationFilterChain.internalDoFilter(ApplicationFilterChain.java:164)
	at org.apache.catalina.core.ApplicationFilterChain.doFilter(ApplicationFilterChain.java:140)
	at org.apache.catalina.core.StandardWrapperValve.invoke(StandardWrapperValve.java:167)
	at org.apache.catalina.core.StandardContextValve.invoke(StandardContextValve.java:90)
	at org.apache.catalina.authenticator.AuthenticatorBase.invoke(AuthenticatorBase.java:483)
	at org.apache.catalina.core.StandardHostValve.invoke(StandardHostValve.java:115)
	at org.apache.catalina.valves.ErrorReportValve.invoke(ErrorReportValve.java:93)
	at org.apache.catalina.core.StandardEngineValve.invoke(StandardEngineValve.java:74)
	at org.apache.catalina.connector.CoyoteAdapter.service(CoyoteAdapter.java:344)
	at org.apache.coyote.http11.Http11Processor.service(Http11Processor.java:397)
	at org.apache.coyote.AbstractProcessorLight.process(AbstractProcessorLight.java:63)
	at org.apache.coyote.AbstractProtocol$ConnectionHandler.process(AbstractProtocol.java:905)
	at org.apache.tomcat.util.net.NioEndpoint$SocketProcessor.doRun(NioEndpoint.java:1743)
	at org.apache.tomcat.util.net.SocketProcessorBase.run(SocketProcessorBase.java:52)
	at org.apache.tomcat.util.threads.ThreadPoolExecutor.runWorker(ThreadPoolExecutor.java:1190)
	at org.apache.tomcat.util.threads.ThreadPoolExecutor$Worker.run(ThreadPoolExecutor.java:659)
	at org.apache.tomcat.util.threads.TaskThread$WrappingRunnable.run(TaskThread.java:63)
	at java.base/java.lang.Thread.run(Thread.java:1583)
2025-08-11 13:26:16.826 INFO  [http-nio-8081-exec-2] r.d.d.controller.DealController - Received request to calculate loan for statementId: 8475b131-086c-4ed5-901d-5b95895e2f29 with request: FinishRegistrationRequestDto(gender=FEMALE, maritalStatus=MARRIED, dependentAmount=25000, passportIssueDate=2003-01-01, passportIssueBranch=MG Russia, employmentDto=EmploymentDto(employmentStatus=SELF_EMPLOYED, employerINN=123456789012, salary=60000, position=MANAGER, workExperienceTotal=20, workExperienceCurrent=10), accountNumber=12345678901234567000)
2025-08-11 13:26:16.826 DEBUG [http-nio-8081-exec-2] r.d.d.service.impl.DealServiceImpl - Calculating loan for statementId: 8475b131-086c-4ed5-901d-5b95895e2f29 with request: FinishRegistrationRequestDto(gender=FEMALE, maritalStatus=MARRIED, dependentAmount=25000, passportIssueDate=2003-01-01, passportIssueBranch=MG Russia, employmentDto=EmploymentDto(employmentStatus=SELF_EMPLOYED, employerINN=123456789012, salary=60000, position=MANAGER, workExperienceTotal=20, workExperienceCurrent=10), accountNumber=12345678901234567000)
2025-08-11 13:26:16.826 DEBUG [http-nio-8081-exec-2] org.hibernate.SQL - 
    select
        s1_0.statement_id,
        s1_0.applied_offer,
        s1_0.client_id,
        s1_0.creation_date,
        s1_0.credit_id,
        s1_0.ses_code,
        s1_0.sign_date,
        s1_0.status,
        s1_0.status_history 
    from
        statement s1_0 
    where
        s1_0.statement_id=?
2025-08-11 13:26:16.833 DEBUG [http-nio-8081-exec-2] r.d.d.s.impl.StatementServiceImpl - Find statement by Statement(statementId=8475b131-086c-4ed5-901d-5b95895e2f29, status=APPROVED, creationDate=2025-08-07T14:07:10.662108Z, appliedOffer=LoanOfferDto(statementId=8475b131-086c-4ed5-901d-5b95895e2f29, requestedAmount=25000, totalAmount=15000, term=8, monthlyPayment=4700, rate=20, isInsuranceEnabled=true, isSalaryClient=true), signDate=null, sesCode=null, statusHistory=[StatusHistory(status=PREAPPROVAL, time=2025-08-07, changeType=AUTOMATIC)], client=Client(id=88c4b0c2-98cd-4213-be03-3391421f41a9, lastName=Rust, firstName=Coul, middleName=Jackson, birthDate=2003-01-01, email=coul@example.com, gender=null, maritalStatus=null, dependentAmount=null, passportId=null, employmentId=null, accountNumber=null, passport=Passport(series=1234, number=567890, issueBranch=null, issueDate=null), employment=Employment(status=null, employerInn=null, salary=null, position=null, workExperienceTotal=null, workExperienceCurrent=null)), credit=null) by id 8475b131-086c-4ed5-901d-5b95895e2f29
2025-08-11 13:26:16.833 DEBUG [http-nio-8081-exec-2] r.d.d.service.impl.DealServiceImpl - Creating scoring data DTO.
2025-08-11 13:26:16.833 DEBUG [http-nio-8081-exec-2] r.d.d.service.impl.DealServiceImpl - Scoring data created: ScoringDataDto(amount=15000, term=8, firstName=Coul, lastName=Rust, middleName=Jackson, gender=FEMALE, birthdate=2003-01-01, passportSeries=1234, passportNumber=567890, passportIssueDate=2003-01-01, passportIssueBranch=MG Russia, maritalStatus=MARRIED, dependentAmount=25000, employment=EmploymentDto(employmentStatus=SELF_EMPLOYED, employerINN=123456789012, salary=60000, position=MANAGER, workExperienceTotal=20, workExperienceCurrent=10), accountNumber=12345678901234567000, isInsuranceEnabled=true, isSalaryClient=true)
2025-08-11 13:26:16.839 ERROR [http-nio-8081-exec-2] o.a.c.c.C.[.[.[.[dispatcherServlet] - Servlet.service() for servlet [dispatcherServlet] in context with path [] threw exception [Request processing failed: org.springframework.web.client.HttpClientErrorException$BadRequest: 400 Bad Request: "{"timestamp":"2025-08-11T13:26:16.8399699","status":400,"error":"Validation failed","message":"{amount=должно быть больше, чем или равно 20000}"}"] with root cause
org.springframework.web.client.HttpClientErrorException$BadRequest: 400 Bad Request: "{"timestamp":"2025-08-11T13:26:16.8399699","status":400,"error":"Validation failed","message":"{amount=должно быть больше, чем или равно 20000}"}"
	at org.springframework.web.client.HttpClientErrorException.create(HttpClientErrorException.java:103)
	at org.springframework.web.client.StatusHandler.lambda$defaultHandler$3(StatusHandler.java:86)
	at org.springframework.web.client.StatusHandler.handle(StatusHandler.java:146)
	at org.springframework.web.client.DefaultRestClient$DefaultResponseSpec.applyStatusHandlers(DefaultRestClient.java:826)
	at org.springframework.web.client.DefaultRestClient$DefaultResponseSpec.lambda$readBody$4(DefaultRestClient.java:815)
	at org.springframework.web.client.DefaultRestClient.readWithMessageConverters(DefaultRestClient.java:215)
	at org.springframework.web.client.DefaultRestClient$DefaultResponseSpec.readBody(DefaultRestClient.java:814)
	at org.springframework.web.client.DefaultRestClient$DefaultResponseSpec.lambda$body$0(DefaultRestClient.java:745)
	at org.springframework.web.client.DefaultRestClient$DefaultRequestBodyUriSpec.exchangeInternal(DefaultRestClient.java:574)
	at org.springframework.web.client.DefaultRestClient$DefaultRequestBodyUriSpec.exchange(DefaultRestClient.java:535)
	at org.springframework.web.client.RestClient$RequestHeadersSpec.exchange(RestClient.java:677)
	at org.springframework.web.client.DefaultRestClient$DefaultResponseSpec.executeAndExtract(DefaultRestClient.java:809)
	at org.springframework.web.client.DefaultRestClient$DefaultResponseSpec.body(DefaultRestClient.java:745)
	at ru.duhov.dealService.utils.RestClientServiceImpl.calculateCredit(RestClientServiceImpl.java:47)
	at ru.duhov.dealService.service.impl.DealServiceImpl.calculateLoan(DealServiceImpl.java:52)
	at ru.duhov.dealService.controller.DealController.dealCalculateStatementIdPost(DealController.java:70)
	at java.base/jdk.internal.reflect.DirectMethodHandleAccessor.invoke(DirectMethodHandleAccessor.java:103)
	at java.base/java.lang.reflect.Method.invoke(Method.java:580)
	at org.springframework.web.method.support.InvocableHandlerMethod.doInvoke(InvocableHandlerMethod.java:258)
	at org.springframework.web.method.support.InvocableHandlerMethod.invokeForRequest(InvocableHandlerMethod.java:191)
	at org.springframework.web.servlet.mvc.method.annotation.ServletInvocableHandlerMethod.invokeAndHandle(ServletInvocableHandlerMethod.java:118)
	at org.springframework.web.servlet.mvc.method.annotation.RequestMappingHandlerAdapter.invokeHandlerMethod(RequestMappingHandlerAdapter.java:986)
	at org.springframework.web.servlet.mvc.method.annotation.RequestMappingHandlerAdapter.handleInternal(RequestMappingHandlerAdapter.java:891)
	at org.springframework.web.servlet.mvc.method.AbstractHandlerMethodAdapter.handle(AbstractHandlerMethodAdapter.java:87)
	at org.springframework.web.servlet.DispatcherServlet.doDispatch(DispatcherServlet.java:1089)
	at org.springframework.web.servlet.DispatcherServlet.doService(DispatcherServlet.java:979)
	at org.springframework.web.servlet.FrameworkServlet.processRequest(FrameworkServlet.java:1014)
	at org.springframework.web.servlet.FrameworkServlet.doPost(FrameworkServlet.java:914)
	at jakarta.servlet.http.HttpServlet.service(HttpServlet.java:590)
	at org.springframework.web.servlet.FrameworkServlet.service(FrameworkServlet.java:885)
	at jakarta.servlet.http.HttpServlet.service(HttpServlet.java:658)
	at org.apache.catalina.core.ApplicationFilterChain.internalDoFilter(ApplicationFilterChain.java:195)
	at org.apache.catalina.core.ApplicationFilterChain.doFilter(ApplicationFilterChain.java:140)
	at org.apache.tomcat.websocket.server.WsFilter.doFilter(WsFilter.java:51)
	at org.apache.catalina.core.ApplicationFilterChain.internalDoFilter(ApplicationFilterChain.java:164)
	at org.apache.catalina.core.ApplicationFilterChain.doFilter(ApplicationFilterChain.java:140)
	at org.springframework.web.filter.RequestContextFilter.doFilterInternal(RequestContextFilter.java:100)
	at org.springframework.web.filter.OncePerRequestFilter.doFilter(OncePerRequestFilter.java:116)
	at org.apache.catalina.core.ApplicationFilterChain.internalDoFilter(ApplicationFilterChain.java:164)
	at org.apache.catalina.core.ApplicationFilterChain.doFilter(ApplicationFilterChain.java:140)
	at org.springframework.web.filter.FormContentFilter.doFilterInternal(FormContentFilter.java:93)
	at org.springframework.web.filter.OncePerRequestFilter.doFilter(OncePerRequestFilter.java:116)
	at org.apache.catalina.core.ApplicationFilterChain.internalDoFilter(ApplicationFilterChain.java:164)
	at org.apache.catalina.core.ApplicationFilterChain.doFilter(ApplicationFilterChain.java:140)
	at org.springframework.web.filter.CharacterEncodingFilter.doFilterInternal(CharacterEncodingFilter.java:201)
	at org.springframework.web.filter.OncePerRequestFilter.doFilter(OncePerRequestFilter.java:116)
	at org.apache.catalina.core.ApplicationFilterChain.internalDoFilter(ApplicationFilterChain.java:164)
	at org.apache.catalina.core.ApplicationFilterChain.doFilter(ApplicationFilterChain.java:140)
	at org.apache.catalina.core.StandardWrapperValve.invoke(StandardWrapperValve.java:167)
	at org.apache.catalina.core.StandardContextValve.invoke(StandardContextValve.java:90)
	at org.apache.catalina.authenticator.AuthenticatorBase.invoke(AuthenticatorBase.java:483)
	at org.apache.catalina.core.StandardHostValve.invoke(StandardHostValve.java:115)
	at org.apache.catalina.valves.ErrorReportValve.invoke(ErrorReportValve.java:93)
	at org.apache.catalina.core.StandardEngineValve.invoke(StandardEngineValve.java:74)
	at org.apache.catalina.connector.CoyoteAdapter.service(CoyoteAdapter.java:344)
	at org.apache.coyote.http11.Http11Processor.service(Http11Processor.java:397)
	at org.apache.coyote.AbstractProcessorLight.process(AbstractProcessorLight.java:63)
	at org.apache.coyote.AbstractProtocol$ConnectionHandler.process(AbstractProtocol.java:905)
	at org.apache.tomcat.util.net.NioEndpoint$SocketProcessor.doRun(NioEndpoint.java:1743)
	at org.apache.tomcat.util.net.SocketProcessorBase.run(SocketProcessorBase.java:52)
	at org.apache.tomcat.util.threads.ThreadPoolExecutor.runWorker(ThreadPoolExecutor.java:1190)
	at org.apache.tomcat.util.threads.ThreadPoolExecutor$Worker.run(ThreadPoolExecutor.java:659)
	at org.apache.tomcat.util.threads.TaskThread$WrappingRunnable.run(TaskThread.java:63)
	at java.base/java.lang.Thread.run(Thread.java:1583)
2025-08-11 13:26:45.242 INFO  [http-nio-8081-exec-3] r.d.d.controller.DealController - Received request to calculate loan for statementId: 8475b131-086c-4ed5-901d-5b95895e2f29 with request: FinishRegistrationRequestDto(gender=FEMALE, maritalStatus=MARRIED, dependentAmount=25000, passportIssueDate=2003-01-01, passportIssueBranch=MG Russia, employmentDto=EmploymentDto(employmentStatus=SELF_EMPLOYED, employerINN=123456789012, salary=60000, position=MANAGER, workExperienceTotal=20, workExperienceCurrent=10), accountNumber=12345678901234567000)
2025-08-11 13:26:45.242 DEBUG [http-nio-8081-exec-3] r.d.d.service.impl.DealServiceImpl - Calculating loan for statementId: 8475b131-086c-4ed5-901d-5b95895e2f29 with request: FinishRegistrationRequestDto(gender=FEMALE, maritalStatus=MARRIED, dependentAmount=25000, passportIssueDate=2003-01-01, passportIssueBranch=MG Russia, employmentDto=EmploymentDto(employmentStatus=SELF_EMPLOYED, employerINN=123456789012, salary=60000, position=MANAGER, workExperienceTotal=20, workExperienceCurrent=10), accountNumber=12345678901234567000)
2025-08-11 13:26:45.247 DEBUG [http-nio-8081-exec-3] org.hibernate.SQL - 
    select
        s1_0.statement_id,
        s1_0.applied_offer,
        s1_0.client_id,
        s1_0.creation_date,
        s1_0.credit_id,
        s1_0.ses_code,
        s1_0.sign_date,
        s1_0.status,
        s1_0.status_history 
    from
        statement s1_0 
    where
        s1_0.statement_id=?
2025-08-11 13:26:45.248 DEBUG [http-nio-8081-exec-3] r.d.d.s.impl.StatementServiceImpl - Find statement by Statement(statementId=8475b131-086c-4ed5-901d-5b95895e2f29, status=APPROVED, creationDate=2025-08-07T14:07:10.662108Z, appliedOffer=LoanOfferDto(statementId=8475b131-086c-4ed5-901d-5b95895e2f29, requestedAmount=25000, totalAmount=15000, term=8, monthlyPayment=4700, rate=20, isInsuranceEnabled=true, isSalaryClient=true), signDate=null, sesCode=null, statusHistory=[StatusHistory(status=PREAPPROVAL, time=2025-08-07, changeType=AUTOMATIC)], client=Client(id=88c4b0c2-98cd-4213-be03-3391421f41a9, lastName=Rust, firstName=Coul, middleName=Jackson, birthDate=2003-01-01, email=coul@example.com, gender=null, maritalStatus=null, dependentAmount=null, passportId=null, employmentId=null, accountNumber=null, passport=Passport(series=1234, number=567890, issueBranch=null, issueDate=null), employment=Employment(status=null, employerInn=null, salary=null, position=null, workExperienceTotal=null, workExperienceCurrent=null)), credit=null) by id 8475b131-086c-4ed5-901d-5b95895e2f29
2025-08-11 13:26:45.248 DEBUG [http-nio-8081-exec-3] r.d.d.service.impl.DealServiceImpl - Creating scoring data DTO.
2025-08-11 13:26:45.248 DEBUG [http-nio-8081-exec-3] r.d.d.service.impl.DealServiceImpl - Scoring data created: ScoringDataDto(amount=15000, term=8, firstName=Coul, lastName=Rust, middleName=Jackson, gender=FEMALE, birthdate=2003-01-01, passportSeries=1234, passportNumber=567890, passportIssueDate=2003-01-01, passportIssueBranch=MG Russia, maritalStatus=MARRIED, dependentAmount=25000, employment=EmploymentDto(employmentStatus=SELF_EMPLOYED, employerINN=123456789012, salary=60000, position=MANAGER, workExperienceTotal=20, workExperienceCurrent=10), accountNumber=12345678901234567000, isInsuranceEnabled=true, isSalaryClient=true)
2025-08-11 13:26:45.267 ERROR [http-nio-8081-exec-3] o.a.c.c.C.[.[.[.[dispatcherServlet] - Servlet.service() for servlet [dispatcherServlet] in context with path [] threw exception [Request processing failed: org.springframework.web.client.HttpClientErrorException$BadRequest: 400 Bad Request: "{"timestamp":"2025-08-11T13:26:45.261172","status":400,"error":"Validation failed","message":"{amount=должно быть больше, чем или равно 20000}"}"] with root cause
org.springframework.web.client.HttpClientErrorException$BadRequest: 400 Bad Request: "{"timestamp":"2025-08-11T13:26:45.261172","status":400,"error":"Validation failed","message":"{amount=должно быть больше, чем или равно 20000}"}"
	at org.springframework.web.client.HttpClientErrorException.create(HttpClientErrorException.java:103)
	at org.springframework.web.client.StatusHandler.lambda$defaultHandler$3(StatusHandler.java:86)
	at org.springframework.web.client.StatusHandler.handle(StatusHandler.java:146)
	at org.springframework.web.client.DefaultRestClient$DefaultResponseSpec.applyStatusHandlers(DefaultRestClient.java:826)
	at org.springframework.web.client.DefaultRestClient$DefaultResponseSpec.lambda$readBody$4(DefaultRestClient.java:815)
	at org.springframework.web.client.DefaultRestClient.readWithMessageConverters(DefaultRestClient.java:215)
	at org.springframework.web.client.DefaultRestClient$DefaultResponseSpec.readBody(DefaultRestClient.java:814)
	at org.springframework.web.client.DefaultRestClient$DefaultResponseSpec.lambda$body$0(DefaultRestClient.java:745)
	at org.springframework.web.client.DefaultRestClient$DefaultRequestBodyUriSpec.exchangeInternal(DefaultRestClient.java:574)
	at org.springframework.web.client.DefaultRestClient$DefaultRequestBodyUriSpec.exchange(DefaultRestClient.java:535)
	at org.springframework.web.client.RestClient$RequestHeadersSpec.exchange(RestClient.java:677)
	at org.springframework.web.client.DefaultRestClient$DefaultResponseSpec.executeAndExtract(DefaultRestClient.java:809)
	at org.springframework.web.client.DefaultRestClient$DefaultResponseSpec.body(DefaultRestClient.java:745)
	at ru.duhov.dealService.utils.RestClientServiceImpl.calculateCredit(RestClientServiceImpl.java:47)
	at ru.duhov.dealService.service.impl.DealServiceImpl.calculateLoan(DealServiceImpl.java:52)
	at ru.duhov.dealService.controller.DealController.dealCalculateStatementIdPost(DealController.java:70)
	at java.base/jdk.internal.reflect.DirectMethodHandleAccessor.invoke(DirectMethodHandleAccessor.java:103)
	at java.base/java.lang.reflect.Method.invoke(Method.java:580)
	at org.springframework.web.method.support.InvocableHandlerMethod.doInvoke(InvocableHandlerMethod.java:258)
	at org.springframework.web.method.support.InvocableHandlerMethod.invokeForRequest(InvocableHandlerMethod.java:191)
	at org.springframework.web.servlet.mvc.method.annotation.ServletInvocableHandlerMethod.invokeAndHandle(ServletInvocableHandlerMethod.java:118)
	at org.springframework.web.servlet.mvc.method.annotation.RequestMappingHandlerAdapter.invokeHandlerMethod(RequestMappingHandlerAdapter.java:986)
	at org.springframework.web.servlet.mvc.method.annotation.RequestMappingHandlerAdapter.handleInternal(RequestMappingHandlerAdapter.java:891)
	at org.springframework.web.servlet.mvc.method.AbstractHandlerMethodAdapter.handle(AbstractHandlerMethodAdapter.java:87)
	at org.springframework.web.servlet.DispatcherServlet.doDispatch(DispatcherServlet.java:1089)
	at org.springframework.web.servlet.DispatcherServlet.doService(DispatcherServlet.java:979)
	at org.springframework.web.servlet.FrameworkServlet.processRequest(FrameworkServlet.java:1014)
	at org.springframework.web.servlet.FrameworkServlet.doPost(FrameworkServlet.java:914)
	at jakarta.servlet.http.HttpServlet.service(HttpServlet.java:590)
	at org.springframework.web.servlet.FrameworkServlet.service(FrameworkServlet.java:885)
	at jakarta.servlet.http.HttpServlet.service(HttpServlet.java:658)
	at org.apache.catalina.core.ApplicationFilterChain.internalDoFilter(ApplicationFilterChain.java:195)
	at org.apache.catalina.core.ApplicationFilterChain.doFilter(ApplicationFilterChain.java:140)
	at org.apache.tomcat.websocket.server.WsFilter.doFilter(WsFilter.java:51)
	at org.apache.catalina.core.ApplicationFilterChain.internalDoFilter(ApplicationFilterChain.java:164)
	at org.apache.catalina.core.ApplicationFilterChain.doFilter(ApplicationFilterChain.java:140)
	at org.springframework.web.filter.RequestContextFilter.doFilterInternal(RequestContextFilter.java:100)
	at org.springframework.web.filter.OncePerRequestFilter.doFilter(OncePerRequestFilter.java:116)
	at org.apache.catalina.core.ApplicationFilterChain.internalDoFilter(ApplicationFilterChain.java:164)
	at org.apache.catalina.core.ApplicationFilterChain.doFilter(ApplicationFilterChain.java:140)
	at org.springframework.web.filter.FormContentFilter.doFilterInternal(FormContentFilter.java:93)
	at org.springframework.web.filter.OncePerRequestFilter.doFilter(OncePerRequestFilter.java:116)
	at org.apache.catalina.core.ApplicationFilterChain.internalDoFilter(ApplicationFilterChain.java:164)
	at org.apache.catalina.core.ApplicationFilterChain.doFilter(ApplicationFilterChain.java:140)
	at org.springframework.web.filter.CharacterEncodingFilter.doFilterInternal(CharacterEncodingFilter.java:201)
	at org.springframework.web.filter.OncePerRequestFilter.doFilter(OncePerRequestFilter.java:116)
	at org.apache.catalina.core.ApplicationFilterChain.internalDoFilter(ApplicationFilterChain.java:164)
	at org.apache.catalina.core.ApplicationFilterChain.doFilter(ApplicationFilterChain.java:140)
	at org.apache.catalina.core.StandardWrapperValve.invoke(StandardWrapperValve.java:167)
	at org.apache.catalina.core.StandardContextValve.invoke(StandardContextValve.java:90)
	at org.apache.catalina.authenticator.AuthenticatorBase.invoke(AuthenticatorBase.java:483)
	at org.apache.catalina.core.StandardHostValve.invoke(StandardHostValve.java:115)
	at org.apache.catalina.valves.ErrorReportValve.invoke(ErrorReportValve.java:93)
	at org.apache.catalina.core.StandardEngineValve.invoke(StandardEngineValve.java:74)
	at org.apache.catalina.connector.CoyoteAdapter.service(CoyoteAdapter.java:344)
	at org.apache.coyote.http11.Http11Processor.service(Http11Processor.java:397)
	at org.apache.coyote.AbstractProcessorLight.process(AbstractProcessorLight.java:63)
	at org.apache.coyote.AbstractProtocol$ConnectionHandler.process(AbstractProtocol.java:905)
	at org.apache.tomcat.util.net.NioEndpoint$SocketProcessor.doRun(NioEndpoint.java:1743)
	at org.apache.tomcat.util.net.SocketProcessorBase.run(SocketProcessorBase.java:52)
	at org.apache.tomcat.util.threads.ThreadPoolExecutor.runWorker(ThreadPoolExecutor.java:1190)
	at org.apache.tomcat.util.threads.ThreadPoolExecutor$Worker.run(ThreadPoolExecutor.java:659)
	at org.apache.tomcat.util.threads.TaskThread$WrappingRunnable.run(TaskThread.java:63)
	at java.base/java.lang.Thread.run(Thread.java:1583)
2025-08-11 13:27:59.806 INFO  [http-nio-8081-exec-4] r.d.d.controller.DealController - Received request to calculate loan for statementId: 11b7ff71-d60c-4481-a128-816f6fd1863a with request: FinishRegistrationRequestDto(gender=FEMALE, maritalStatus=MARRIED, dependentAmount=25000, passportIssueDate=2003-01-01, passportIssueBranch=MG Russia, employmentDto=EmploymentDto(employmentStatus=SELF_EMPLOYED, employerINN=123456789012, salary=60000, position=MANAGER, workExperienceTotal=20, workExperienceCurrent=10), accountNumber=12345678901234567000)
2025-08-11 13:27:59.806 DEBUG [http-nio-8081-exec-4] r.d.d.service.impl.DealServiceImpl - Calculating loan for statementId: 11b7ff71-d60c-4481-a128-816f6fd1863a with request: FinishRegistrationRequestDto(gender=FEMALE, maritalStatus=MARRIED, dependentAmount=25000, passportIssueDate=2003-01-01, passportIssueBranch=MG Russia, employmentDto=EmploymentDto(employmentStatus=SELF_EMPLOYED, employerINN=123456789012, salary=60000, position=MANAGER, workExperienceTotal=20, workExperienceCurrent=10), accountNumber=12345678901234567000)
2025-08-11 13:27:59.806 DEBUG [http-nio-8081-exec-4] org.hibernate.SQL - 
    select
        s1_0.statement_id,
        s1_0.applied_offer,
        s1_0.client_id,
        s1_0.creation_date,
        s1_0.credit_id,
        s1_0.ses_code,
        s1_0.sign_date,
        s1_0.status,
        s1_0.status_history 
    from
        statement s1_0 
    where
        s1_0.statement_id=?
2025-08-11 13:27:59.814 DEBUG [http-nio-8081-exec-4] r.d.d.s.impl.StatementServiceImpl - Find statement by Statement(statementId=11b7ff71-d60c-4481-a128-816f6fd1863a, status=APPROVED, creationDate=2025-08-11T09:38:40.857805Z, appliedOffer=LoanOfferDto(statementId=11b7ff71-d60c-4481-a128-816f6fd1863a, requestedAmount=25000, totalAmount=25000, term=8, monthlyPayment=4700, rate=20, isInsuranceEnabled=true, isSalaryClient=true), signDate=null, sesCode=null, statusHistory=[StatusHistory(status=PREAPPROVAL, time=2025-08-11, changeType=AUTOMATIC)], client=Client(id=ab603dd3-13dd-4644-b159-b56b29821772, lastName=Rust, firstName=Coul, middleName=Jackson, birthDate=2003-01-01, email=coul@example.com, gender=null, maritalStatus=null, dependentAmount=null, passportId=null, employmentId=null, accountNumber=null, passport=Passport(series=1234, number=567890, issueBranch=null, issueDate=null), employment=Employment(status=null, employerInn=null, salary=null, position=null, workExperienceTotal=null, workExperienceCurrent=null)), credit=null) by id 11b7ff71-d60c-4481-a128-816f6fd1863a
2025-08-11 13:27:59.814 DEBUG [http-nio-8081-exec-4] r.d.d.service.impl.DealServiceImpl - Creating scoring data DTO.
2025-08-11 13:27:59.814 DEBUG [http-nio-8081-exec-4] r.d.d.service.impl.DealServiceImpl - Scoring data created: ScoringDataDto(amount=25000, term=8, firstName=Coul, lastName=Rust, middleName=Jackson, gender=FEMALE, birthdate=2003-01-01, passportSeries=1234, passportNumber=567890, passportIssueDate=2003-01-01, passportIssueBranch=MG Russia, maritalStatus=MARRIED, dependentAmount=25000, employment=EmploymentDto(employmentStatus=SELF_EMPLOYED, employerINN=123456789012, salary=60000, position=MANAGER, workExperienceTotal=20, workExperienceCurrent=10), accountNumber=12345678901234567000, isInsuranceEnabled=true, isSalaryClient=true)
2025-08-11 13:27:59.856 DEBUG [http-nio-8081-exec-4] r.d.d.service.impl.DealServiceImpl - Credit data calculated: CreditDto(amount=125000, term=8, monthlyPayment=16396.29, rate=13, psk=409500.00, isInsuranceEnabled=true, isSalaryClient=true, paymentSchedule=[PaymentScheduleElementDto(number=1, date=2025-09-11, totalPayment=16396.29, interestPayment=1354.16, debtPayment=15042.13, remainingDebt=125000.00), PaymentScheduleElementDto(number=2, date=2025-10-11, totalPayment=16396.29, interestPayment=1354.16, debtPayment=15042.13, remainingDebt=125000.00), PaymentScheduleElementDto(number=3, date=2025-11-11, totalPayment=16396.29, interestPayment=1354.16, debtPayment=15042.13, remainingDebt=125000.00), PaymentScheduleElementDto(number=4, date=2025-12-11, totalPayment=16396.29, interestPayment=1354.16, debtPayment=15042.13, remainingDebt=125000.00), PaymentScheduleElementDto(number=5, date=2026-01-11, totalPayment=16396.29, interestPayment=1354.16, debtPayment=15042.13, remainingDebt=125000.00), PaymentScheduleElementDto(number=6, date=2026-02-11, totalPayment=16396.29, interestPayment=1354.16, debtPayment=15042.13, remainingDebt=125000.00), PaymentScheduleElementDto(number=7, date=2026-03-11, totalPayment=16396.29, interestPayment=1354.16, debtPayment=15042.13, remainingDebt=125000.00), PaymentScheduleElementDto(number=8, date=2026-04-11, totalPayment=141396.29, interestPayment=1354.16, debtPayment=15042.13, remainingDebt=0.00)])
2025-08-11 13:27:59.856 DEBUG [http-nio-8081-exec-4] r.d.d.service.impl.CreditServiceImpl - Creating new credit with data: CreditDto(amount=125000, term=8, monthlyPayment=16396.29, rate=13, psk=409500.00, isInsuranceEnabled=true, isSalaryClient=true, paymentSchedule=[PaymentScheduleElementDto(number=1, date=2025-09-11, totalPayment=16396.29, interestPayment=1354.16, debtPayment=15042.13, remainingDebt=125000.00), PaymentScheduleElementDto(number=2, date=2025-10-11, totalPayment=16396.29, interestPayment=1354.16, debtPayment=15042.13, remainingDebt=125000.00), PaymentScheduleElementDto(number=3, date=2025-11-11, totalPayment=16396.29, interestPayment=1354.16, debtPayment=15042.13, remainingDebt=125000.00), PaymentScheduleElementDto(number=4, date=2025-12-11, totalPayment=16396.29, interestPayment=1354.16, debtPayment=15042.13, remainingDebt=125000.00), PaymentScheduleElementDto(number=5, date=2026-01-11, totalPayment=16396.29, interestPayment=1354.16, debtPayment=15042.13, remainingDebt=125000.00), PaymentScheduleElementDto(number=6, date=2026-02-11, totalPayment=16396.29, interestPayment=1354.16, debtPayment=15042.13, remainingDebt=125000.00), PaymentScheduleElementDto(number=7, date=2026-03-11, totalPayment=16396.29, interestPayment=1354.16, debtPayment=15042.13, remainingDebt=125000.00), PaymentScheduleElementDto(number=8, date=2026-04-11, totalPayment=141396.29, interestPayment=1354.16, debtPayment=15042.13, remainingDebt=0.00)])
2025-08-11 13:27:59.888 DEBUG [http-nio-8081-exec-4] org.hibernate.SQL - 
    insert 
    into
        credit
        (amount, credit_status, insurance_enabled, monthly_payment, payment_schedule, psk, rate, salary_client, term, credit_id) 
    values
        (?, ?, ?, ?, ?, ?, ?, ?, ?, ?)
2025-08-11 13:27:59.888 DEBUG [http-nio-8081-exec-4] r.d.d.service.impl.CreditServiceImpl - Credit created: Credit(id=7839f0ff-81cc-4f7b-ad4a-8540ee2a8470, amount=125000, term=8, monthlyPayment=16396.29, rate=13, psk=409500.00, paymentSchedule=[PaymentScheduleElementDto(number=1, date=2025-09-11, totalPayment=16396.29, interestPayment=1354.16, debtPayment=15042.13, remainingDebt=125000.00), PaymentScheduleElementDto(number=2, date=2025-10-11, totalPayment=16396.29, interestPayment=1354.16, debtPayment=15042.13, remainingDebt=125000.00), PaymentScheduleElementDto(number=3, date=2025-11-11, totalPayment=16396.29, interestPayment=1354.16, debtPayment=15042.13, remainingDebt=125000.00), PaymentScheduleElementDto(number=4, date=2025-12-11, totalPayment=16396.29, interestPayment=1354.16, debtPayment=15042.13, remainingDebt=125000.00), PaymentScheduleElementDto(number=5, date=2026-01-11, totalPayment=16396.29, interestPayment=1354.16, debtPayment=15042.13, remainingDebt=125000.00), PaymentScheduleElementDto(number=6, date=2026-02-11, totalPayment=16396.29, interestPayment=1354.16, debtPayment=15042.13, remainingDebt=125000.00), PaymentScheduleElementDto(number=7, date=2026-03-11, totalPayment=16396.29, interestPayment=1354.16, debtPayment=15042.13, remainingDebt=125000.00), PaymentScheduleElementDto(number=8, date=2026-04-11, totalPayment=141396.29, interestPayment=1354.16, debtPayment=15042.13, remainingDebt=0.00)], insuranceEnabled=true, salaryClient=true, creditStatus=CALCULATED)
2025-08-11 13:27:59.903 DEBUG [http-nio-8081-exec-4] r.d.d.service.impl.DealServiceImpl - Loan calculated and credit created successfully.
2025-08-11 13:27:59.903 INFO  [http-nio-8081-exec-4] r.d.d.controller.DealController - Loan calculated successfully.
2025-08-11 13:28:32.854 INFO  [http-nio-8081-exec-6] r.d.d.controller.DealController - Received request to calculate loan for statementId: 11b7ff71-d60c-4481-a128-816f6fd1863a with request: FinishRegistrationRequestDto(gender=FEMALE, maritalStatus=MARRIED, dependentAmount=25000, passportIssueDate=2023-01-01, passportIssueBranch=MG Russia, employmentDto=EmploymentDto(employmentStatus=SELF_EMPLOYED, employerINN=123456789012, salary=60000, position=MANAGER, workExperienceTotal=20, workExperienceCurrent=10), accountNumber=12345678901234567000)
2025-08-11 13:28:32.854 DEBUG [http-nio-8081-exec-6] r.d.d.service.impl.DealServiceImpl - Calculating loan for statementId: 11b7ff71-d60c-4481-a128-816f6fd1863a with request: FinishRegistrationRequestDto(gender=FEMALE, maritalStatus=MARRIED, dependentAmount=25000, passportIssueDate=2023-01-01, passportIssueBranch=MG Russia, employmentDto=EmploymentDto(employmentStatus=SELF_EMPLOYED, employerINN=123456789012, salary=60000, position=MANAGER, workExperienceTotal=20, workExperienceCurrent=10), accountNumber=12345678901234567000)
2025-08-11 13:28:32.857 DEBUG [http-nio-8081-exec-6] org.hibernate.SQL - 
    select
        s1_0.statement_id,
        s1_0.applied_offer,
        s1_0.client_id,
        s1_0.creation_date,
        s1_0.credit_id,
        s1_0.ses_code,
        s1_0.sign_date,
        s1_0.status,
        s1_0.status_history 
    from
        statement s1_0 
    where
        s1_0.statement_id=?
2025-08-11 13:28:32.858 DEBUG [http-nio-8081-exec-6] r.d.d.s.impl.StatementServiceImpl - Find statement by Statement(statementId=11b7ff71-d60c-4481-a128-816f6fd1863a, status=APPROVED, creationDate=2025-08-11T09:38:40.857805Z, appliedOffer=LoanOfferDto(statementId=11b7ff71-d60c-4481-a128-816f6fd1863a, requestedAmount=25000, totalAmount=25000, term=8, monthlyPayment=4700, rate=20, isInsuranceEnabled=true, isSalaryClient=true), signDate=null, sesCode=null, statusHistory=[StatusHistory(status=PREAPPROVAL, time=2025-08-11, changeType=AUTOMATIC)], client=Client(id=ab603dd3-13dd-4644-b159-b56b29821772, lastName=Rust, firstName=Coul, middleName=Jackson, birthDate=2003-01-01, email=coul@example.com, gender=null, maritalStatus=null, dependentAmount=null, passportId=null, employmentId=null, accountNumber=null, passport=Passport(series=1234, number=567890, issueBranch=null, issueDate=null), employment=Employment(status=null, employerInn=null, salary=null, position=null, workExperienceTotal=null, workExperienceCurrent=null)), credit=null) by id 11b7ff71-d60c-4481-a128-816f6fd1863a
2025-08-11 13:28:32.865 DEBUG [http-nio-8081-exec-6] r.d.d.service.impl.DealServiceImpl - Creating scoring data DTO.
2025-08-11 13:28:32.865 DEBUG [http-nio-8081-exec-6] r.d.d.service.impl.DealServiceImpl - Scoring data created: ScoringDataDto(amount=25000, term=8, firstName=Coul, lastName=Rust, middleName=Jackson, gender=FEMALE, birthdate=2003-01-01, passportSeries=1234, passportNumber=567890, passportIssueDate=2023-01-01, passportIssueBranch=MG Russia, maritalStatus=MARRIED, dependentAmount=25000, employment=EmploymentDto(employmentStatus=SELF_EMPLOYED, employerINN=123456789012, salary=60000, position=MANAGER, workExperienceTotal=20, workExperienceCurrent=10), accountNumber=12345678901234567000, isInsuranceEnabled=true, isSalaryClient=true)
2025-08-11 13:28:32.899 DEBUG [http-nio-8081-exec-6] r.d.d.service.impl.DealServiceImpl - Credit data calculated: CreditDto(amount=125000, term=8, monthlyPayment=16396.29, rate=13, psk=409500.00, isInsuranceEnabled=true, isSalaryClient=true, paymentSchedule=[PaymentScheduleElementDto(number=1, date=2025-09-11, totalPayment=16396.29, interestPayment=1354.16, debtPayment=15042.13, remainingDebt=125000.00), PaymentScheduleElementDto(number=2, date=2025-10-11, totalPayment=16396.29, interestPayment=1354.16, debtPayment=15042.13, remainingDebt=125000.00), PaymentScheduleElementDto(number=3, date=2025-11-11, totalPayment=16396.29, interestPayment=1354.16, debtPayment=15042.13, remainingDebt=125000.00), PaymentScheduleElementDto(number=4, date=2025-12-11, totalPayment=16396.29, interestPayment=1354.16, debtPayment=15042.13, remainingDebt=125000.00), PaymentScheduleElementDto(number=5, date=2026-01-11, totalPayment=16396.29, interestPayment=1354.16, debtPayment=15042.13, remainingDebt=125000.00), PaymentScheduleElementDto(number=6, date=2026-02-11, totalPayment=16396.29, interestPayment=1354.16, debtPayment=15042.13, remainingDebt=125000.00), PaymentScheduleElementDto(number=7, date=2026-03-11, totalPayment=16396.29, interestPayment=1354.16, debtPayment=15042.13, remainingDebt=125000.00), PaymentScheduleElementDto(number=8, date=2026-04-11, totalPayment=141396.29, interestPayment=1354.16, debtPayment=15042.13, remainingDebt=0.00)])
2025-08-11 13:28:32.899 DEBUG [http-nio-8081-exec-6] r.d.d.service.impl.CreditServiceImpl - Creating new credit with data: CreditDto(amount=125000, term=8, monthlyPayment=16396.29, rate=13, psk=409500.00, isInsuranceEnabled=true, isSalaryClient=true, paymentSchedule=[PaymentScheduleElementDto(number=1, date=2025-09-11, totalPayment=16396.29, interestPayment=1354.16, debtPayment=15042.13, remainingDebt=125000.00), PaymentScheduleElementDto(number=2, date=2025-10-11, totalPayment=16396.29, interestPayment=1354.16, debtPayment=15042.13, remainingDebt=125000.00), PaymentScheduleElementDto(number=3, date=2025-11-11, totalPayment=16396.29, interestPayment=1354.16, debtPayment=15042.13, remainingDebt=125000.00), PaymentScheduleElementDto(number=4, date=2025-12-11, totalPayment=16396.29, interestPayment=1354.16, debtPayment=15042.13, remainingDebt=125000.00), PaymentScheduleElementDto(number=5, date=2026-01-11, totalPayment=16396.29, interestPayment=1354.16, debtPayment=15042.13, remainingDebt=125000.00), PaymentScheduleElementDto(number=6, date=2026-02-11, totalPayment=16396.29, interestPayment=1354.16, debtPayment=15042.13, remainingDebt=125000.00), PaymentScheduleElementDto(number=7, date=2026-03-11, totalPayment=16396.29, interestPayment=1354.16, debtPayment=15042.13, remainingDebt=125000.00), PaymentScheduleElementDto(number=8, date=2026-04-11, totalPayment=141396.29, interestPayment=1354.16, debtPayment=15042.13, remainingDebt=0.00)])
2025-08-11 13:28:32.913 DEBUG [http-nio-8081-exec-6] org.hibernate.SQL - 
    insert 
    into
        credit
        (amount, credit_status, insurance_enabled, monthly_payment, payment_schedule, psk, rate, salary_client, term, credit_id) 
    values
        (?, ?, ?, ?, ?, ?, ?, ?, ?, ?)
2025-08-11 13:28:32.913 DEBUG [http-nio-8081-exec-6] r.d.d.service.impl.CreditServiceImpl - Credit created: Credit(id=c6775b40-4f57-4275-a5d9-68d1c2db1065, amount=125000, term=8, monthlyPayment=16396.29, rate=13, psk=409500.00, paymentSchedule=[PaymentScheduleElementDto(number=1, date=2025-09-11, totalPayment=16396.29, interestPayment=1354.16, debtPayment=15042.13, remainingDebt=125000.00), PaymentScheduleElementDto(number=2, date=2025-10-11, totalPayment=16396.29, interestPayment=1354.16, debtPayment=15042.13, remainingDebt=125000.00), PaymentScheduleElementDto(number=3, date=2025-11-11, totalPayment=16396.29, interestPayment=1354.16, debtPayment=15042.13, remainingDebt=125000.00), PaymentScheduleElementDto(number=4, date=2025-12-11, totalPayment=16396.29, interestPayment=1354.16, debtPayment=15042.13, remainingDebt=125000.00), PaymentScheduleElementDto(number=5, date=2026-01-11, totalPayment=16396.29, interestPayment=1354.16, debtPayment=15042.13, remainingDebt=125000.00), PaymentScheduleElementDto(number=6, date=2026-02-11, totalPayment=16396.29, interestPayment=1354.16, debtPayment=15042.13, remainingDebt=125000.00), PaymentScheduleElementDto(number=7, date=2026-03-11, totalPayment=16396.29, interestPayment=1354.16, debtPayment=15042.13, remainingDebt=125000.00), PaymentScheduleElementDto(number=8, date=2026-04-11, totalPayment=141396.29, interestPayment=1354.16, debtPayment=15042.13, remainingDebt=0.00)], insuranceEnabled=true, salaryClient=true, creditStatus=CALCULATED)
2025-08-11 13:28:32.913 DEBUG [http-nio-8081-exec-6] r.d.d.service.impl.DealServiceImpl - Loan calculated and credit created successfully.
2025-08-11 13:28:32.913 INFO  [http-nio-8081-exec-6] r.d.d.controller.DealController - Loan calculated successfully.
2025-08-11 13:29:33.057 INFO  [http-nio-8081-exec-5] r.d.d.controller.DealController - Received request to calculate loan for statementId: 11b7ff71-d60c-4481-a128-816f6fd1863a with request: FinishRegistrationRequestDto(gender=FEMALE, maritalStatus=MARRIED, dependentAmount=2000, passportIssueDate=2003-01-01, passportIssueBranch=MG Russia, employmentDto=EmploymentDto(employmentStatus=SELF_EMPLOYED, employerINN=123456789012, salary=60000, position=MANAGER, workExperienceTotal=20, workExperienceCurrent=10), accountNumber=12345678901234567000)
2025-08-11 13:29:33.058 DEBUG [http-nio-8081-exec-5] r.d.d.service.impl.DealServiceImpl - Calculating loan for statementId: 11b7ff71-d60c-4481-a128-816f6fd1863a with request: FinishRegistrationRequestDto(gender=FEMALE, maritalStatus=MARRIED, dependentAmount=2000, passportIssueDate=2003-01-01, passportIssueBranch=MG Russia, employmentDto=EmploymentDto(employmentStatus=SELF_EMPLOYED, employerINN=123456789012, salary=60000, position=MANAGER, workExperienceTotal=20, workExperienceCurrent=10), accountNumber=12345678901234567000)
2025-08-11 13:29:33.058 DEBUG [http-nio-8081-exec-5] org.hibernate.SQL - 
    select
        s1_0.statement_id,
        s1_0.applied_offer,
        s1_0.client_id,
        s1_0.creation_date,
        s1_0.credit_id,
        s1_0.ses_code,
        s1_0.sign_date,
        s1_0.status,
        s1_0.status_history 
    from
        statement s1_0 
    where
        s1_0.statement_id=?
2025-08-11 13:29:33.064 DEBUG [http-nio-8081-exec-5] r.d.d.s.impl.StatementServiceImpl - Find statement by Statement(statementId=11b7ff71-d60c-4481-a128-816f6fd1863a, status=APPROVED, creationDate=2025-08-11T09:38:40.857805Z, appliedOffer=LoanOfferDto(statementId=11b7ff71-d60c-4481-a128-816f6fd1863a, requestedAmount=25000, totalAmount=25000, term=8, monthlyPayment=4700, rate=20, isInsuranceEnabled=true, isSalaryClient=true), signDate=null, sesCode=null, statusHistory=[StatusHistory(status=PREAPPROVAL, time=2025-08-11, changeType=AUTOMATIC)], client=Client(id=ab603dd3-13dd-4644-b159-b56b29821772, lastName=Rust, firstName=Coul, middleName=Jackson, birthDate=2003-01-01, email=coul@example.com, gender=null, maritalStatus=null, dependentAmount=null, passportId=null, employmentId=null, accountNumber=null, passport=Passport(series=1234, number=567890, issueBranch=null, issueDate=null), employment=Employment(status=null, employerInn=null, salary=null, position=null, workExperienceTotal=null, workExperienceCurrent=null)), credit=null) by id 11b7ff71-d60c-4481-a128-816f6fd1863a
2025-08-11 13:29:33.064 DEBUG [http-nio-8081-exec-5] r.d.d.service.impl.DealServiceImpl - Creating scoring data DTO.
2025-08-11 13:29:33.064 DEBUG [http-nio-8081-exec-5] r.d.d.service.impl.DealServiceImpl - Scoring data created: ScoringDataDto(amount=25000, term=8, firstName=Coul, lastName=Rust, middleName=Jackson, gender=FEMALE, birthdate=2003-01-01, passportSeries=1234, passportNumber=567890, passportIssueDate=2003-01-01, passportIssueBranch=MG Russia, maritalStatus=MARRIED, dependentAmount=2000, employment=EmploymentDto(employmentStatus=SELF_EMPLOYED, employerINN=123456789012, salary=60000, position=MANAGER, workExperienceTotal=20, workExperienceCurrent=10), accountNumber=12345678901234567000, isInsuranceEnabled=true, isSalaryClient=true)
2025-08-11 13:29:33.098 DEBUG [http-nio-8081-exec-5] r.d.d.service.impl.DealServiceImpl - Credit data calculated: CreditDto(amount=125000, term=8, monthlyPayment=16396.29, rate=13, psk=409500.00, isInsuranceEnabled=true, isSalaryClient=true, paymentSchedule=[PaymentScheduleElementDto(number=1, date=2025-09-11, totalPayment=16396.29, interestPayment=1354.16, debtPayment=15042.13, remainingDebt=125000.00), PaymentScheduleElementDto(number=2, date=2025-10-11, totalPayment=16396.29, interestPayment=1354.16, debtPayment=15042.13, remainingDebt=125000.00), PaymentScheduleElementDto(number=3, date=2025-11-11, totalPayment=16396.29, interestPayment=1354.16, debtPayment=15042.13, remainingDebt=125000.00), PaymentScheduleElementDto(number=4, date=2025-12-11, totalPayment=16396.29, interestPayment=1354.16, debtPayment=15042.13, remainingDebt=125000.00), PaymentScheduleElementDto(number=5, date=2026-01-11, totalPayment=16396.29, interestPayment=1354.16, debtPayment=15042.13, remainingDebt=125000.00), PaymentScheduleElementDto(number=6, date=2026-02-11, totalPayment=16396.29, interestPayment=1354.16, debtPayment=15042.13, remainingDebt=125000.00), PaymentScheduleElementDto(number=7, date=2026-03-11, totalPayment=16396.29, interestPayment=1354.16, debtPayment=15042.13, remainingDebt=125000.00), PaymentScheduleElementDto(number=8, date=2026-04-11, totalPayment=141396.29, interestPayment=1354.16, debtPayment=15042.13, remainingDebt=0.00)])
2025-08-11 13:29:33.098 DEBUG [http-nio-8081-exec-5] r.d.d.service.impl.CreditServiceImpl - Creating new credit with data: CreditDto(amount=125000, term=8, monthlyPayment=16396.29, rate=13, psk=409500.00, isInsuranceEnabled=true, isSalaryClient=true, paymentSchedule=[PaymentScheduleElementDto(number=1, date=2025-09-11, totalPayment=16396.29, interestPayment=1354.16, debtPayment=15042.13, remainingDebt=125000.00), PaymentScheduleElementDto(number=2, date=2025-10-11, totalPayment=16396.29, interestPayment=1354.16, debtPayment=15042.13, remainingDebt=125000.00), PaymentScheduleElementDto(number=3, date=2025-11-11, totalPayment=16396.29, interestPayment=1354.16, debtPayment=15042.13, remainingDebt=125000.00), PaymentScheduleElementDto(number=4, date=2025-12-11, totalPayment=16396.29, interestPayment=1354.16, debtPayment=15042.13, remainingDebt=125000.00), PaymentScheduleElementDto(number=5, date=2026-01-11, totalPayment=16396.29, interestPayment=1354.16, debtPayment=15042.13, remainingDebt=125000.00), PaymentScheduleElementDto(number=6, date=2026-02-11, totalPayment=16396.29, interestPayment=1354.16, debtPayment=15042.13, remainingDebt=125000.00), PaymentScheduleElementDto(number=7, date=2026-03-11, totalPayment=16396.29, interestPayment=1354.16, debtPayment=15042.13, remainingDebt=125000.00), PaymentScheduleElementDto(number=8, date=2026-04-11, totalPayment=141396.29, interestPayment=1354.16, debtPayment=15042.13, remainingDebt=0.00)])
2025-08-11 13:29:33.105 DEBUG [http-nio-8081-exec-5] org.hibernate.SQL - 
    insert 
    into
        credit
        (amount, credit_status, insurance_enabled, monthly_payment, payment_schedule, psk, rate, salary_client, term, credit_id) 
    values
        (?, ?, ?, ?, ?, ?, ?, ?, ?, ?)
2025-08-11 13:29:33.112 DEBUG [http-nio-8081-exec-5] r.d.d.service.impl.CreditServiceImpl - Credit created: Credit(id=5e5bcfa0-ebd1-4916-9a96-4c838602ae9b, amount=125000, term=8, monthlyPayment=16396.29, rate=13, psk=409500.00, paymentSchedule=[PaymentScheduleElementDto(number=1, date=2025-09-11, totalPayment=16396.29, interestPayment=1354.16, debtPayment=15042.13, remainingDebt=125000.00), PaymentScheduleElementDto(number=2, date=2025-10-11, totalPayment=16396.29, interestPayment=1354.16, debtPayment=15042.13, remainingDebt=125000.00), PaymentScheduleElementDto(number=3, date=2025-11-11, totalPayment=16396.29, interestPayment=1354.16, debtPayment=15042.13, remainingDebt=125000.00), PaymentScheduleElementDto(number=4, date=2025-12-11, totalPayment=16396.29, interestPayment=1354.16, debtPayment=15042.13, remainingDebt=125000.00), PaymentScheduleElementDto(number=5, date=2026-01-11, totalPayment=16396.29, interestPayment=1354.16, debtPayment=15042.13, remainingDebt=125000.00), PaymentScheduleElementDto(number=6, date=2026-02-11, totalPayment=16396.29, interestPayment=1354.16, debtPayment=15042.13, remainingDebt=125000.00), PaymentScheduleElementDto(number=7, date=2026-03-11, totalPayment=16396.29, interestPayment=1354.16, debtPayment=15042.13, remainingDebt=125000.00), PaymentScheduleElementDto(number=8, date=2026-04-11, totalPayment=141396.29, interestPayment=1354.16, debtPayment=15042.13, remainingDebt=0.00)], insuranceEnabled=true, salaryClient=true, creditStatus=CALCULATED)
2025-08-11 13:29:33.112 DEBUG [http-nio-8081-exec-5] r.d.d.service.impl.DealServiceImpl - Loan calculated and credit created successfully.
2025-08-11 13:29:33.112 INFO  [http-nio-8081-exec-5] r.d.d.controller.DealController - Loan calculated successfully.
2025-08-11 13:30:02.139 INFO  [http-nio-8081-exec-9] r.d.d.controller.DealController - Received request to calculate loan for statementId: 8475b131-086c-4ed5-901d-5b95895e2f29 with request: FinishRegistrationRequestDto(gender=FEMALE, maritalStatus=MARRIED, dependentAmount=2000, passportIssueDate=2003-01-01, passportIssueBranch=MG Russia, employmentDto=EmploymentDto(employmentStatus=SELF_EMPLOYED, employerINN=123456789012, salary=60000, position=MANAGER, workExperienceTotal=20, workExperienceCurrent=10), accountNumber=12345678901234567000)
2025-08-11 13:30:02.139 DEBUG [http-nio-8081-exec-9] r.d.d.service.impl.DealServiceImpl - Calculating loan for statementId: 8475b131-086c-4ed5-901d-5b95895e2f29 with request: FinishRegistrationRequestDto(gender=FEMALE, maritalStatus=MARRIED, dependentAmount=2000, passportIssueDate=2003-01-01, passportIssueBranch=MG Russia, employmentDto=EmploymentDto(employmentStatus=SELF_EMPLOYED, employerINN=123456789012, salary=60000, position=MANAGER, workExperienceTotal=20, workExperienceCurrent=10), accountNumber=12345678901234567000)
2025-08-11 13:30:02.141 DEBUG [http-nio-8081-exec-9] org.hibernate.SQL - 
    select
        s1_0.statement_id,
        s1_0.applied_offer,
        s1_0.client_id,
        s1_0.creation_date,
        s1_0.credit_id,
        s1_0.ses_code,
        s1_0.sign_date,
        s1_0.status,
        s1_0.status_history 
    from
        statement s1_0 
    where
        s1_0.statement_id=?
2025-08-11 13:30:02.144 DEBUG [http-nio-8081-exec-9] r.d.d.s.impl.StatementServiceImpl - Find statement by Statement(statementId=8475b131-086c-4ed5-901d-5b95895e2f29, status=APPROVED, creationDate=2025-08-07T14:07:10.662108Z, appliedOffer=LoanOfferDto(statementId=8475b131-086c-4ed5-901d-5b95895e2f29, requestedAmount=25000, totalAmount=15000, term=8, monthlyPayment=4700, rate=20, isInsuranceEnabled=true, isSalaryClient=true), signDate=null, sesCode=null, statusHistory=[StatusHistory(status=PREAPPROVAL, time=2025-08-07, changeType=AUTOMATIC)], client=Client(id=88c4b0c2-98cd-4213-be03-3391421f41a9, lastName=Rust, firstName=Coul, middleName=Jackson, birthDate=2003-01-01, email=coul@example.com, gender=null, maritalStatus=null, dependentAmount=null, passportId=null, employmentId=null, accountNumber=null, passport=Passport(series=1234, number=567890, issueBranch=null, issueDate=null), employment=Employment(status=null, employerInn=null, salary=null, position=null, workExperienceTotal=null, workExperienceCurrent=null)), credit=null) by id 8475b131-086c-4ed5-901d-5b95895e2f29
2025-08-11 13:30:02.145 DEBUG [http-nio-8081-exec-9] r.d.d.service.impl.DealServiceImpl - Creating scoring data DTO.
2025-08-11 13:30:02.145 DEBUG [http-nio-8081-exec-9] r.d.d.service.impl.DealServiceImpl - Scoring data created: ScoringDataDto(amount=15000, term=8, firstName=Coul, lastName=Rust, middleName=Jackson, gender=FEMALE, birthdate=2003-01-01, passportSeries=1234, passportNumber=567890, passportIssueDate=2003-01-01, passportIssueBranch=MG Russia, maritalStatus=MARRIED, dependentAmount=2000, employment=EmploymentDto(employmentStatus=SELF_EMPLOYED, employerINN=123456789012, salary=60000, position=MANAGER, workExperienceTotal=20, workExperienceCurrent=10), accountNumber=12345678901234567000, isInsuranceEnabled=true, isSalaryClient=true)
2025-08-11 13:30:02.149 ERROR [http-nio-8081-exec-9] o.a.c.c.C.[.[.[.[dispatcherServlet] - Servlet.service() for servlet [dispatcherServlet] in context with path [] threw exception [Request processing failed: org.springframework.web.client.HttpClientErrorException$BadRequest: 400 Bad Request: "{"timestamp":"2025-08-11T13:30:02.1492627","status":400,"error":"Validation failed","message":"{amount=должно быть больше, чем или равно 20000}"}"] with root cause
org.springframework.web.client.HttpClientErrorException$BadRequest: 400 Bad Request: "{"timestamp":"2025-08-11T13:30:02.1492627","status":400,"error":"Validation failed","message":"{amount=должно быть больше, чем или равно 20000}"}"
	at org.springframework.web.client.HttpClientErrorException.create(HttpClientErrorException.java:103)
	at org.springframework.web.client.StatusHandler.lambda$defaultHandler$3(StatusHandler.java:86)
	at org.springframework.web.client.StatusHandler.handle(StatusHandler.java:146)
	at org.springframework.web.client.DefaultRestClient$DefaultResponseSpec.applyStatusHandlers(DefaultRestClient.java:826)
	at org.springframework.web.client.DefaultRestClient$DefaultResponseSpec.lambda$readBody$4(DefaultRestClient.java:815)
	at org.springframework.web.client.DefaultRestClient.readWithMessageConverters(DefaultRestClient.java:215)
	at org.springframework.web.client.DefaultRestClient$DefaultResponseSpec.readBody(DefaultRestClient.java:814)
	at org.springframework.web.client.DefaultRestClient$DefaultResponseSpec.lambda$body$0(DefaultRestClient.java:745)
	at org.springframework.web.client.DefaultRestClient$DefaultRequestBodyUriSpec.exchangeInternal(DefaultRestClient.java:574)
	at org.springframework.web.client.DefaultRestClient$DefaultRequestBodyUriSpec.exchange(DefaultRestClient.java:535)
	at org.springframework.web.client.RestClient$RequestHeadersSpec.exchange(RestClient.java:677)
	at org.springframework.web.client.DefaultRestClient$DefaultResponseSpec.executeAndExtract(DefaultRestClient.java:809)
	at org.springframework.web.client.DefaultRestClient$DefaultResponseSpec.body(DefaultRestClient.java:745)
	at ru.duhov.dealService.utils.RestClientServiceImpl.calculateCredit(RestClientServiceImpl.java:47)
	at ru.duhov.dealService.service.impl.DealServiceImpl.calculateLoan(DealServiceImpl.java:52)
	at ru.duhov.dealService.controller.DealController.dealCalculateStatementIdPost(DealController.java:70)
	at java.base/jdk.internal.reflect.DirectMethodHandleAccessor.invoke(DirectMethodHandleAccessor.java:103)
	at java.base/java.lang.reflect.Method.invoke(Method.java:580)
	at org.springframework.web.method.support.InvocableHandlerMethod.doInvoke(InvocableHandlerMethod.java:258)
	at org.springframework.web.method.support.InvocableHandlerMethod.invokeForRequest(InvocableHandlerMethod.java:191)
	at org.springframework.web.servlet.mvc.method.annotation.ServletInvocableHandlerMethod.invokeAndHandle(ServletInvocableHandlerMethod.java:118)
	at org.springframework.web.servlet.mvc.method.annotation.RequestMappingHandlerAdapter.invokeHandlerMethod(RequestMappingHandlerAdapter.java:986)
	at org.springframework.web.servlet.mvc.method.annotation.RequestMappingHandlerAdapter.handleInternal(RequestMappingHandlerAdapter.java:891)
	at org.springframework.web.servlet.mvc.method.AbstractHandlerMethodAdapter.handle(AbstractHandlerMethodAdapter.java:87)
	at org.springframework.web.servlet.DispatcherServlet.doDispatch(DispatcherServlet.java:1089)
	at org.springframework.web.servlet.DispatcherServlet.doService(DispatcherServlet.java:979)
	at org.springframework.web.servlet.FrameworkServlet.processRequest(FrameworkServlet.java:1014)
	at org.springframework.web.servlet.FrameworkServlet.doPost(FrameworkServlet.java:914)
	at jakarta.servlet.http.HttpServlet.service(HttpServlet.java:590)
	at org.springframework.web.servlet.FrameworkServlet.service(FrameworkServlet.java:885)
	at jakarta.servlet.http.HttpServlet.service(HttpServlet.java:658)
	at org.apache.catalina.core.ApplicationFilterChain.internalDoFilter(ApplicationFilterChain.java:195)
	at org.apache.catalina.core.ApplicationFilterChain.doFilter(ApplicationFilterChain.java:140)
	at org.apache.tomcat.websocket.server.WsFilter.doFilter(WsFilter.java:51)
	at org.apache.catalina.core.ApplicationFilterChain.internalDoFilter(ApplicationFilterChain.java:164)
	at org.apache.catalina.core.ApplicationFilterChain.doFilter(ApplicationFilterChain.java:140)
	at org.springframework.web.filter.RequestContextFilter.doFilterInternal(RequestContextFilter.java:100)
	at org.springframework.web.filter.OncePerRequestFilter.doFilter(OncePerRequestFilter.java:116)
	at org.apache.catalina.core.ApplicationFilterChain.internalDoFilter(ApplicationFilterChain.java:164)
	at org.apache.catalina.core.ApplicationFilterChain.doFilter(ApplicationFilterChain.java:140)
	at org.springframework.web.filter.FormContentFilter.doFilterInternal(FormContentFilter.java:93)
	at org.springframework.web.filter.OncePerRequestFilter.doFilter(OncePerRequestFilter.java:116)
	at org.apache.catalina.core.ApplicationFilterChain.internalDoFilter(ApplicationFilterChain.java:164)
	at org.apache.catalina.core.ApplicationFilterChain.doFilter(ApplicationFilterChain.java:140)
	at org.springframework.web.filter.CharacterEncodingFilter.doFilterInternal(CharacterEncodingFilter.java:201)
	at org.springframework.web.filter.OncePerRequestFilter.doFilter(OncePerRequestFilter.java:116)
	at org.apache.catalina.core.ApplicationFilterChain.internalDoFilter(ApplicationFilterChain.java:164)
	at org.apache.catalina.core.ApplicationFilterChain.doFilter(ApplicationFilterChain.java:140)
	at org.apache.catalina.core.StandardWrapperValve.invoke(StandardWrapperValve.java:167)
	at org.apache.catalina.core.StandardContextValve.invoke(StandardContextValve.java:90)
	at org.apache.catalina.authenticator.AuthenticatorBase.invoke(AuthenticatorBase.java:483)
	at org.apache.catalina.core.StandardHostValve.invoke(StandardHostValve.java:115)
	at org.apache.catalina.valves.ErrorReportValve.invoke(ErrorReportValve.java:93)
	at org.apache.catalina.core.StandardEngineValve.invoke(StandardEngineValve.java:74)
	at org.apache.catalina.connector.CoyoteAdapter.service(CoyoteAdapter.java:344)
	at org.apache.coyote.http11.Http11Processor.service(Http11Processor.java:397)
	at org.apache.coyote.AbstractProcessorLight.process(AbstractProcessorLight.java:63)
	at org.apache.coyote.AbstractProtocol$ConnectionHandler.process(AbstractProtocol.java:905)
	at org.apache.tomcat.util.net.NioEndpoint$SocketProcessor.doRun(NioEndpoint.java:1743)
	at org.apache.tomcat.util.net.SocketProcessorBase.run(SocketProcessorBase.java:52)
	at org.apache.tomcat.util.threads.ThreadPoolExecutor.runWorker(ThreadPoolExecutor.java:1190)
	at org.apache.tomcat.util.threads.ThreadPoolExecutor$Worker.run(ThreadPoolExecutor.java:659)
	at org.apache.tomcat.util.threads.TaskThread$WrappingRunnable.run(TaskThread.java:63)
	at java.base/java.lang.Thread.run(Thread.java:1583)
2025-08-11 13:30:20.125 INFO  [http-nio-8081-exec-10] r.d.d.controller.DealController - Received request to calculate loan for statementId: 8475b131-086c-4ed5-901d-5b95895e2f29 with request: FinishRegistrationRequestDto(gender=FEMALE, maritalStatus=MARRIED, dependentAmount=25000, passportIssueDate=2023-01-01, passportIssueBranch=MG Russia, employmentDto=EmploymentDto(employmentStatus=SELF_EMPLOYED, employerINN=123456789012, salary=60000, position=MANAGER, workExperienceTotal=20, workExperienceCurrent=10), accountNumber=12345678901234567000)
2025-08-11 13:30:20.125 DEBUG [http-nio-8081-exec-10] r.d.d.service.impl.DealServiceImpl - Calculating loan for statementId: 8475b131-086c-4ed5-901d-5b95895e2f29 with request: FinishRegistrationRequestDto(gender=FEMALE, maritalStatus=MARRIED, dependentAmount=25000, passportIssueDate=2023-01-01, passportIssueBranch=MG Russia, employmentDto=EmploymentDto(employmentStatus=SELF_EMPLOYED, employerINN=123456789012, salary=60000, position=MANAGER, workExperienceTotal=20, workExperienceCurrent=10), accountNumber=12345678901234567000)
2025-08-11 13:30:20.125 DEBUG [http-nio-8081-exec-10] org.hibernate.SQL - 
    select
        s1_0.statement_id,
        s1_0.applied_offer,
        s1_0.client_id,
        s1_0.creation_date,
        s1_0.credit_id,
        s1_0.ses_code,
        s1_0.sign_date,
        s1_0.status,
        s1_0.status_history 
    from
        statement s1_0 
    where
        s1_0.statement_id=?
2025-08-11 13:30:20.130 DEBUG [http-nio-8081-exec-10] r.d.d.s.impl.StatementServiceImpl - Find statement by Statement(statementId=8475b131-086c-4ed5-901d-5b95895e2f29, status=APPROVED, creationDate=2025-08-07T14:07:10.662108Z, appliedOffer=LoanOfferDto(statementId=8475b131-086c-4ed5-901d-5b95895e2f29, requestedAmount=25000, totalAmount=15000, term=8, monthlyPayment=4700, rate=20, isInsuranceEnabled=true, isSalaryClient=true), signDate=null, sesCode=null, statusHistory=[StatusHistory(status=PREAPPROVAL, time=2025-08-07, changeType=AUTOMATIC)], client=Client(id=88c4b0c2-98cd-4213-be03-3391421f41a9, lastName=Rust, firstName=Coul, middleName=Jackson, birthDate=2003-01-01, email=coul@example.com, gender=null, maritalStatus=null, dependentAmount=null, passportId=null, employmentId=null, accountNumber=null, passport=Passport(series=1234, number=567890, issueBranch=null, issueDate=null), employment=Employment(status=null, employerInn=null, salary=null, position=null, workExperienceTotal=null, workExperienceCurrent=null)), credit=null) by id 8475b131-086c-4ed5-901d-5b95895e2f29
2025-08-11 13:30:20.130 DEBUG [http-nio-8081-exec-10] r.d.d.service.impl.DealServiceImpl - Creating scoring data DTO.
2025-08-11 13:30:20.130 DEBUG [http-nio-8081-exec-10] r.d.d.service.impl.DealServiceImpl - Scoring data created: ScoringDataDto(amount=15000, term=8, firstName=Coul, lastName=Rust, middleName=Jackson, gender=FEMALE, birthdate=2003-01-01, passportSeries=1234, passportNumber=567890, passportIssueDate=2023-01-01, passportIssueBranch=MG Russia, maritalStatus=MARRIED, dependentAmount=25000, employment=EmploymentDto(employmentStatus=SELF_EMPLOYED, employerINN=123456789012, salary=60000, position=MANAGER, workExperienceTotal=20, workExperienceCurrent=10), accountNumber=12345678901234567000, isInsuranceEnabled=true, isSalaryClient=true)
2025-08-11 13:30:20.151 ERROR [http-nio-8081-exec-10] o.a.c.c.C.[.[.[.[dispatcherServlet] - Servlet.service() for servlet [dispatcherServlet] in context with path [] threw exception [Request processing failed: org.springframework.web.client.HttpClientErrorException$BadRequest: 400 Bad Request: "{"timestamp":"2025-08-11T13:30:20.1448677","status":400,"error":"Validation failed","message":"{amount=должно быть больше, чем или равно 20000}"}"] with root cause
org.springframework.web.client.HttpClientErrorException$BadRequest: 400 Bad Request: "{"timestamp":"2025-08-11T13:30:20.1448677","status":400,"error":"Validation failed","message":"{amount=должно быть больше, чем или равно 20000}"}"
	at org.springframework.web.client.HttpClientErrorException.create(HttpClientErrorException.java:103)
	at org.springframework.web.client.StatusHandler.lambda$defaultHandler$3(StatusHandler.java:86)
	at org.springframework.web.client.StatusHandler.handle(StatusHandler.java:146)
	at org.springframework.web.client.DefaultRestClient$DefaultResponseSpec.applyStatusHandlers(DefaultRestClient.java:826)
	at org.springframework.web.client.DefaultRestClient$DefaultResponseSpec.lambda$readBody$4(DefaultRestClient.java:815)
	at org.springframework.web.client.DefaultRestClient.readWithMessageConverters(DefaultRestClient.java:215)
	at org.springframework.web.client.DefaultRestClient$DefaultResponseSpec.readBody(DefaultRestClient.java:814)
	at org.springframework.web.client.DefaultRestClient$DefaultResponseSpec.lambda$body$0(DefaultRestClient.java:745)
	at org.springframework.web.client.DefaultRestClient$DefaultRequestBodyUriSpec.exchangeInternal(DefaultRestClient.java:574)
	at org.springframework.web.client.DefaultRestClient$DefaultRequestBodyUriSpec.exchange(DefaultRestClient.java:535)
	at org.springframework.web.client.RestClient$RequestHeadersSpec.exchange(RestClient.java:677)
	at org.springframework.web.client.DefaultRestClient$DefaultResponseSpec.executeAndExtract(DefaultRestClient.java:809)
	at org.springframework.web.client.DefaultRestClient$DefaultResponseSpec.body(DefaultRestClient.java:745)
	at ru.duhov.dealService.utils.RestClientServiceImpl.calculateCredit(RestClientServiceImpl.java:47)
	at ru.duhov.dealService.service.impl.DealServiceImpl.calculateLoan(DealServiceImpl.java:52)
	at ru.duhov.dealService.controller.DealController.dealCalculateStatementIdPost(DealController.java:70)
	at java.base/jdk.internal.reflect.DirectMethodHandleAccessor.invoke(DirectMethodHandleAccessor.java:103)
	at java.base/java.lang.reflect.Method.invoke(Method.java:580)
	at org.springframework.web.method.support.InvocableHandlerMethod.doInvoke(InvocableHandlerMethod.java:258)
	at org.springframework.web.method.support.InvocableHandlerMethod.invokeForRequest(InvocableHandlerMethod.java:191)
	at org.springframework.web.servlet.mvc.method.annotation.ServletInvocableHandlerMethod.invokeAndHandle(ServletInvocableHandlerMethod.java:118)
	at org.springframework.web.servlet.mvc.method.annotation.RequestMappingHandlerAdapter.invokeHandlerMethod(RequestMappingHandlerAdapter.java:986)
	at org.springframework.web.servlet.mvc.method.annotation.RequestMappingHandlerAdapter.handleInternal(RequestMappingHandlerAdapter.java:891)
	at org.springframework.web.servlet.mvc.method.AbstractHandlerMethodAdapter.handle(AbstractHandlerMethodAdapter.java:87)
	at org.springframework.web.servlet.DispatcherServlet.doDispatch(DispatcherServlet.java:1089)
	at org.springframework.web.servlet.DispatcherServlet.doService(DispatcherServlet.java:979)
	at org.springframework.web.servlet.FrameworkServlet.processRequest(FrameworkServlet.java:1014)
	at org.springframework.web.servlet.FrameworkServlet.doPost(FrameworkServlet.java:914)
	at jakarta.servlet.http.HttpServlet.service(HttpServlet.java:590)
	at org.springframework.web.servlet.FrameworkServlet.service(FrameworkServlet.java:885)
	at jakarta.servlet.http.HttpServlet.service(HttpServlet.java:658)
	at org.apache.catalina.core.ApplicationFilterChain.internalDoFilter(ApplicationFilterChain.java:195)
	at org.apache.catalina.core.ApplicationFilterChain.doFilter(ApplicationFilterChain.java:140)
	at org.apache.tomcat.websocket.server.WsFilter.doFilter(WsFilter.java:51)
	at org.apache.catalina.core.ApplicationFilterChain.internalDoFilter(ApplicationFilterChain.java:164)
	at org.apache.catalina.core.ApplicationFilterChain.doFilter(ApplicationFilterChain.java:140)
	at org.springframework.web.filter.RequestContextFilter.doFilterInternal(RequestContextFilter.java:100)
	at org.springframework.web.filter.OncePerRequestFilter.doFilter(OncePerRequestFilter.java:116)
	at org.apache.catalina.core.ApplicationFilterChain.internalDoFilter(ApplicationFilterChain.java:164)
	at org.apache.catalina.core.ApplicationFilterChain.doFilter(ApplicationFilterChain.java:140)
	at org.springframework.web.filter.FormContentFilter.doFilterInternal(FormContentFilter.java:93)
	at org.springframework.web.filter.OncePerRequestFilter.doFilter(OncePerRequestFilter.java:116)
	at org.apache.catalina.core.ApplicationFilterChain.internalDoFilter(ApplicationFilterChain.java:164)
	at org.apache.catalina.core.ApplicationFilterChain.doFilter(ApplicationFilterChain.java:140)
	at org.springframework.web.filter.CharacterEncodingFilter.doFilterInternal(CharacterEncodingFilter.java:201)
	at org.springframework.web.filter.OncePerRequestFilter.doFilter(OncePerRequestFilter.java:116)
	at org.apache.catalina.core.ApplicationFilterChain.internalDoFilter(ApplicationFilterChain.java:164)
	at org.apache.catalina.core.ApplicationFilterChain.doFilter(ApplicationFilterChain.java:140)
	at org.apache.catalina.core.StandardWrapperValve.invoke(StandardWrapperValve.java:167)
	at org.apache.catalina.core.StandardContextValve.invoke(StandardContextValve.java:90)
	at org.apache.catalina.authenticator.AuthenticatorBase.invoke(AuthenticatorBase.java:483)
	at org.apache.catalina.core.StandardHostValve.invoke(StandardHostValve.java:115)
	at org.apache.catalina.valves.ErrorReportValve.invoke(ErrorReportValve.java:93)
	at org.apache.catalina.core.StandardEngineValve.invoke(StandardEngineValve.java:74)
	at org.apache.catalina.connector.CoyoteAdapter.service(CoyoteAdapter.java:344)
	at org.apache.coyote.http11.Http11Processor.service(Http11Processor.java:397)
	at org.apache.coyote.AbstractProcessorLight.process(AbstractProcessorLight.java:63)
	at org.apache.coyote.AbstractProtocol$ConnectionHandler.process(AbstractProtocol.java:905)
	at org.apache.tomcat.util.net.NioEndpoint$SocketProcessor.doRun(NioEndpoint.java:1743)
	at org.apache.tomcat.util.net.SocketProcessorBase.run(SocketProcessorBase.java:52)
	at org.apache.tomcat.util.threads.ThreadPoolExecutor.runWorker(ThreadPoolExecutor.java:1190)
	at org.apache.tomcat.util.threads.ThreadPoolExecutor$Worker.run(ThreadPoolExecutor.java:659)
	at org.apache.tomcat.util.threads.TaskThread$WrappingRunnable.run(TaskThread.java:63)
	at java.base/java.lang.Thread.run(Thread.java:1583)
2025-08-11 13:30:55.902 INFO  [http-nio-8081-exec-8] r.d.d.controller.DealController - Received request to calculate loan for statementId: 8475b131-086c-4ed5-901d-5b95895e2f29 with request: FinishRegistrationRequestDto(gender=FEMALE, maritalStatus=MARRIED, dependentAmount=25000, passportIssueDate=2023-01-01, passportIssueBranch=MG Russia, employmentDto=EmploymentDto(employmentStatus=SELF_EMPLOYED, employerINN=123456789012, salary=60000, position=MANAGER, workExperienceTotal=20, workExperienceCurrent=10), accountNumber=12345678901234567000)
2025-08-11 13:30:55.902 DEBUG [http-nio-8081-exec-8] r.d.d.service.impl.DealServiceImpl - Calculating loan for statementId: 8475b131-086c-4ed5-901d-5b95895e2f29 with request: FinishRegistrationRequestDto(gender=FEMALE, maritalStatus=MARRIED, dependentAmount=25000, passportIssueDate=2023-01-01, passportIssueBranch=MG Russia, employmentDto=EmploymentDto(employmentStatus=SELF_EMPLOYED, employerINN=123456789012, salary=60000, position=MANAGER, workExperienceTotal=20, workExperienceCurrent=10), accountNumber=12345678901234567000)
2025-08-11 13:30:55.902 DEBUG [http-nio-8081-exec-8] org.hibernate.SQL - 
    select
        s1_0.statement_id,
        s1_0.applied_offer,
        s1_0.client_id,
        s1_0.creation_date,
        s1_0.credit_id,
        s1_0.ses_code,
        s1_0.sign_date,
        s1_0.status,
        s1_0.status_history 
    from
        statement s1_0 
    where
        s1_0.statement_id=?
2025-08-11 13:30:55.906 DEBUG [http-nio-8081-exec-8] r.d.d.s.impl.StatementServiceImpl - Find statement by Statement(statementId=8475b131-086c-4ed5-901d-5b95895e2f29, status=APPROVED, creationDate=2025-08-07T14:07:10.662108Z, appliedOffer=LoanOfferDto(statementId=8475b131-086c-4ed5-901d-5b95895e2f29, requestedAmount=25000, totalAmount=15000, term=8, monthlyPayment=4700, rate=20, isInsuranceEnabled=true, isSalaryClient=true), signDate=null, sesCode=null, statusHistory=[StatusHistory(status=PREAPPROVAL, time=2025-08-07, changeType=AUTOMATIC)], client=Client(id=88c4b0c2-98cd-4213-be03-3391421f41a9, lastName=Rust, firstName=Coul, middleName=Jackson, birthDate=2003-01-01, email=coul@example.com, gender=null, maritalStatus=null, dependentAmount=null, passportId=null, employmentId=null, accountNumber=null, passport=Passport(series=1234, number=567890, issueBranch=null, issueDate=null), employment=Employment(status=null, employerInn=null, salary=null, position=null, workExperienceTotal=null, workExperienceCurrent=null)), credit=null) by id 8475b131-086c-4ed5-901d-5b95895e2f29
2025-08-11 13:30:55.913 DEBUG [http-nio-8081-exec-8] r.d.d.service.impl.DealServiceImpl - Creating scoring data DTO.
2025-08-11 13:30:55.913 DEBUG [http-nio-8081-exec-8] r.d.d.service.impl.DealServiceImpl - Scoring data created: ScoringDataDto(amount=15000, term=8, firstName=Coul, lastName=Rust, middleName=Jackson, gender=FEMALE, birthdate=2003-01-01, passportSeries=1234, passportNumber=567890, passportIssueDate=2023-01-01, passportIssueBranch=MG Russia, maritalStatus=MARRIED, dependentAmount=25000, employment=EmploymentDto(employmentStatus=SELF_EMPLOYED, employerINN=123456789012, salary=60000, position=MANAGER, workExperienceTotal=20, workExperienceCurrent=10), accountNumber=12345678901234567000, isInsuranceEnabled=true, isSalaryClient=true)
2025-08-11 13:30:55.927 ERROR [http-nio-8081-exec-8] o.a.c.c.C.[.[.[.[dispatcherServlet] - Servlet.service() for servlet [dispatcherServlet] in context with path [] threw exception [Request processing failed: org.springframework.web.client.HttpClientErrorException$BadRequest: 400 Bad Request: "{"timestamp":"2025-08-11T13:30:55.9276138","status":400,"error":"Validation failed","message":"{amount=должно быть больше, чем или равно 20000}"}"] with root cause
org.springframework.web.client.HttpClientErrorException$BadRequest: 400 Bad Request: "{"timestamp":"2025-08-11T13:30:55.9276138","status":400,"error":"Validation failed","message":"{amount=должно быть больше, чем или равно 20000}"}"
	at org.springframework.web.client.HttpClientErrorException.create(HttpClientErrorException.java:103)
	at org.springframework.web.client.StatusHandler.lambda$defaultHandler$3(StatusHandler.java:86)
	at org.springframework.web.client.StatusHandler.handle(StatusHandler.java:146)
	at org.springframework.web.client.DefaultRestClient$DefaultResponseSpec.applyStatusHandlers(DefaultRestClient.java:826)
	at org.springframework.web.client.DefaultRestClient$DefaultResponseSpec.lambda$readBody$4(DefaultRestClient.java:815)
	at org.springframework.web.client.DefaultRestClient.readWithMessageConverters(DefaultRestClient.java:215)
	at org.springframework.web.client.DefaultRestClient$DefaultResponseSpec.readBody(DefaultRestClient.java:814)
	at org.springframework.web.client.DefaultRestClient$DefaultResponseSpec.lambda$body$0(DefaultRestClient.java:745)
	at org.springframework.web.client.DefaultRestClient$DefaultRequestBodyUriSpec.exchangeInternal(DefaultRestClient.java:574)
	at org.springframework.web.client.DefaultRestClient$DefaultRequestBodyUriSpec.exchange(DefaultRestClient.java:535)
	at org.springframework.web.client.RestClient$RequestHeadersSpec.exchange(RestClient.java:677)
	at org.springframework.web.client.DefaultRestClient$DefaultResponseSpec.executeAndExtract(DefaultRestClient.java:809)
	at org.springframework.web.client.DefaultRestClient$DefaultResponseSpec.body(DefaultRestClient.java:745)
	at ru.duhov.dealService.utils.RestClientServiceImpl.calculateCredit(RestClientServiceImpl.java:47)
	at ru.duhov.dealService.service.impl.DealServiceImpl.calculateLoan(DealServiceImpl.java:52)
	at ru.duhov.dealService.controller.DealController.dealCalculateStatementIdPost(DealController.java:70)
	at java.base/jdk.internal.reflect.DirectMethodHandleAccessor.invoke(DirectMethodHandleAccessor.java:103)
	at java.base/java.lang.reflect.Method.invoke(Method.java:580)
	at org.springframework.web.method.support.InvocableHandlerMethod.doInvoke(InvocableHandlerMethod.java:258)
	at org.springframework.web.method.support.InvocableHandlerMethod.invokeForRequest(InvocableHandlerMethod.java:191)
	at org.springframework.web.servlet.mvc.method.annotation.ServletInvocableHandlerMethod.invokeAndHandle(ServletInvocableHandlerMethod.java:118)
	at org.springframework.web.servlet.mvc.method.annotation.RequestMappingHandlerAdapter.invokeHandlerMethod(RequestMappingHandlerAdapter.java:986)
	at org.springframework.web.servlet.mvc.method.annotation.RequestMappingHandlerAdapter.handleInternal(RequestMappingHandlerAdapter.java:891)
	at org.springframework.web.servlet.mvc.method.AbstractHandlerMethodAdapter.handle(AbstractHandlerMethodAdapter.java:87)
	at org.springframework.web.servlet.DispatcherServlet.doDispatch(DispatcherServlet.java:1089)
	at org.springframework.web.servlet.DispatcherServlet.doService(DispatcherServlet.java:979)
	at org.springframework.web.servlet.FrameworkServlet.processRequest(FrameworkServlet.java:1014)
	at org.springframework.web.servlet.FrameworkServlet.doPost(FrameworkServlet.java:914)
	at jakarta.servlet.http.HttpServlet.service(HttpServlet.java:590)
	at org.springframework.web.servlet.FrameworkServlet.service(FrameworkServlet.java:885)
	at jakarta.servlet.http.HttpServlet.service(HttpServlet.java:658)
	at org.apache.catalina.core.ApplicationFilterChain.internalDoFilter(ApplicationFilterChain.java:195)
	at org.apache.catalina.core.ApplicationFilterChain.doFilter(ApplicationFilterChain.java:140)
	at org.apache.tomcat.websocket.server.WsFilter.doFilter(WsFilter.java:51)
	at org.apache.catalina.core.ApplicationFilterChain.internalDoFilter(ApplicationFilterChain.java:164)
	at org.apache.catalina.core.ApplicationFilterChain.doFilter(ApplicationFilterChain.java:140)
	at org.springframework.web.filter.RequestContextFilter.doFilterInternal(RequestContextFilter.java:100)
	at org.springframework.web.filter.OncePerRequestFilter.doFilter(OncePerRequestFilter.java:116)
	at org.apache.catalina.core.ApplicationFilterChain.internalDoFilter(ApplicationFilterChain.java:164)
	at org.apache.catalina.core.ApplicationFilterChain.doFilter(ApplicationFilterChain.java:140)
	at org.springframework.web.filter.FormContentFilter.doFilterInternal(FormContentFilter.java:93)
	at org.springframework.web.filter.OncePerRequestFilter.doFilter(OncePerRequestFilter.java:116)
	at org.apache.catalina.core.ApplicationFilterChain.internalDoFilter(ApplicationFilterChain.java:164)
	at org.apache.catalina.core.ApplicationFilterChain.doFilter(ApplicationFilterChain.java:140)
	at org.springframework.web.filter.CharacterEncodingFilter.doFilterInternal(CharacterEncodingFilter.java:201)
	at org.springframework.web.filter.OncePerRequestFilter.doFilter(OncePerRequestFilter.java:116)
	at org.apache.catalina.core.ApplicationFilterChain.internalDoFilter(ApplicationFilterChain.java:164)
	at org.apache.catalina.core.ApplicationFilterChain.doFilter(ApplicationFilterChain.java:140)
	at org.apache.catalina.core.StandardWrapperValve.invoke(StandardWrapperValve.java:167)
	at org.apache.catalina.core.StandardContextValve.invoke(StandardContextValve.java:90)
	at org.apache.catalina.authenticator.AuthenticatorBase.invoke(AuthenticatorBase.java:483)
	at org.apache.catalina.core.StandardHostValve.invoke(StandardHostValve.java:115)
	at org.apache.catalina.valves.ErrorReportValve.invoke(ErrorReportValve.java:93)
	at org.apache.catalina.core.StandardEngineValve.invoke(StandardEngineValve.java:74)
	at org.apache.catalina.connector.CoyoteAdapter.service(CoyoteAdapter.java:344)
	at org.apache.coyote.http11.Http11Processor.service(Http11Processor.java:397)
	at org.apache.coyote.AbstractProcessorLight.process(AbstractProcessorLight.java:63)
	at org.apache.coyote.AbstractProtocol$ConnectionHandler.process(AbstractProtocol.java:905)
	at org.apache.tomcat.util.net.NioEndpoint$SocketProcessor.doRun(NioEndpoint.java:1743)
	at org.apache.tomcat.util.net.SocketProcessorBase.run(SocketProcessorBase.java:52)
	at org.apache.tomcat.util.threads.ThreadPoolExecutor.runWorker(ThreadPoolExecutor.java:1190)
	at org.apache.tomcat.util.threads.ThreadPoolExecutor$Worker.run(ThreadPoolExecutor.java:659)
	at org.apache.tomcat.util.threads.TaskThread$WrappingRunnable.run(TaskThread.java:63)
	at java.base/java.lang.Thread.run(Thread.java:1583)
2025-08-11 13:31:23.132 INFO  [http-nio-8081-exec-7] r.d.d.controller.DealController - Received request to select loan offer: LoanOfferDto(statementId=997595c5-41ae-4c0e-928d-1c9ebef32779, requestedAmount=19000, totalAmount=25000, term=8, monthlyPayment=4700, rate=20, isInsuranceEnabled=true, isSalaryClient=true)
2025-08-11 13:31:23.132 DEBUG [http-nio-8081-exec-7] r.d.d.service.impl.DealServiceImpl - Selecting loan offer: LoanOfferDto(statementId=997595c5-41ae-4c0e-928d-1c9ebef32779, requestedAmount=19000, totalAmount=25000, term=8, monthlyPayment=4700, rate=20, isInsuranceEnabled=true, isSalaryClient=true)
2025-08-11 13:31:23.134 DEBUG [http-nio-8081-exec-7] org.hibernate.SQL - 
    select
        s1_0.statement_id,
        s1_0.applied_offer,
        s1_0.client_id,
        s1_0.creation_date,
        s1_0.credit_id,
        s1_0.ses_code,
        s1_0.sign_date,
        s1_0.status,
        s1_0.status_history 
    from
        statement s1_0 
    where
        s1_0.statement_id=?
2025-08-11 13:31:23.135 DEBUG [http-nio-8081-exec-7] r.d.d.s.impl.StatementServiceImpl - Find statement by Statement(statementId=997595c5-41ae-4c0e-928d-1c9ebef32779, status=PREAPPROVAL, creationDate=2025-08-07T15:05:30.804031Z, appliedOffer=null, signDate=null, sesCode=null, statusHistory=[StatusHistory(status=PREAPPROVAL, time=2025-08-07, changeType=AUTOMATIC)], client=Client(id=82b4cf84-bbd2-43c8-98c1-5e3b79bc649f, lastName=Rust, firstName=Coul, middleName=Jackson, birthDate=2003-01-01, email=coul@example.com, gender=null, maritalStatus=null, dependentAmount=null, passportId=null, employmentId=null, accountNumber=null, passport=Passport(series=1234, number=567890, issueBranch=null, issueDate=null), employment=Employment(status=null, employerInn=null, salary=null, position=null, workExperienceTotal=null, workExperienceCurrent=null)), credit=null) by id 997595c5-41ae-4c0e-928d-1c9ebef32779
2025-08-11 13:31:23.135 DEBUG [http-nio-8081-exec-7] r.d.d.s.impl.StatementServiceImpl - Updating statement: Statement(statementId=997595c5-41ae-4c0e-928d-1c9ebef32779, status=PREAPPROVAL, creationDate=2025-08-07T15:05:30.804031Z, appliedOffer=null, signDate=null, sesCode=null, statusHistory=[StatusHistory(status=PREAPPROVAL, time=2025-08-07, changeType=AUTOMATIC)], client=Client(id=82b4cf84-bbd2-43c8-98c1-5e3b79bc649f, lastName=Rust, firstName=Coul, middleName=Jackson, birthDate=2003-01-01, email=coul@example.com, gender=null, maritalStatus=null, dependentAmount=null, passportId=null, employmentId=null, accountNumber=null, passport=Passport(series=1234, number=567890, issueBranch=null, issueDate=null), employment=Employment(status=null, employerInn=null, salary=null, position=null, workExperienceTotal=null, workExperienceCurrent=null)), credit=null)
2025-08-11 13:31:23.135 DEBUG [http-nio-8081-exec-7] r.d.d.s.impl.StatementServiceImpl - Creating new status history entry: status = APPROVED, changeType = AUTOMATIC
2025-08-11 13:31:23.135 DEBUG [http-nio-8081-exec-7] org.hibernate.SQL - 
    update
        statement 
    set
        applied_offer=?,
        client_id=?,
        creation_date=?,
        credit_id=?,
        ses_code=?,
        sign_date=?,
        status=?,
        status_history=? 
    where
        statement_id=?
2025-08-11 13:31:23.142 DEBUG [http-nio-8081-exec-7] r.d.d.s.impl.StatementServiceImpl - Statement updated: Statement(statementId=997595c5-41ae-4c0e-928d-1c9ebef32779, status=APPROVED, creationDate=2025-08-07T15:05:30.804031Z, appliedOffer=LoanOfferDto(statementId=997595c5-41ae-4c0e-928d-1c9ebef32779, requestedAmount=19000, totalAmount=25000, term=8, monthlyPayment=4700, rate=20, isInsuranceEnabled=true, isSalaryClient=true), signDate=null, sesCode=null, statusHistory=[StatusHistory(status=PREAPPROVAL, time=2025-08-07, changeType=AUTOMATIC)], client=Client(id=82b4cf84-bbd2-43c8-98c1-5e3b79bc649f, lastName=Rust, firstName=Coul, middleName=Jackson, birthDate=2003-01-01, email=coul@example.com, gender=null, maritalStatus=null, dependentAmount=null, passportId=null, employmentId=null, accountNumber=null, passport=Passport(series=1234, number=567890, issueBranch=null, issueDate=null), employment=Employment(status=null, employerInn=null, salary=null, position=null, workExperienceTotal=null, workExperienceCurrent=null)), credit=null)
2025-08-11 13:31:23.142 DEBUG [http-nio-8081-exec-7] r.d.d.service.impl.DealServiceImpl - Loan offer selected.
2025-08-11 13:31:23.142 INFO  [http-nio-8081-exec-7] r.d.d.controller.DealController - Loan offer selected successfully.
2025-08-11 13:32:03.127 INFO  [http-nio-8081-exec-1] r.d.d.controller.DealController - Received request to calculate loan for statementId: 997595c5-41ae-4c0e-928d-1c9ebef32779 with request: FinishRegistrationRequestDto(gender=FEMALE, maritalStatus=MARRIED, dependentAmount=25000, passportIssueDate=2003-01-01, passportIssueBranch=MG Russia, employmentDto=EmploymentDto(employmentStatus=SELF_EMPLOYED, employerINN=123456789012, salary=60000, position=MANAGER, workExperienceTotal=5, workExperienceCurrent=4), accountNumber=12345678901234567000)
2025-08-11 13:32:03.127 DEBUG [http-nio-8081-exec-1] r.d.d.service.impl.DealServiceImpl - Calculating loan for statementId: 997595c5-41ae-4c0e-928d-1c9ebef32779 with request: FinishRegistrationRequestDto(gender=FEMALE, maritalStatus=MARRIED, dependentAmount=25000, passportIssueDate=2003-01-01, passportIssueBranch=MG Russia, employmentDto=EmploymentDto(employmentStatus=SELF_EMPLOYED, employerINN=123456789012, salary=60000, position=MANAGER, workExperienceTotal=5, workExperienceCurrent=4), accountNumber=12345678901234567000)
2025-08-11 13:32:03.127 DEBUG [http-nio-8081-exec-1] org.hibernate.SQL - 
    select
        s1_0.statement_id,
        s1_0.applied_offer,
        s1_0.client_id,
        s1_0.creation_date,
        s1_0.credit_id,
        s1_0.ses_code,
        s1_0.sign_date,
        s1_0.status,
        s1_0.status_history 
    from
        statement s1_0 
    where
        s1_0.statement_id=?
2025-08-11 13:32:03.127 DEBUG [http-nio-8081-exec-1] r.d.d.s.impl.StatementServiceImpl - Find statement by Statement(statementId=997595c5-41ae-4c0e-928d-1c9ebef32779, status=APPROVED, creationDate=2025-08-07T15:05:30.804031Z, appliedOffer=LoanOfferDto(statementId=997595c5-41ae-4c0e-928d-1c9ebef32779, requestedAmount=19000, totalAmount=25000, term=8, monthlyPayment=4700, rate=20, isInsuranceEnabled=true, isSalaryClient=true), signDate=null, sesCode=null, statusHistory=[StatusHistory(status=PREAPPROVAL, time=2025-08-07, changeType=AUTOMATIC)], client=Client(id=82b4cf84-bbd2-43c8-98c1-5e3b79bc649f, lastName=Rust, firstName=Coul, middleName=Jackson, birthDate=2003-01-01, email=coul@example.com, gender=null, maritalStatus=null, dependentAmount=null, passportId=null, employmentId=null, accountNumber=null, passport=Passport(series=1234, number=567890, issueBranch=null, issueDate=null), employment=Employment(status=null, employerInn=null, salary=null, position=null, workExperienceTotal=null, workExperienceCurrent=null)), credit=null) by id 997595c5-41ae-4c0e-928d-1c9ebef32779
2025-08-11 13:32:03.127 DEBUG [http-nio-8081-exec-1] r.d.d.service.impl.DealServiceImpl - Creating scoring data DTO.
2025-08-11 13:32:03.127 DEBUG [http-nio-8081-exec-1] r.d.d.service.impl.DealServiceImpl - Scoring data created: ScoringDataDto(amount=25000, term=8, firstName=Coul, lastName=Rust, middleName=Jackson, gender=FEMALE, birthdate=2003-01-01, passportSeries=1234, passportNumber=567890, passportIssueDate=2003-01-01, passportIssueBranch=MG Russia, maritalStatus=MARRIED, dependentAmount=25000, employment=EmploymentDto(employmentStatus=SELF_EMPLOYED, employerINN=123456789012, salary=60000, position=MANAGER, workExperienceTotal=5, workExperienceCurrent=4), accountNumber=12345678901234567000, isInsuranceEnabled=true, isSalaryClient=true)
2025-08-11 13:32:03.139 ERROR [http-nio-8081-exec-1] o.a.c.c.C.[.[.[.[dispatcherServlet] - Servlet.service() for servlet [dispatcherServlet] in context with path [] threw exception [Request processing failed: org.springframework.web.client.HttpClientErrorException$BadRequest: 400 Bad Request: "{"timestamp":"2025-08-11T13:32:03.1323817","status":400,"error":"Credit refused","message":"Work experience in total must me more than 18 months."}"] with root cause
org.springframework.web.client.HttpClientErrorException$BadRequest: 400 Bad Request: "{"timestamp":"2025-08-11T13:32:03.1323817","status":400,"error":"Credit refused","message":"Work experience in total must me more than 18 months."}"
	at org.springframework.web.client.HttpClientErrorException.create(HttpClientErrorException.java:103)
	at org.springframework.web.client.StatusHandler.lambda$defaultHandler$3(StatusHandler.java:86)
	at org.springframework.web.client.StatusHandler.handle(StatusHandler.java:146)
	at org.springframework.web.client.DefaultRestClient$DefaultResponseSpec.applyStatusHandlers(DefaultRestClient.java:826)
	at org.springframework.web.client.DefaultRestClient$DefaultResponseSpec.lambda$readBody$4(DefaultRestClient.java:815)
	at org.springframework.web.client.DefaultRestClient.readWithMessageConverters(DefaultRestClient.java:215)
	at org.springframework.web.client.DefaultRestClient$DefaultResponseSpec.readBody(DefaultRestClient.java:814)
	at org.springframework.web.client.DefaultRestClient$DefaultResponseSpec.lambda$body$0(DefaultRestClient.java:745)
	at org.springframework.web.client.DefaultRestClient$DefaultRequestBodyUriSpec.exchangeInternal(DefaultRestClient.java:574)
	at org.springframework.web.client.DefaultRestClient$DefaultRequestBodyUriSpec.exchange(DefaultRestClient.java:535)
	at org.springframework.web.client.RestClient$RequestHeadersSpec.exchange(RestClient.java:677)
	at org.springframework.web.client.DefaultRestClient$DefaultResponseSpec.executeAndExtract(DefaultRestClient.java:809)
	at org.springframework.web.client.DefaultRestClient$DefaultResponseSpec.body(DefaultRestClient.java:745)
	at ru.duhov.dealService.utils.RestClientServiceImpl.calculateCredit(RestClientServiceImpl.java:47)
	at ru.duhov.dealService.service.impl.DealServiceImpl.calculateLoan(DealServiceImpl.java:52)
	at ru.duhov.dealService.controller.DealController.dealCalculateStatementIdPost(DealController.java:70)
	at java.base/jdk.internal.reflect.DirectMethodHandleAccessor.invoke(DirectMethodHandleAccessor.java:103)
	at java.base/java.lang.reflect.Method.invoke(Method.java:580)
	at org.springframework.web.method.support.InvocableHandlerMethod.doInvoke(InvocableHandlerMethod.java:258)
	at org.springframework.web.method.support.InvocableHandlerMethod.invokeForRequest(InvocableHandlerMethod.java:191)
	at org.springframework.web.servlet.mvc.method.annotation.ServletInvocableHandlerMethod.invokeAndHandle(ServletInvocableHandlerMethod.java:118)
	at org.springframework.web.servlet.mvc.method.annotation.RequestMappingHandlerAdapter.invokeHandlerMethod(RequestMappingHandlerAdapter.java:986)
	at org.springframework.web.servlet.mvc.method.annotation.RequestMappingHandlerAdapter.handleInternal(RequestMappingHandlerAdapter.java:891)
	at org.springframework.web.servlet.mvc.method.AbstractHandlerMethodAdapter.handle(AbstractHandlerMethodAdapter.java:87)
	at org.springframework.web.servlet.DispatcherServlet.doDispatch(DispatcherServlet.java:1089)
	at org.springframework.web.servlet.DispatcherServlet.doService(DispatcherServlet.java:979)
	at org.springframework.web.servlet.FrameworkServlet.processRequest(FrameworkServlet.java:1014)
	at org.springframework.web.servlet.FrameworkServlet.doPost(FrameworkServlet.java:914)
	at jakarta.servlet.http.HttpServlet.service(HttpServlet.java:590)
	at org.springframework.web.servlet.FrameworkServlet.service(FrameworkServlet.java:885)
	at jakarta.servlet.http.HttpServlet.service(HttpServlet.java:658)
	at org.apache.catalina.core.ApplicationFilterChain.internalDoFilter(ApplicationFilterChain.java:195)
	at org.apache.catalina.core.ApplicationFilterChain.doFilter(ApplicationFilterChain.java:140)
	at org.apache.tomcat.websocket.server.WsFilter.doFilter(WsFilter.java:51)
	at org.apache.catalina.core.ApplicationFilterChain.internalDoFilter(ApplicationFilterChain.java:164)
	at org.apache.catalina.core.ApplicationFilterChain.doFilter(ApplicationFilterChain.java:140)
	at org.springframework.web.filter.RequestContextFilter.doFilterInternal(RequestContextFilter.java:100)
	at org.springframework.web.filter.OncePerRequestFilter.doFilter(OncePerRequestFilter.java:116)
	at org.apache.catalina.core.ApplicationFilterChain.internalDoFilter(ApplicationFilterChain.java:164)
	at org.apache.catalina.core.ApplicationFilterChain.doFilter(ApplicationFilterChain.java:140)
	at org.springframework.web.filter.FormContentFilter.doFilterInternal(FormContentFilter.java:93)
	at org.springframework.web.filter.OncePerRequestFilter.doFilter(OncePerRequestFilter.java:116)
	at org.apache.catalina.core.ApplicationFilterChain.internalDoFilter(ApplicationFilterChain.java:164)
	at org.apache.catalina.core.ApplicationFilterChain.doFilter(ApplicationFilterChain.java:140)
	at org.springframework.web.filter.CharacterEncodingFilter.doFilterInternal(CharacterEncodingFilter.java:201)
	at org.springframework.web.filter.OncePerRequestFilter.doFilter(OncePerRequestFilter.java:116)
	at org.apache.catalina.core.ApplicationFilterChain.internalDoFilter(ApplicationFilterChain.java:164)
	at org.apache.catalina.core.ApplicationFilterChain.doFilter(ApplicationFilterChain.java:140)
	at org.apache.catalina.core.StandardWrapperValve.invoke(StandardWrapperValve.java:167)
	at org.apache.catalina.core.StandardContextValve.invoke(StandardContextValve.java:90)
	at org.apache.catalina.authenticator.AuthenticatorBase.invoke(AuthenticatorBase.java:483)
	at org.apache.catalina.core.StandardHostValve.invoke(StandardHostValve.java:115)
	at org.apache.catalina.valves.ErrorReportValve.invoke(ErrorReportValve.java:93)
	at org.apache.catalina.core.StandardEngineValve.invoke(StandardEngineValve.java:74)
	at org.apache.catalina.connector.CoyoteAdapter.service(CoyoteAdapter.java:344)
	at org.apache.coyote.http11.Http11Processor.service(Http11Processor.java:397)
	at org.apache.coyote.AbstractProcessorLight.process(AbstractProcessorLight.java:63)
	at org.apache.coyote.AbstractProtocol$ConnectionHandler.process(AbstractProtocol.java:905)
	at org.apache.tomcat.util.net.NioEndpoint$SocketProcessor.doRun(NioEndpoint.java:1743)
	at org.apache.tomcat.util.net.SocketProcessorBase.run(SocketProcessorBase.java:52)
	at org.apache.tomcat.util.threads.ThreadPoolExecutor.runWorker(ThreadPoolExecutor.java:1190)
	at org.apache.tomcat.util.threads.ThreadPoolExecutor$Worker.run(ThreadPoolExecutor.java:659)
	at org.apache.tomcat.util.threads.TaskThread$WrappingRunnable.run(TaskThread.java:63)
	at java.base/java.lang.Thread.run(Thread.java:1583)
2025-08-11 13:32:14.440 INFO  [http-nio-8081-exec-2] r.d.d.controller.DealController - Received request to calculate loan for statementId: 997595c5-41ae-4c0e-928d-1c9ebef32779 with request: FinishRegistrationRequestDto(gender=FEMALE, maritalStatus=MARRIED, dependentAmount=25000, passportIssueDate=2003-01-01, passportIssueBranch=MG Russia, employmentDto=EmploymentDto(employmentStatus=SELF_EMPLOYED, employerINN=123456789012, salary=60000, position=MANAGER, workExperienceTotal=20, workExperienceCurrent=10), accountNumber=12345678901234567000)
2025-08-11 13:32:14.440 DEBUG [http-nio-8081-exec-2] r.d.d.service.impl.DealServiceImpl - Calculating loan for statementId: 997595c5-41ae-4c0e-928d-1c9ebef32779 with request: FinishRegistrationRequestDto(gender=FEMALE, maritalStatus=MARRIED, dependentAmount=25000, passportIssueDate=2003-01-01, passportIssueBranch=MG Russia, employmentDto=EmploymentDto(employmentStatus=SELF_EMPLOYED, employerINN=123456789012, salary=60000, position=MANAGER, workExperienceTotal=20, workExperienceCurrent=10), accountNumber=12345678901234567000)
2025-08-11 13:32:14.447 DEBUG [http-nio-8081-exec-2] org.hibernate.SQL - 
    select
        s1_0.statement_id,
        s1_0.applied_offer,
        s1_0.client_id,
        s1_0.creation_date,
        s1_0.credit_id,
        s1_0.ses_code,
        s1_0.sign_date,
        s1_0.status,
        s1_0.status_history 
    from
        statement s1_0 
    where
        s1_0.statement_id=?
2025-08-11 13:32:14.481 DEBUG [http-nio-8081-exec-2] r.d.d.s.impl.StatementServiceImpl - Find statement by Statement(statementId=997595c5-41ae-4c0e-928d-1c9ebef32779, status=APPROVED, creationDate=2025-08-07T15:05:30.804031Z, appliedOffer=LoanOfferDto(statementId=997595c5-41ae-4c0e-928d-1c9ebef32779, requestedAmount=19000, totalAmount=25000, term=8, monthlyPayment=4700, rate=20, isInsuranceEnabled=true, isSalaryClient=true), signDate=null, sesCode=null, statusHistory=[StatusHistory(status=PREAPPROVAL, time=2025-08-07, changeType=AUTOMATIC)], client=Client(id=82b4cf84-bbd2-43c8-98c1-5e3b79bc649f, lastName=Rust, firstName=Coul, middleName=Jackson, birthDate=2003-01-01, email=coul@example.com, gender=null, maritalStatus=null, dependentAmount=null, passportId=null, employmentId=null, accountNumber=null, passport=Passport(series=1234, number=567890, issueBranch=null, issueDate=null), employment=Employment(status=null, employerInn=null, salary=null, position=null, workExperienceTotal=null, workExperienceCurrent=null)), credit=null) by id 997595c5-41ae-4c0e-928d-1c9ebef32779
2025-08-11 13:32:14.488 DEBUG [http-nio-8081-exec-2] r.d.d.service.impl.DealServiceImpl - Creating scoring data DTO.
2025-08-11 13:32:14.488 DEBUG [http-nio-8081-exec-2] r.d.d.service.impl.DealServiceImpl - Scoring data created: ScoringDataDto(amount=25000, term=8, firstName=Coul, lastName=Rust, middleName=Jackson, gender=FEMALE, birthdate=2003-01-01, passportSeries=1234, passportNumber=567890, passportIssueDate=2003-01-01, passportIssueBranch=MG Russia, maritalStatus=MARRIED, dependentAmount=25000, employment=EmploymentDto(employmentStatus=SELF_EMPLOYED, employerINN=123456789012, salary=60000, position=MANAGER, workExperienceTotal=20, workExperienceCurrent=10), accountNumber=12345678901234567000, isInsuranceEnabled=true, isSalaryClient=true)
2025-08-11 13:32:14.544 DEBUG [http-nio-8081-exec-2] r.d.d.service.impl.DealServiceImpl - Credit data calculated: CreditDto(amount=125000, term=8, monthlyPayment=16396.29, rate=13, psk=409500.00, isInsuranceEnabled=true, isSalaryClient=true, paymentSchedule=[PaymentScheduleElementDto(number=1, date=2025-09-11, totalPayment=16396.29, interestPayment=1354.16, debtPayment=15042.13, remainingDebt=125000.00), PaymentScheduleElementDto(number=2, date=2025-10-11, totalPayment=16396.29, interestPayment=1354.16, debtPayment=15042.13, remainingDebt=125000.00), PaymentScheduleElementDto(number=3, date=2025-11-11, totalPayment=16396.29, interestPayment=1354.16, debtPayment=15042.13, remainingDebt=125000.00), PaymentScheduleElementDto(number=4, date=2025-12-11, totalPayment=16396.29, interestPayment=1354.16, debtPayment=15042.13, remainingDebt=125000.00), PaymentScheduleElementDto(number=5, date=2026-01-11, totalPayment=16396.29, interestPayment=1354.16, debtPayment=15042.13, remainingDebt=125000.00), PaymentScheduleElementDto(number=6, date=2026-02-11, totalPayment=16396.29, interestPayment=1354.16, debtPayment=15042.13, remainingDebt=125000.00), PaymentScheduleElementDto(number=7, date=2026-03-11, totalPayment=16396.29, interestPayment=1354.16, debtPayment=15042.13, remainingDebt=125000.00), PaymentScheduleElementDto(number=8, date=2026-04-11, totalPayment=141396.29, interestPayment=1354.16, debtPayment=15042.13, remainingDebt=0.00)])
2025-08-11 13:32:14.544 DEBUG [http-nio-8081-exec-2] r.d.d.service.impl.CreditServiceImpl - Creating new credit with data: CreditDto(amount=125000, term=8, monthlyPayment=16396.29, rate=13, psk=409500.00, isInsuranceEnabled=true, isSalaryClient=true, paymentSchedule=[PaymentScheduleElementDto(number=1, date=2025-09-11, totalPayment=16396.29, interestPayment=1354.16, debtPayment=15042.13, remainingDebt=125000.00), PaymentScheduleElementDto(number=2, date=2025-10-11, totalPayment=16396.29, interestPayment=1354.16, debtPayment=15042.13, remainingDebt=125000.00), PaymentScheduleElementDto(number=3, date=2025-11-11, totalPayment=16396.29, interestPayment=1354.16, debtPayment=15042.13, remainingDebt=125000.00), PaymentScheduleElementDto(number=4, date=2025-12-11, totalPayment=16396.29, interestPayment=1354.16, debtPayment=15042.13, remainingDebt=125000.00), PaymentScheduleElementDto(number=5, date=2026-01-11, totalPayment=16396.29, interestPayment=1354.16, debtPayment=15042.13, remainingDebt=125000.00), PaymentScheduleElementDto(number=6, date=2026-02-11, totalPayment=16396.29, interestPayment=1354.16, debtPayment=15042.13, remainingDebt=125000.00), PaymentScheduleElementDto(number=7, date=2026-03-11, totalPayment=16396.29, interestPayment=1354.16, debtPayment=15042.13, remainingDebt=125000.00), PaymentScheduleElementDto(number=8, date=2026-04-11, totalPayment=141396.29, interestPayment=1354.16, debtPayment=15042.13, remainingDebt=0.00)])
2025-08-11 13:32:14.551 DEBUG [http-nio-8081-exec-2] org.hibernate.SQL - 
    insert 
    into
        credit
        (amount, credit_status, insurance_enabled, monthly_payment, payment_schedule, psk, rate, salary_client, term, credit_id) 
    values
        (?, ?, ?, ?, ?, ?, ?, ?, ?, ?)
2025-08-11 13:32:14.551 DEBUG [http-nio-8081-exec-2] r.d.d.service.impl.CreditServiceImpl - Credit created: Credit(id=4b59aa83-7912-4eb1-b54a-e828914e1f70, amount=125000, term=8, monthlyPayment=16396.29, rate=13, psk=409500.00, paymentSchedule=[PaymentScheduleElementDto(number=1, date=2025-09-11, totalPayment=16396.29, interestPayment=1354.16, debtPayment=15042.13, remainingDebt=125000.00), PaymentScheduleElementDto(number=2, date=2025-10-11, totalPayment=16396.29, interestPayment=1354.16, debtPayment=15042.13, remainingDebt=125000.00), PaymentScheduleElementDto(number=3, date=2025-11-11, totalPayment=16396.29, interestPayment=1354.16, debtPayment=15042.13, remainingDebt=125000.00), PaymentScheduleElementDto(number=4, date=2025-12-11, totalPayment=16396.29, interestPayment=1354.16, debtPayment=15042.13, remainingDebt=125000.00), PaymentScheduleElementDto(number=5, date=2026-01-11, totalPayment=16396.29, interestPayment=1354.16, debtPayment=15042.13, remainingDebt=125000.00), PaymentScheduleElementDto(number=6, date=2026-02-11, totalPayment=16396.29, interestPayment=1354.16, debtPayment=15042.13, remainingDebt=125000.00), PaymentScheduleElementDto(number=7, date=2026-03-11, totalPayment=16396.29, interestPayment=1354.16, debtPayment=15042.13, remainingDebt=125000.00), PaymentScheduleElementDto(number=8, date=2026-04-11, totalPayment=141396.29, interestPayment=1354.16, debtPayment=15042.13, remainingDebt=0.00)], insuranceEnabled=true, salaryClient=true, creditStatus=CALCULATED)
2025-08-11 13:32:14.551 DEBUG [http-nio-8081-exec-2] r.d.d.service.impl.DealServiceImpl - Loan calculated and credit created successfully.
2025-08-11 13:32:14.551 INFO  [http-nio-8081-exec-2] r.d.d.controller.DealController - Loan calculated successfully.
2025-08-11 13:32:22.579 INFO  [SpringApplicationShutdownHook] com.zaxxer.hikari.HikariDataSource - HikariPool-1 - Shutdown initiated...
2025-08-11 13:32:22.579 INFO  [SpringApplicationShutdownHook] com.zaxxer.hikari.HikariDataSource - HikariPool-1 - Shutdown completed.
2025-08-11 14:02:19.201 INFO  [main] r.d.d.DealServiceApplication - Starting DealServiceApplication using Java 21.0.8 with PID 11364 (C:\Users\PC\Desktop\gitRepos\bank\dealService\target\classes started by PC in C:\Users\PC\Desktop\gitRepos\bank)
2025-08-11 14:02:19.201 DEBUG [main] r.d.d.DealServiceApplication - Running with Spring Boot v3.4.4, Spring v6.2.5
2025-08-11 14:02:19.211 INFO  [main] r.d.d.DealServiceApplication - No active profile set, falling back to 1 default profile: "default"
2025-08-11 14:02:20.381 INFO  [main] o.a.coyote.http11.Http11NioProtocol - Initializing ProtocolHandler ["http-nio-8081"]
2025-08-11 14:02:20.385 INFO  [main] o.a.catalina.core.StandardService - Starting service [Tomcat]
2025-08-11 14:02:20.385 INFO  [main] o.a.catalina.core.StandardEngine - Starting Servlet engine: [Apache Tomcat/10.1.39]
2025-08-11 14:02:20.441 INFO  [main] o.a.c.c.C.[Tomcat].[localhost].[/] - Initializing Spring embedded WebApplicationContext
2025-08-11 14:02:20.711 INFO  [main] com.zaxxer.hikari.HikariDataSource - HikariPool-1 - Starting...
2025-08-11 14:02:20.881 INFO  [main] com.zaxxer.hikari.pool.HikariPool - HikariPool-1 - Added connection org.postgresql.jdbc.PgConnection@75839695
2025-08-11 14:02:20.881 INFO  [main] com.zaxxer.hikari.HikariDataSource - HikariPool-1 - Start completed.
2025-08-11 14:02:20.911 WARN  [main] org.hibernate.orm.deprecation - HHH90000025: PostgreSQLDialect does not need to be specified explicitly using 'hibernate.dialect' (remove the property setting and it will be selected by default)
2025-08-11 14:02:22.361 WARN  [main] o.s.b.a.o.j.JpaBaseConfiguration$JpaWebConfiguration - spring.jpa.open-in-view is enabled by default. Therefore, database queries may be performed during view rendering. Explicitly configure spring.jpa.open-in-view to disable this warning
2025-08-11 14:02:22.693 INFO  [main] o.a.coyote.http11.Http11NioProtocol - Starting ProtocolHandler ["http-nio-8081"]
2025-08-11 14:02:22.709 INFO  [main] r.d.d.DealServiceApplication - Started DealServiceApplication in 3.978 seconds (process running for 4.257)
2025-08-11 14:06:35.370 INFO  [http-nio-8081-exec-1] o.a.c.c.C.[Tomcat].[localhost].[/] - Initializing Spring DispatcherServlet 'dispatcherServlet'
2025-08-11 14:06:35.567 INFO  [http-nio-8081-exec-1] r.d.d.controller.DealController - Received request for loan offers: LoanStatementRequestDto(amount=25000, term=8, firstName=Coul, lastName=Rust, middleName=Jackson, email=coul@example.com, birthdate=2003-01-01, passportSeries=1234, passportNumber=567890)
2025-08-11 14:06:35.570 DEBUG [http-nio-8081-exec-1] r.d.d.service.impl.DealServiceImpl - Get loan offers from request LoanStatementRequestDto(amount=25000, term=8, firstName=Coul, lastName=Rust, middleName=Jackson, email=coul@example.com, birthdate=2003-01-01, passportSeries=1234, passportNumber=567890)
2025-08-11 14:06:35.570 DEBUG [http-nio-8081-exec-1] r.d.d.service.impl.ClientServiceImpl - Creating client based on LoanStatementRequestDto LoanStatementRequestDto(amount=25000, term=8, firstName=Coul, lastName=Rust, middleName=Jackson, email=coul@example.com, birthdate=2003-01-01, passportSeries=1234, passportNumber=567890)
2025-08-11 14:06:35.573 DEBUG [http-nio-8081-exec-1] r.d.d.service.impl.ClientServiceImpl - Created client Client(id=null, lastName=Rust, firstName=Coul, middleName=Jackson, birthDate=2003-01-01, email=coul@example.com, gender=null, maritalStatus=null, dependentAmount=null, passportId=null, employmentId=null, accountNumber=null, passport=Passport(series=1234, number=567890, issueBranch=null, issueDate=null), employment=Employment(status=null, employerInn=null, salary=null, position=null, workExperienceTotal=null, workExperienceCurrent=null))
2025-08-11 14:06:35.728 DEBUG [http-nio-8081-exec-1] org.hibernate.SQL - 
    insert 
    into
        client
        (account_number, birth_date, dependent_amount, email, employment, employment_id, first_name, gender, last_name, marital_status, middle_name, passport, passport_id, client_id) 
    values
        (?, ?, ?, ?, ?, ?, ?, ?, ?, ?, ?, ?, ?, ?)
2025-08-11 14:06:35.772 DEBUG [http-nio-8081-exec-1] r.d.d.s.impl.StatementServiceImpl - Creating new statement for client: Client(id=a079cd15-77dd-41d8-a7be-8e96615bb215, lastName=Rust, firstName=Coul, middleName=Jackson, birthDate=2003-01-01, email=coul@example.com, gender=null, maritalStatus=null, dependentAmount=null, passportId=null, employmentId=null, accountNumber=null, passport=Passport(series=1234, number=567890, issueBranch=null, issueDate=null), employment=Employment(status=null, employerInn=null, salary=null, position=null, workExperienceTotal=null, workExperienceCurrent=null))
2025-08-11 14:06:35.774 DEBUG [http-nio-8081-exec-1] r.d.d.s.impl.StatementServiceImpl - Creating new status history entry: status = PREAPPROVAL, changeType = AUTOMATIC
2025-08-11 14:06:35.802 DEBUG [http-nio-8081-exec-1] r.d.d.s.impl.StatementServiceImpl - Statement created: Statement(statementId=96daab5e-647e-4eb9-87dd-23a4a054c260, status=PREAPPROVAL, creationDate=2025-08-11T14:06:35.774085600+03:00, appliedOffer=null, signDate=null, sesCode=null, statusHistory=[StatusHistory(status=PREAPPROVAL, time=2025-08-11, changeType=AUTOMATIC)], client=Client(id=a079cd15-77dd-41d8-a7be-8e96615bb215, lastName=Rust, firstName=Coul, middleName=Jackson, birthDate=2003-01-01, email=coul@example.com, gender=null, maritalStatus=null, dependentAmount=null, passportId=null, employmentId=null, accountNumber=null, passport=Passport(series=1234, number=567890, issueBranch=null, issueDate=null), employment=Employment(status=null, employerInn=null, salary=null, position=null, workExperienceTotal=null, workExperienceCurrent=null)), credit=null)
2025-08-11 14:06:35.806 DEBUG [http-nio-8081-exec-1] org.hibernate.SQL - 
    insert 
    into
        statement
        (applied_offer, client_id, creation_date, credit_id, ses_code, sign_date, status, status_history, statement_id) 
    values
        (?, ?, ?, ?, ?, ?, ?, ?, ?)
2025-08-11 14:06:36.521 DEBUG [http-nio-8081-exec-1] r.d.d.service.impl.DealServiceImpl - Calculated loan offers: [LoanOfferDto(statementId=75a04fa0-9864-4be9-8da4-a03126f7ccf8, requestedAmount=25000, totalAmount=26911.12, term=8, monthlyPayment=3363.89, rate=20, isInsuranceEnabled=false, isSalaryClient=false), LoanOfferDto(statementId=f48a51e4-d872-4c27-82a2-15910206afe7, requestedAmount=25000, totalAmount=26813.92, term=8, monthlyPayment=3351.74, rate=19, isInsuranceEnabled=false, isSalaryClient=true), LoanOfferDto(statementId=7d0cf039-d2ba-4a8d-8f8a-2f46f61e5953, requestedAmount=25000, totalAmount=133099.52, term=8, monthlyPayment=16637.44, rate=17, isInsuranceEnabled=true, isSalaryClient=false), LoanOfferDto(statementId=a2fd5c40-bdd5-465a-b6c4-61da6a923017, requestedAmount=25000, totalAmount=132615.84, term=8, monthlyPayment=16576.98, rate=16, isInsuranceEnabled=true, isSalaryClient=true)]
2025-08-11 14:06:36.524 INFO  [http-nio-8081-exec-1] r.d.d.controller.DealController - Returning loan offers: [LoanOfferDto(statementId=75a04fa0-9864-4be9-8da4-a03126f7ccf8, requestedAmount=25000, totalAmount=26911.12, term=8, monthlyPayment=3363.89, rate=20, isInsuranceEnabled=false, isSalaryClient=false), LoanOfferDto(statementId=f48a51e4-d872-4c27-82a2-15910206afe7, requestedAmount=25000, totalAmount=26813.92, term=8, monthlyPayment=3351.74, rate=19, isInsuranceEnabled=false, isSalaryClient=true), LoanOfferDto(statementId=7d0cf039-d2ba-4a8d-8f8a-2f46f61e5953, requestedAmount=25000, totalAmount=133099.52, term=8, monthlyPayment=16637.44, rate=17, isInsuranceEnabled=true, isSalaryClient=false), LoanOfferDto(statementId=a2fd5c40-bdd5-465a-b6c4-61da6a923017, requestedAmount=25000, totalAmount=132615.84, term=8, monthlyPayment=16576.98, rate=16, isInsuranceEnabled=true, isSalaryClient=true)]
2025-08-11 14:08:23.751 INFO  [http-nio-8081-exec-8] r.d.d.controller.DealController - Received request to select loan offer: LoanOfferDto(statementId=96daab5e-647e-4eb9-87dd-23a4a054c260, requestedAmount=29000, totalAmount=25000, term=8, monthlyPayment=4700, rate=20, isInsuranceEnabled=true, isSalaryClient=true)
2025-08-11 14:08:23.752 DEBUG [http-nio-8081-exec-8] r.d.d.service.impl.DealServiceImpl - Selecting loan offer: LoanOfferDto(statementId=96daab5e-647e-4eb9-87dd-23a4a054c260, requestedAmount=29000, totalAmount=25000, term=8, monthlyPayment=4700, rate=20, isInsuranceEnabled=true, isSalaryClient=true)
2025-08-11 14:08:23.785 DEBUG [http-nio-8081-exec-8] org.hibernate.SQL - 
    select
        s1_0.statement_id,
        s1_0.applied_offer,
        s1_0.client_id,
        s1_0.creation_date,
        s1_0.credit_id,
        s1_0.ses_code,
        s1_0.sign_date,
        s1_0.status,
        s1_0.status_history 
    from
        statement s1_0 
    where
        s1_0.statement_id=?
2025-08-11 14:08:23.833 DEBUG [http-nio-8081-exec-8] r.d.d.s.impl.StatementServiceImpl - Find statement by Statement(statementId=96daab5e-647e-4eb9-87dd-23a4a054c260, status=PREAPPROVAL, creationDate=2025-08-11T11:06:35.774086Z, appliedOffer=null, signDate=null, sesCode=null, statusHistory=[StatusHistory(status=PREAPPROVAL, time=2025-08-11, changeType=AUTOMATIC)], client=Client(id=a079cd15-77dd-41d8-a7be-8e96615bb215, lastName=Rust, firstName=Coul, middleName=Jackson, birthDate=2003-01-01, email=coul@example.com, gender=null, maritalStatus=null, dependentAmount=null, passportId=null, employmentId=null, accountNumber=null, passport=Passport(series=1234, number=567890, issueBranch=null, issueDate=null), employment=Employment(status=null, employerInn=null, salary=null, position=null, workExperienceTotal=null, workExperienceCurrent=null)), credit=null) by id 96daab5e-647e-4eb9-87dd-23a4a054c260
2025-08-11 14:08:23.844 DEBUG [http-nio-8081-exec-8] r.d.d.s.impl.StatementServiceImpl - Updating statement: Statement(statementId=96daab5e-647e-4eb9-87dd-23a4a054c260, status=PREAPPROVAL, creationDate=2025-08-11T11:06:35.774086Z, appliedOffer=null, signDate=null, sesCode=null, statusHistory=[StatusHistory(status=PREAPPROVAL, time=2025-08-11, changeType=AUTOMATIC)], client=Client(id=a079cd15-77dd-41d8-a7be-8e96615bb215, lastName=Rust, firstName=Coul, middleName=Jackson, birthDate=2003-01-01, email=coul@example.com, gender=null, maritalStatus=null, dependentAmount=null, passportId=null, employmentId=null, accountNumber=null, passport=Passport(series=1234, number=567890, issueBranch=null, issueDate=null), employment=Employment(status=null, employerInn=null, salary=null, position=null, workExperienceTotal=null, workExperienceCurrent=null)), credit=null)
2025-08-11 14:08:23.845 DEBUG [http-nio-8081-exec-8] r.d.d.s.impl.StatementServiceImpl - Creating new status history entry: status = APPROVED, changeType = AUTOMATIC
2025-08-11 14:08:23.856 DEBUG [http-nio-8081-exec-8] org.hibernate.SQL - 
    update
        statement 
    set
        applied_offer=?,
        client_id=?,
        creation_date=?,
        credit_id=?,
        ses_code=?,
        sign_date=?,
        status=?,
        status_history=? 
    where
        statement_id=?
2025-08-11 14:08:23.950 DEBUG [http-nio-8081-exec-8] r.d.d.s.impl.StatementServiceImpl - Statement updated: Statement(statementId=96daab5e-647e-4eb9-87dd-23a4a054c260, status=APPROVED, creationDate=2025-08-11T11:06:35.774086Z, appliedOffer=LoanOfferDto(statementId=96daab5e-647e-4eb9-87dd-23a4a054c260, requestedAmount=29000, totalAmount=25000, term=8, monthlyPayment=4700, rate=20, isInsuranceEnabled=true, isSalaryClient=true), signDate=null, sesCode=null, statusHistory=[StatusHistory(status=PREAPPROVAL, time=2025-08-11, changeType=AUTOMATIC)], client=Client(id=a079cd15-77dd-41d8-a7be-8e96615bb215, lastName=Rust, firstName=Coul, middleName=Jackson, birthDate=2003-01-01, email=coul@example.com, gender=null, maritalStatus=null, dependentAmount=null, passportId=null, employmentId=null, accountNumber=null, passport=Passport(series=1234, number=567890, issueBranch=null, issueDate=null), employment=Employment(status=null, employerInn=null, salary=null, position=null, workExperienceTotal=null, workExperienceCurrent=null)), credit=null)
2025-08-11 14:08:23.950 DEBUG [http-nio-8081-exec-8] r.d.d.service.impl.DealServiceImpl - Loan offer selected.
2025-08-11 14:08:23.950 INFO  [http-nio-8081-exec-8] r.d.d.controller.DealController - Loan offer selected successfully.
2025-08-11 14:13:23.392 INFO  [http-nio-8081-exec-3] r.d.d.controller.DealController - Received request to calculate loan for statementId: 997595c5-41ae-4c0e-928d-1c9ebef32779 with request: FinishRegistrationRequestDto(gender=FEMALE, maritalStatus=MARRIED, dependentAmount=25000, passportIssueDate=2003-01-01, passportIssueBranch=MG Russia, employmentDto=EmploymentDto(employmentStatus=SELF_EMPLOYED, employerINN=123456789012, salary=60000, position=MANAGER, workExperienceTotal=20, workExperienceCurrent=10), accountNumber=12345678901234567000)
2025-08-11 14:13:23.393 DEBUG [http-nio-8081-exec-3] r.d.d.service.impl.DealServiceImpl - Calculating loan for statementId: 997595c5-41ae-4c0e-928d-1c9ebef32779 with request: FinishRegistrationRequestDto(gender=FEMALE, maritalStatus=MARRIED, dependentAmount=25000, passportIssueDate=2003-01-01, passportIssueBranch=MG Russia, employmentDto=EmploymentDto(employmentStatus=SELF_EMPLOYED, employerINN=123456789012, salary=60000, position=MANAGER, workExperienceTotal=20, workExperienceCurrent=10), accountNumber=12345678901234567000)
2025-08-11 14:13:23.395 DEBUG [http-nio-8081-exec-3] org.hibernate.SQL - 
    select
        s1_0.statement_id,
        s1_0.applied_offer,
        s1_0.client_id,
        s1_0.creation_date,
        s1_0.credit_id,
        s1_0.ses_code,
        s1_0.sign_date,
        s1_0.status,
        s1_0.status_history 
    from
        statement s1_0 
    where
        s1_0.statement_id=?
2025-08-11 14:13:23.399 DEBUG [http-nio-8081-exec-3] r.d.d.s.impl.StatementServiceImpl - Find statement by Statement(statementId=997595c5-41ae-4c0e-928d-1c9ebef32779, status=APPROVED, creationDate=2025-08-07T15:05:30.804031Z, appliedOffer=LoanOfferDto(statementId=997595c5-41ae-4c0e-928d-1c9ebef32779, requestedAmount=19000, totalAmount=25000, term=8, monthlyPayment=4700, rate=20, isInsuranceEnabled=true, isSalaryClient=true), signDate=null, sesCode=null, statusHistory=[StatusHistory(status=PREAPPROVAL, time=2025-08-07, changeType=AUTOMATIC)], client=Client(id=82b4cf84-bbd2-43c8-98c1-5e3b79bc649f, lastName=Rust, firstName=Coul, middleName=Jackson, birthDate=2003-01-01, email=coul@example.com, gender=null, maritalStatus=null, dependentAmount=null, passportId=null, employmentId=null, accountNumber=null, passport=Passport(series=1234, number=567890, issueBranch=null, issueDate=null), employment=Employment(status=null, employerInn=null, salary=null, position=null, workExperienceTotal=null, workExperienceCurrent=null)), credit=null) by id 997595c5-41ae-4c0e-928d-1c9ebef32779
2025-08-11 14:13:23.402 DEBUG [http-nio-8081-exec-3] r.d.d.service.impl.DealServiceImpl - Creating scoring data DTO.
2025-08-11 14:13:23.405 DEBUG [http-nio-8081-exec-3] r.d.d.service.impl.DealServiceImpl - Scoring data created: ScoringDataDto(amount=25000, term=8, firstName=Coul, lastName=Rust, middleName=Jackson, gender=FEMALE, birthdate=2003-01-01, passportSeries=1234, passportNumber=567890, passportIssueDate=2003-01-01, passportIssueBranch=MG Russia, maritalStatus=MARRIED, dependentAmount=25000, employment=EmploymentDto(employmentStatus=SELF_EMPLOYED, employerINN=123456789012, salary=60000, position=MANAGER, workExperienceTotal=20, workExperienceCurrent=10), accountNumber=12345678901234567000, isInsuranceEnabled=true, isSalaryClient=true)
2025-08-11 14:13:23.651 DEBUG [http-nio-8081-exec-3] r.d.d.service.impl.DealServiceImpl - Credit data calculated: CreditDto(amount=125000, term=8, monthlyPayment=16396.29, rate=13, psk=409500.00, isInsuranceEnabled=true, isSalaryClient=true, paymentSchedule=[PaymentScheduleElementDto(number=1, date=2025-09-11, totalPayment=16396.29, interestPayment=1354.16, debtPayment=15042.13, remainingDebt=125000.00), PaymentScheduleElementDto(number=2, date=2025-10-11, totalPayment=16396.29, interestPayment=1354.16, debtPayment=15042.13, remainingDebt=125000.00), PaymentScheduleElementDto(number=3, date=2025-11-11, totalPayment=16396.29, interestPayment=1354.16, debtPayment=15042.13, remainingDebt=125000.00), PaymentScheduleElementDto(number=4, date=2025-12-11, totalPayment=16396.29, interestPayment=1354.16, debtPayment=15042.13, remainingDebt=125000.00), PaymentScheduleElementDto(number=5, date=2026-01-11, totalPayment=16396.29, interestPayment=1354.16, debtPayment=15042.13, remainingDebt=125000.00), PaymentScheduleElementDto(number=6, date=2026-02-11, totalPayment=16396.29, interestPayment=1354.16, debtPayment=15042.13, remainingDebt=125000.00), PaymentScheduleElementDto(number=7, date=2026-03-11, totalPayment=16396.29, interestPayment=1354.16, debtPayment=15042.13, remainingDebt=125000.00), PaymentScheduleElementDto(number=8, date=2026-04-11, totalPayment=141396.29, interestPayment=1354.16, debtPayment=15042.13, remainingDebt=0.00)])
2025-08-11 14:13:23.652 DEBUG [http-nio-8081-exec-3] r.d.d.service.impl.CreditServiceImpl - Creating new credit with data: CreditDto(amount=125000, term=8, monthlyPayment=16396.29, rate=13, psk=409500.00, isInsuranceEnabled=true, isSalaryClient=true, paymentSchedule=[PaymentScheduleElementDto(number=1, date=2025-09-11, totalPayment=16396.29, interestPayment=1354.16, debtPayment=15042.13, remainingDebt=125000.00), PaymentScheduleElementDto(number=2, date=2025-10-11, totalPayment=16396.29, interestPayment=1354.16, debtPayment=15042.13, remainingDebt=125000.00), PaymentScheduleElementDto(number=3, date=2025-11-11, totalPayment=16396.29, interestPayment=1354.16, debtPayment=15042.13, remainingDebt=125000.00), PaymentScheduleElementDto(number=4, date=2025-12-11, totalPayment=16396.29, interestPayment=1354.16, debtPayment=15042.13, remainingDebt=125000.00), PaymentScheduleElementDto(number=5, date=2026-01-11, totalPayment=16396.29, interestPayment=1354.16, debtPayment=15042.13, remainingDebt=125000.00), PaymentScheduleElementDto(number=6, date=2026-02-11, totalPayment=16396.29, interestPayment=1354.16, debtPayment=15042.13, remainingDebt=125000.00), PaymentScheduleElementDto(number=7, date=2026-03-11, totalPayment=16396.29, interestPayment=1354.16, debtPayment=15042.13, remainingDebt=125000.00), PaymentScheduleElementDto(number=8, date=2026-04-11, totalPayment=141396.29, interestPayment=1354.16, debtPayment=15042.13, remainingDebt=0.00)])
2025-08-11 14:13:23.661 DEBUG [http-nio-8081-exec-3] org.hibernate.SQL - 
    insert 
    into
        credit
        (amount, credit_status, insurance_enabled, monthly_payment, payment_schedule, psk, rate, salary_client, term, credit_id) 
    values
        (?, ?, ?, ?, ?, ?, ?, ?, ?, ?)
2025-08-11 14:13:23.665 DEBUG [http-nio-8081-exec-3] r.d.d.service.impl.CreditServiceImpl - Credit created: Credit(id=5544c675-778c-4798-b98b-ce7af45e2a52, amount=125000, term=8, monthlyPayment=16396.29, rate=13, psk=409500.00, paymentSchedule=[PaymentScheduleElementDto(number=1, date=2025-09-11, totalPayment=16396.29, interestPayment=1354.16, debtPayment=15042.13, remainingDebt=125000.00), PaymentScheduleElementDto(number=2, date=2025-10-11, totalPayment=16396.29, interestPayment=1354.16, debtPayment=15042.13, remainingDebt=125000.00), PaymentScheduleElementDto(number=3, date=2025-11-11, totalPayment=16396.29, interestPayment=1354.16, debtPayment=15042.13, remainingDebt=125000.00), PaymentScheduleElementDto(number=4, date=2025-12-11, totalPayment=16396.29, interestPayment=1354.16, debtPayment=15042.13, remainingDebt=125000.00), PaymentScheduleElementDto(number=5, date=2026-01-11, totalPayment=16396.29, interestPayment=1354.16, debtPayment=15042.13, remainingDebt=125000.00), PaymentScheduleElementDto(number=6, date=2026-02-11, totalPayment=16396.29, interestPayment=1354.16, debtPayment=15042.13, remainingDebt=125000.00), PaymentScheduleElementDto(number=7, date=2026-03-11, totalPayment=16396.29, interestPayment=1354.16, debtPayment=15042.13, remainingDebt=125000.00), PaymentScheduleElementDto(number=8, date=2026-04-11, totalPayment=141396.29, interestPayment=1354.16, debtPayment=15042.13, remainingDebt=0.00)], insuranceEnabled=true, salaryClient=true, creditStatus=CALCULATED)
2025-08-11 14:13:23.667 DEBUG [http-nio-8081-exec-3] r.d.d.service.impl.DealServiceImpl - Loan calculated and credit created successfully.
2025-08-11 14:13:23.667 INFO  [http-nio-8081-exec-3] r.d.d.controller.DealController - Loan calculated successfully.
2025-08-11 14:13:37.032 INFO  [http-nio-8081-exec-6] r.d.d.controller.DealController - Received request to calculate loan for statementId: 997595c5-41ae-4c0e-928d-1c9ebef32779 with request: FinishRegistrationRequestDto(gender=FEMALE, maritalStatus=MARRIED, dependentAmount=25000, passportIssueDate=2023-01-01, passportIssueBranch=MG Russia, employmentDto=EmploymentDto(employmentStatus=SELF_EMPLOYED, employerINN=123456789012, salary=60000, position=MANAGER, workExperienceTotal=20, workExperienceCurrent=10), accountNumber=12345678901234567000)
2025-08-11 14:13:37.032 DEBUG [http-nio-8081-exec-6] r.d.d.service.impl.DealServiceImpl - Calculating loan for statementId: 997595c5-41ae-4c0e-928d-1c9ebef32779 with request: FinishRegistrationRequestDto(gender=FEMALE, maritalStatus=MARRIED, dependentAmount=25000, passportIssueDate=2023-01-01, passportIssueBranch=MG Russia, employmentDto=EmploymentDto(employmentStatus=SELF_EMPLOYED, employerINN=123456789012, salary=60000, position=MANAGER, workExperienceTotal=20, workExperienceCurrent=10), accountNumber=12345678901234567000)
2025-08-11 14:13:37.033 DEBUG [http-nio-8081-exec-6] org.hibernate.SQL - 
    select
        s1_0.statement_id,
        s1_0.applied_offer,
        s1_0.client_id,
        s1_0.creation_date,
        s1_0.credit_id,
        s1_0.ses_code,
        s1_0.sign_date,
        s1_0.status,
        s1_0.status_history 
    from
        statement s1_0 
    where
        s1_0.statement_id=?
2025-08-11 14:13:37.036 DEBUG [http-nio-8081-exec-6] r.d.d.s.impl.StatementServiceImpl - Find statement by Statement(statementId=997595c5-41ae-4c0e-928d-1c9ebef32779, status=APPROVED, creationDate=2025-08-07T15:05:30.804031Z, appliedOffer=LoanOfferDto(statementId=997595c5-41ae-4c0e-928d-1c9ebef32779, requestedAmount=19000, totalAmount=25000, term=8, monthlyPayment=4700, rate=20, isInsuranceEnabled=true, isSalaryClient=true), signDate=null, sesCode=null, statusHistory=[StatusHistory(status=PREAPPROVAL, time=2025-08-07, changeType=AUTOMATIC)], client=Client(id=82b4cf84-bbd2-43c8-98c1-5e3b79bc649f, lastName=Rust, firstName=Coul, middleName=Jackson, birthDate=2003-01-01, email=coul@example.com, gender=null, maritalStatus=null, dependentAmount=null, passportId=null, employmentId=null, accountNumber=null, passport=Passport(series=1234, number=567890, issueBranch=null, issueDate=null), employment=Employment(status=null, employerInn=null, salary=null, position=null, workExperienceTotal=null, workExperienceCurrent=null)), credit=null) by id 997595c5-41ae-4c0e-928d-1c9ebef32779
2025-08-11 14:13:37.041 DEBUG [http-nio-8081-exec-6] r.d.d.service.impl.DealServiceImpl - Creating scoring data DTO.
2025-08-11 14:13:37.041 DEBUG [http-nio-8081-exec-6] r.d.d.service.impl.DealServiceImpl - Scoring data created: ScoringDataDto(amount=25000, term=8, firstName=Coul, lastName=Rust, middleName=Jackson, gender=FEMALE, birthdate=2003-01-01, passportSeries=1234, passportNumber=567890, passportIssueDate=2023-01-01, passportIssueBranch=MG Russia, maritalStatus=MARRIED, dependentAmount=25000, employment=EmploymentDto(employmentStatus=SELF_EMPLOYED, employerINN=123456789012, salary=60000, position=MANAGER, workExperienceTotal=20, workExperienceCurrent=10), accountNumber=12345678901234567000, isInsuranceEnabled=true, isSalaryClient=true)
2025-08-11 14:13:37.070 DEBUG [http-nio-8081-exec-6] r.d.d.service.impl.DealServiceImpl - Credit data calculated: CreditDto(amount=125000, term=8, monthlyPayment=16396.29, rate=13, psk=409500.00, isInsuranceEnabled=true, isSalaryClient=true, paymentSchedule=[PaymentScheduleElementDto(number=1, date=2025-09-11, totalPayment=16396.29, interestPayment=1354.16, debtPayment=15042.13, remainingDebt=125000.00), PaymentScheduleElementDto(number=2, date=2025-10-11, totalPayment=16396.29, interestPayment=1354.16, debtPayment=15042.13, remainingDebt=125000.00), PaymentScheduleElementDto(number=3, date=2025-11-11, totalPayment=16396.29, interestPayment=1354.16, debtPayment=15042.13, remainingDebt=125000.00), PaymentScheduleElementDto(number=4, date=2025-12-11, totalPayment=16396.29, interestPayment=1354.16, debtPayment=15042.13, remainingDebt=125000.00), PaymentScheduleElementDto(number=5, date=2026-01-11, totalPayment=16396.29, interestPayment=1354.16, debtPayment=15042.13, remainingDebt=125000.00), PaymentScheduleElementDto(number=6, date=2026-02-11, totalPayment=16396.29, interestPayment=1354.16, debtPayment=15042.13, remainingDebt=125000.00), PaymentScheduleElementDto(number=7, date=2026-03-11, totalPayment=16396.29, interestPayment=1354.16, debtPayment=15042.13, remainingDebt=125000.00), PaymentScheduleElementDto(number=8, date=2026-04-11, totalPayment=141396.29, interestPayment=1354.16, debtPayment=15042.13, remainingDebt=0.00)])
2025-08-11 14:13:37.070 DEBUG [http-nio-8081-exec-6] r.d.d.service.impl.CreditServiceImpl - Creating new credit with data: CreditDto(amount=125000, term=8, monthlyPayment=16396.29, rate=13, psk=409500.00, isInsuranceEnabled=true, isSalaryClient=true, paymentSchedule=[PaymentScheduleElementDto(number=1, date=2025-09-11, totalPayment=16396.29, interestPayment=1354.16, debtPayment=15042.13, remainingDebt=125000.00), PaymentScheduleElementDto(number=2, date=2025-10-11, totalPayment=16396.29, interestPayment=1354.16, debtPayment=15042.13, remainingDebt=125000.00), PaymentScheduleElementDto(number=3, date=2025-11-11, totalPayment=16396.29, interestPayment=1354.16, debtPayment=15042.13, remainingDebt=125000.00), PaymentScheduleElementDto(number=4, date=2025-12-11, totalPayment=16396.29, interestPayment=1354.16, debtPayment=15042.13, remainingDebt=125000.00), PaymentScheduleElementDto(number=5, date=2026-01-11, totalPayment=16396.29, interestPayment=1354.16, debtPayment=15042.13, remainingDebt=125000.00), PaymentScheduleElementDto(number=6, date=2026-02-11, totalPayment=16396.29, interestPayment=1354.16, debtPayment=15042.13, remainingDebt=125000.00), PaymentScheduleElementDto(number=7, date=2026-03-11, totalPayment=16396.29, interestPayment=1354.16, debtPayment=15042.13, remainingDebt=125000.00), PaymentScheduleElementDto(number=8, date=2026-04-11, totalPayment=141396.29, interestPayment=1354.16, debtPayment=15042.13, remainingDebt=0.00)])
2025-08-11 14:13:37.074 DEBUG [http-nio-8081-exec-6] org.hibernate.SQL - 
    insert 
    into
        credit
        (amount, credit_status, insurance_enabled, monthly_payment, payment_schedule, psk, rate, salary_client, term, credit_id) 
    values
        (?, ?, ?, ?, ?, ?, ?, ?, ?, ?)
2025-08-11 14:13:37.077 DEBUG [http-nio-8081-exec-6] r.d.d.service.impl.CreditServiceImpl - Credit created: Credit(id=8f58e542-5583-4628-adbe-db9a237788f5, amount=125000, term=8, monthlyPayment=16396.29, rate=13, psk=409500.00, paymentSchedule=[PaymentScheduleElementDto(number=1, date=2025-09-11, totalPayment=16396.29, interestPayment=1354.16, debtPayment=15042.13, remainingDebt=125000.00), PaymentScheduleElementDto(number=2, date=2025-10-11, totalPayment=16396.29, interestPayment=1354.16, debtPayment=15042.13, remainingDebt=125000.00), PaymentScheduleElementDto(number=3, date=2025-11-11, totalPayment=16396.29, interestPayment=1354.16, debtPayment=15042.13, remainingDebt=125000.00), PaymentScheduleElementDto(number=4, date=2025-12-11, totalPayment=16396.29, interestPayment=1354.16, debtPayment=15042.13, remainingDebt=125000.00), PaymentScheduleElementDto(number=5, date=2026-01-11, totalPayment=16396.29, interestPayment=1354.16, debtPayment=15042.13, remainingDebt=125000.00), PaymentScheduleElementDto(number=6, date=2026-02-11, totalPayment=16396.29, interestPayment=1354.16, debtPayment=15042.13, remainingDebt=125000.00), PaymentScheduleElementDto(number=7, date=2026-03-11, totalPayment=16396.29, interestPayment=1354.16, debtPayment=15042.13, remainingDebt=125000.00), PaymentScheduleElementDto(number=8, date=2026-04-11, totalPayment=141396.29, interestPayment=1354.16, debtPayment=15042.13, remainingDebt=0.00)], insuranceEnabled=true, salaryClient=true, creditStatus=CALCULATED)
2025-08-11 14:13:37.078 DEBUG [http-nio-8081-exec-6] r.d.d.service.impl.DealServiceImpl - Loan calculated and credit created successfully.
2025-08-11 14:13:37.078 INFO  [http-nio-8081-exec-6] r.d.d.controller.DealController - Loan calculated successfully.
2025-08-11 14:21:06.437 INFO  [http-nio-8081-exec-2] r.d.d.controller.DealController - Received request for loan offers: LoanStatementRequestDto(amount=19000, term=8, firstName=Coul, lastName=Rust, middleName=Jackson, email=coul@example.com, birthdate=2003-01-01, passportSeries=1234, passportNumber=567890)
2025-08-11 14:21:06.437 DEBUG [http-nio-8081-exec-2] r.d.d.service.impl.DealServiceImpl - Get loan offers from request LoanStatementRequestDto(amount=19000, term=8, firstName=Coul, lastName=Rust, middleName=Jackson, email=coul@example.com, birthdate=2003-01-01, passportSeries=1234, passportNumber=567890)
2025-08-11 14:21:06.437 DEBUG [http-nio-8081-exec-2] r.d.d.service.impl.ClientServiceImpl - Creating client based on LoanStatementRequestDto LoanStatementRequestDto(amount=19000, term=8, firstName=Coul, lastName=Rust, middleName=Jackson, email=coul@example.com, birthdate=2003-01-01, passportSeries=1234, passportNumber=567890)
2025-08-11 14:21:06.437 DEBUG [http-nio-8081-exec-2] r.d.d.service.impl.ClientServiceImpl - Created client Client(id=null, lastName=Rust, firstName=Coul, middleName=Jackson, birthDate=2003-01-01, email=coul@example.com, gender=null, maritalStatus=null, dependentAmount=null, passportId=null, employmentId=null, accountNumber=null, passport=Passport(series=1234, number=567890, issueBranch=null, issueDate=null), employment=Employment(status=null, employerInn=null, salary=null, position=null, workExperienceTotal=null, workExperienceCurrent=null))
2025-08-11 14:21:06.440 DEBUG [http-nio-8081-exec-2] org.hibernate.SQL - 
    insert 
    into
        client
        (account_number, birth_date, dependent_amount, email, employment, employment_id, first_name, gender, last_name, marital_status, middle_name, passport, passport_id, client_id) 
    values
        (?, ?, ?, ?, ?, ?, ?, ?, ?, ?, ?, ?, ?, ?)
2025-08-11 14:21:06.443 DEBUG [http-nio-8081-exec-2] r.d.d.s.impl.StatementServiceImpl - Creating new statement for client: Client(id=038fc25d-a626-4220-b87f-ea9d5b274e0c, lastName=Rust, firstName=Coul, middleName=Jackson, birthDate=2003-01-01, email=coul@example.com, gender=null, maritalStatus=null, dependentAmount=null, passportId=null, employmentId=null, accountNumber=null, passport=Passport(series=1234, number=567890, issueBranch=null, issueDate=null), employment=Employment(status=null, employerInn=null, salary=null, position=null, workExperienceTotal=null, workExperienceCurrent=null))
2025-08-11 14:21:06.443 DEBUG [http-nio-8081-exec-2] r.d.d.s.impl.StatementServiceImpl - Creating new status history entry: status = PREAPPROVAL, changeType = AUTOMATIC
2025-08-11 14:21:06.444 DEBUG [http-nio-8081-exec-2] r.d.d.s.impl.StatementServiceImpl - Statement created: Statement(statementId=f0651d5e-7572-42a8-956d-ca8f0b0b146b, status=PREAPPROVAL, creationDate=2025-08-11T14:21:06.443599100+03:00, appliedOffer=null, signDate=null, sesCode=null, statusHistory=[StatusHistory(status=PREAPPROVAL, time=2025-08-11, changeType=AUTOMATIC)], client=Client(id=038fc25d-a626-4220-b87f-ea9d5b274e0c, lastName=Rust, firstName=Coul, middleName=Jackson, birthDate=2003-01-01, email=coul@example.com, gender=null, maritalStatus=null, dependentAmount=null, passportId=null, employmentId=null, accountNumber=null, passport=Passport(series=1234, number=567890, issueBranch=null, issueDate=null), employment=Employment(status=null, employerInn=null, salary=null, position=null, workExperienceTotal=null, workExperienceCurrent=null)), credit=null)
2025-08-11 14:21:06.447 DEBUG [http-nio-8081-exec-2] org.hibernate.SQL - 
    insert 
    into
        statement
        (applied_offer, client_id, creation_date, credit_id, ses_code, sign_date, status, status_history, statement_id) 
    values
        (?, ?, ?, ?, ?, ?, ?, ?, ?)
2025-08-11 14:21:06.547 ERROR [http-nio-8081-exec-2] o.a.c.c.C.[.[.[.[dispatcherServlet] - Servlet.service() for servlet [dispatcherServlet] in context with path [] threw exception [Request processing failed: org.springframework.web.client.HttpClientErrorException$BadRequest: 400 Bad Request: "{"timestamp":"2025-08-11T14:21:06.5365822","status":400,"error":"Validation failed","message":"{amount=должно быть больше, чем или равно 20000}"}"] with root cause
org.springframework.web.client.HttpClientErrorException$BadRequest: 400 Bad Request: "{"timestamp":"2025-08-11T14:21:06.5365822","status":400,"error":"Validation failed","message":"{amount=должно быть больше, чем или равно 20000}"}"
	at org.springframework.web.client.HttpClientErrorException.create(HttpClientErrorException.java:103)
	at org.springframework.web.client.StatusHandler.lambda$defaultHandler$3(StatusHandler.java:86)
	at org.springframework.web.client.StatusHandler.handle(StatusHandler.java:146)
	at org.springframework.web.client.DefaultRestClient$DefaultResponseSpec.applyStatusHandlers(DefaultRestClient.java:826)
	at org.springframework.web.client.DefaultRestClient$DefaultResponseSpec.lambda$readBody$4(DefaultRestClient.java:815)
	at org.springframework.web.client.DefaultRestClient.readWithMessageConverters(DefaultRestClient.java:215)
	at org.springframework.web.client.DefaultRestClient$DefaultResponseSpec.readBody(DefaultRestClient.java:814)
	at org.springframework.web.client.DefaultRestClient$DefaultResponseSpec.lambda$body$1(DefaultRestClient.java:753)
	at org.springframework.web.client.DefaultRestClient$DefaultRequestBodyUriSpec.exchangeInternal(DefaultRestClient.java:574)
	at org.springframework.web.client.DefaultRestClient$DefaultRequestBodyUriSpec.exchange(DefaultRestClient.java:535)
	at org.springframework.web.client.RestClient$RequestHeadersSpec.exchange(RestClient.java:677)
	at org.springframework.web.client.DefaultRestClient$DefaultResponseSpec.executeAndExtract(DefaultRestClient.java:809)
	at org.springframework.web.client.DefaultRestClient$DefaultResponseSpec.body(DefaultRestClient.java:753)
	at ru.duhov.dealService.utils.RestClientServiceImpl.getLoanOffers(RestClientServiceImpl.java:37)
	at ru.duhov.dealService.service.impl.DealServiceImpl.getLoanOffers(DealServiceImpl.java:33)
	at ru.duhov.dealService.controller.DealController.dealStatementPost(DealController.java:42)
	at java.base/jdk.internal.reflect.DirectMethodHandleAccessor.invoke(DirectMethodHandleAccessor.java:103)
	at java.base/java.lang.reflect.Method.invoke(Method.java:580)
	at org.springframework.web.method.support.InvocableHandlerMethod.doInvoke(InvocableHandlerMethod.java:258)
	at org.springframework.web.method.support.InvocableHandlerMethod.invokeForRequest(InvocableHandlerMethod.java:191)
	at org.springframework.web.servlet.mvc.method.annotation.ServletInvocableHandlerMethod.invokeAndHandle(ServletInvocableHandlerMethod.java:118)
	at org.springframework.web.servlet.mvc.method.annotation.RequestMappingHandlerAdapter.invokeHandlerMethod(RequestMappingHandlerAdapter.java:986)
	at org.springframework.web.servlet.mvc.method.annotation.RequestMappingHandlerAdapter.handleInternal(RequestMappingHandlerAdapter.java:891)
	at org.springframework.web.servlet.mvc.method.AbstractHandlerMethodAdapter.handle(AbstractHandlerMethodAdapter.java:87)
	at org.springframework.web.servlet.DispatcherServlet.doDispatch(DispatcherServlet.java:1089)
	at org.springframework.web.servlet.DispatcherServlet.doService(DispatcherServlet.java:979)
	at org.springframework.web.servlet.FrameworkServlet.processRequest(FrameworkServlet.java:1014)
	at org.springframework.web.servlet.FrameworkServlet.doPost(FrameworkServlet.java:914)
	at jakarta.servlet.http.HttpServlet.service(HttpServlet.java:590)
	at org.springframework.web.servlet.FrameworkServlet.service(FrameworkServlet.java:885)
	at jakarta.servlet.http.HttpServlet.service(HttpServlet.java:658)
	at org.apache.catalina.core.ApplicationFilterChain.internalDoFilter(ApplicationFilterChain.java:195)
	at org.apache.catalina.core.ApplicationFilterChain.doFilter(ApplicationFilterChain.java:140)
	at org.apache.tomcat.websocket.server.WsFilter.doFilter(WsFilter.java:51)
	at org.apache.catalina.core.ApplicationFilterChain.internalDoFilter(ApplicationFilterChain.java:164)
	at org.apache.catalina.core.ApplicationFilterChain.doFilter(ApplicationFilterChain.java:140)
	at org.springframework.web.filter.RequestContextFilter.doFilterInternal(RequestContextFilter.java:100)
	at org.springframework.web.filter.OncePerRequestFilter.doFilter(OncePerRequestFilter.java:116)
	at org.apache.catalina.core.ApplicationFilterChain.internalDoFilter(ApplicationFilterChain.java:164)
	at org.apache.catalina.core.ApplicationFilterChain.doFilter(ApplicationFilterChain.java:140)
	at org.springframework.web.filter.FormContentFilter.doFilterInternal(FormContentFilter.java:93)
	at org.springframework.web.filter.OncePerRequestFilter.doFilter(OncePerRequestFilter.java:116)
	at org.apache.catalina.core.ApplicationFilterChain.internalDoFilter(ApplicationFilterChain.java:164)
	at org.apache.catalina.core.ApplicationFilterChain.doFilter(ApplicationFilterChain.java:140)
	at org.springframework.web.filter.CharacterEncodingFilter.doFilterInternal(CharacterEncodingFilter.java:201)
	at org.springframework.web.filter.OncePerRequestFilter.doFilter(OncePerRequestFilter.java:116)
	at org.apache.catalina.core.ApplicationFilterChain.internalDoFilter(ApplicationFilterChain.java:164)
	at org.apache.catalina.core.ApplicationFilterChain.doFilter(ApplicationFilterChain.java:140)
	at org.apache.catalina.core.StandardWrapperValve.invoke(StandardWrapperValve.java:167)
	at org.apache.catalina.core.StandardContextValve.invoke(StandardContextValve.java:90)
	at org.apache.catalina.authenticator.AuthenticatorBase.invoke(AuthenticatorBase.java:483)
	at org.apache.catalina.core.StandardHostValve.invoke(StandardHostValve.java:115)
	at org.apache.catalina.valves.ErrorReportValve.invoke(ErrorReportValve.java:93)
	at org.apache.catalina.core.StandardEngineValve.invoke(StandardEngineValve.java:74)
	at org.apache.catalina.connector.CoyoteAdapter.service(CoyoteAdapter.java:344)
	at org.apache.coyote.http11.Http11Processor.service(Http11Processor.java:397)
	at org.apache.coyote.AbstractProcessorLight.process(AbstractProcessorLight.java:63)
	at org.apache.coyote.AbstractProtocol$ConnectionHandler.process(AbstractProtocol.java:905)
	at org.apache.tomcat.util.net.NioEndpoint$SocketProcessor.doRun(NioEndpoint.java:1743)
	at org.apache.tomcat.util.net.SocketProcessorBase.run(SocketProcessorBase.java:52)
	at org.apache.tomcat.util.threads.ThreadPoolExecutor.runWorker(ThreadPoolExecutor.java:1190)
	at org.apache.tomcat.util.threads.ThreadPoolExecutor$Worker.run(ThreadPoolExecutor.java:659)
	at org.apache.tomcat.util.threads.TaskThread$WrappingRunnable.run(TaskThread.java:63)
	at java.base/java.lang.Thread.run(Thread.java:1583)
2025-08-11 14:21:40.618 INFO  [http-nio-8081-exec-9] r.d.d.controller.DealController - Received request for loan offers: LoanStatementRequestDto(amount=25000, term=8, firstName=Coul, lastName=Rust, middleName=Jackson, email=coulexample.com, birthdate=2003-01-01, passportSeries=1234, passportNumber=567890)
2025-08-11 14:21:40.618 DEBUG [http-nio-8081-exec-9] r.d.d.service.impl.DealServiceImpl - Get loan offers from request LoanStatementRequestDto(amount=25000, term=8, firstName=Coul, lastName=Rust, middleName=Jackson, email=coulexample.com, birthdate=2003-01-01, passportSeries=1234, passportNumber=567890)
2025-08-11 14:21:40.618 DEBUG [http-nio-8081-exec-9] r.d.d.service.impl.ClientServiceImpl - Creating client based on LoanStatementRequestDto LoanStatementRequestDto(amount=25000, term=8, firstName=Coul, lastName=Rust, middleName=Jackson, email=coulexample.com, birthdate=2003-01-01, passportSeries=1234, passportNumber=567890)
2025-08-11 14:21:40.618 DEBUG [http-nio-8081-exec-9] r.d.d.service.impl.ClientServiceImpl - Created client Client(id=null, lastName=Rust, firstName=Coul, middleName=Jackson, birthDate=2003-01-01, email=coulexample.com, gender=null, maritalStatus=null, dependentAmount=null, passportId=null, employmentId=null, accountNumber=null, passport=Passport(series=1234, number=567890, issueBranch=null, issueDate=null), employment=Employment(status=null, employerInn=null, salary=null, position=null, workExperienceTotal=null, workExperienceCurrent=null))
2025-08-11 14:21:40.621 DEBUG [http-nio-8081-exec-9] org.hibernate.SQL - 
    insert 
    into
        client
        (account_number, birth_date, dependent_amount, email, employment, employment_id, first_name, gender, last_name, marital_status, middle_name, passport, passport_id, client_id) 
    values
        (?, ?, ?, ?, ?, ?, ?, ?, ?, ?, ?, ?, ?, ?)
2025-08-11 14:21:40.623 DEBUG [http-nio-8081-exec-9] r.d.d.s.impl.StatementServiceImpl - Creating new statement for client: Client(id=73f2869f-1f99-4b99-a111-dd640cd6b28e, lastName=Rust, firstName=Coul, middleName=Jackson, birthDate=2003-01-01, email=coulexample.com, gender=null, maritalStatus=null, dependentAmount=null, passportId=null, employmentId=null, accountNumber=null, passport=Passport(series=1234, number=567890, issueBranch=null, issueDate=null), employment=Employment(status=null, employerInn=null, salary=null, position=null, workExperienceTotal=null, workExperienceCurrent=null))
2025-08-11 14:21:40.623 DEBUG [http-nio-8081-exec-9] r.d.d.s.impl.StatementServiceImpl - Creating new status history entry: status = PREAPPROVAL, changeType = AUTOMATIC
2025-08-11 14:21:40.624 DEBUG [http-nio-8081-exec-9] r.d.d.s.impl.StatementServiceImpl - Statement created: Statement(statementId=5e965ddc-f8d8-4be6-a24b-9c92ad0c1159, status=PREAPPROVAL, creationDate=2025-08-11T14:21:40.623502400+03:00, appliedOffer=null, signDate=null, sesCode=null, statusHistory=[StatusHistory(status=PREAPPROVAL, time=2025-08-11, changeType=AUTOMATIC)], client=Client(id=73f2869f-1f99-4b99-a111-dd640cd6b28e, lastName=Rust, firstName=Coul, middleName=Jackson, birthDate=2003-01-01, email=coulexample.com, gender=null, maritalStatus=null, dependentAmount=null, passportId=null, employmentId=null, accountNumber=null, passport=Passport(series=1234, number=567890, issueBranch=null, issueDate=null), employment=Employment(status=null, employerInn=null, salary=null, position=null, workExperienceTotal=null, workExperienceCurrent=null)), credit=null)
2025-08-11 14:21:40.625 DEBUG [http-nio-8081-exec-9] org.hibernate.SQL - 
    insert 
    into
        statement
        (applied_offer, client_id, creation_date, credit_id, ses_code, sign_date, status, status_history, statement_id) 
    values
        (?, ?, ?, ?, ?, ?, ?, ?, ?)
2025-08-11 14:21:40.659 ERROR [http-nio-8081-exec-9] o.a.c.c.C.[.[.[.[dispatcherServlet] - Servlet.service() for servlet [dispatcherServlet] in context with path [] threw exception [Request processing failed: org.springframework.web.client.HttpClientErrorException$BadRequest: 400 Bad Request: "{"timestamp":"2025-08-11T14:21:40.6491113","status":400,"error":"Validation failed","message":"{email=должно соответствовать \"[a-zA-Z0-9_!#$%&'*+/=?`{|}~^.-]+@[a-zA-Z0-9.-]+\"}"}"] with root cause
org.springframework.web.client.HttpClientErrorException$BadRequest: 400 Bad Request: "{"timestamp":"2025-08-11T14:21:40.6491113","status":400,"error":"Validation failed","message":"{email=должно соответствовать \"[a-zA-Z0-9_!#$%&'*+/=?`{|}~^.-]+@[a-zA-Z0-9.-]+\"}"}"
	at org.springframework.web.client.HttpClientErrorException.create(HttpClientErrorException.java:103)
	at org.springframework.web.client.StatusHandler.lambda$defaultHandler$3(StatusHandler.java:86)
	at org.springframework.web.client.StatusHandler.handle(StatusHandler.java:146)
	at org.springframework.web.client.DefaultRestClient$DefaultResponseSpec.applyStatusHandlers(DefaultRestClient.java:826)
	at org.springframework.web.client.DefaultRestClient$DefaultResponseSpec.lambda$readBody$4(DefaultRestClient.java:815)
	at org.springframework.web.client.DefaultRestClient.readWithMessageConverters(DefaultRestClient.java:215)
	at org.springframework.web.client.DefaultRestClient$DefaultResponseSpec.readBody(DefaultRestClient.java:814)
	at org.springframework.web.client.DefaultRestClient$DefaultResponseSpec.lambda$body$1(DefaultRestClient.java:753)
	at org.springframework.web.client.DefaultRestClient$DefaultRequestBodyUriSpec.exchangeInternal(DefaultRestClient.java:574)
	at org.springframework.web.client.DefaultRestClient$DefaultRequestBodyUriSpec.exchange(DefaultRestClient.java:535)
	at org.springframework.web.client.RestClient$RequestHeadersSpec.exchange(RestClient.java:677)
	at org.springframework.web.client.DefaultRestClient$DefaultResponseSpec.executeAndExtract(DefaultRestClient.java:809)
	at org.springframework.web.client.DefaultRestClient$DefaultResponseSpec.body(DefaultRestClient.java:753)
	at ru.duhov.dealService.utils.RestClientServiceImpl.getLoanOffers(RestClientServiceImpl.java:37)
	at ru.duhov.dealService.service.impl.DealServiceImpl.getLoanOffers(DealServiceImpl.java:33)
	at ru.duhov.dealService.controller.DealController.dealStatementPost(DealController.java:42)
	at java.base/jdk.internal.reflect.DirectMethodHandleAccessor.invoke(DirectMethodHandleAccessor.java:103)
	at java.base/java.lang.reflect.Method.invoke(Method.java:580)
	at org.springframework.web.method.support.InvocableHandlerMethod.doInvoke(InvocableHandlerMethod.java:258)
	at org.springframework.web.method.support.InvocableHandlerMethod.invokeForRequest(InvocableHandlerMethod.java:191)
	at org.springframework.web.servlet.mvc.method.annotation.ServletInvocableHandlerMethod.invokeAndHandle(ServletInvocableHandlerMethod.java:118)
	at org.springframework.web.servlet.mvc.method.annotation.RequestMappingHandlerAdapter.invokeHandlerMethod(RequestMappingHandlerAdapter.java:986)
	at org.springframework.web.servlet.mvc.method.annotation.RequestMappingHandlerAdapter.handleInternal(RequestMappingHandlerAdapter.java:891)
	at org.springframework.web.servlet.mvc.method.AbstractHandlerMethodAdapter.handle(AbstractHandlerMethodAdapter.java:87)
	at org.springframework.web.servlet.DispatcherServlet.doDispatch(DispatcherServlet.java:1089)
	at org.springframework.web.servlet.DispatcherServlet.doService(DispatcherServlet.java:979)
	at org.springframework.web.servlet.FrameworkServlet.processRequest(FrameworkServlet.java:1014)
	at org.springframework.web.servlet.FrameworkServlet.doPost(FrameworkServlet.java:914)
	at jakarta.servlet.http.HttpServlet.service(HttpServlet.java:590)
	at org.springframework.web.servlet.FrameworkServlet.service(FrameworkServlet.java:885)
	at jakarta.servlet.http.HttpServlet.service(HttpServlet.java:658)
	at org.apache.catalina.core.ApplicationFilterChain.internalDoFilter(ApplicationFilterChain.java:195)
	at org.apache.catalina.core.ApplicationFilterChain.doFilter(ApplicationFilterChain.java:140)
	at org.apache.tomcat.websocket.server.WsFilter.doFilter(WsFilter.java:51)
	at org.apache.catalina.core.ApplicationFilterChain.internalDoFilter(ApplicationFilterChain.java:164)
	at org.apache.catalina.core.ApplicationFilterChain.doFilter(ApplicationFilterChain.java:140)
	at org.springframework.web.filter.RequestContextFilter.doFilterInternal(RequestContextFilter.java:100)
	at org.springframework.web.filter.OncePerRequestFilter.doFilter(OncePerRequestFilter.java:116)
	at org.apache.catalina.core.ApplicationFilterChain.internalDoFilter(ApplicationFilterChain.java:164)
	at org.apache.catalina.core.ApplicationFilterChain.doFilter(ApplicationFilterChain.java:140)
	at org.springframework.web.filter.FormContentFilter.doFilterInternal(FormContentFilter.java:93)
	at org.springframework.web.filter.OncePerRequestFilter.doFilter(OncePerRequestFilter.java:116)
	at org.apache.catalina.core.ApplicationFilterChain.internalDoFilter(ApplicationFilterChain.java:164)
	at org.apache.catalina.core.ApplicationFilterChain.doFilter(ApplicationFilterChain.java:140)
	at org.springframework.web.filter.CharacterEncodingFilter.doFilterInternal(CharacterEncodingFilter.java:201)
	at org.springframework.web.filter.OncePerRequestFilter.doFilter(OncePerRequestFilter.java:116)
	at org.apache.catalina.core.ApplicationFilterChain.internalDoFilter(ApplicationFilterChain.java:164)
	at org.apache.catalina.core.ApplicationFilterChain.doFilter(ApplicationFilterChain.java:140)
	at org.apache.catalina.core.StandardWrapperValve.invoke(StandardWrapperValve.java:167)
	at org.apache.catalina.core.StandardContextValve.invoke(StandardContextValve.java:90)
	at org.apache.catalina.authenticator.AuthenticatorBase.invoke(AuthenticatorBase.java:483)
	at org.apache.catalina.core.StandardHostValve.invoke(StandardHostValve.java:115)
	at org.apache.catalina.valves.ErrorReportValve.invoke(ErrorReportValve.java:93)
	at org.apache.catalina.core.StandardEngineValve.invoke(StandardEngineValve.java:74)
	at org.apache.catalina.connector.CoyoteAdapter.service(CoyoteAdapter.java:344)
	at org.apache.coyote.http11.Http11Processor.service(Http11Processor.java:397)
	at org.apache.coyote.AbstractProcessorLight.process(AbstractProcessorLight.java:63)
	at org.apache.coyote.AbstractProtocol$ConnectionHandler.process(AbstractProtocol.java:905)
	at org.apache.tomcat.util.net.NioEndpoint$SocketProcessor.doRun(NioEndpoint.java:1743)
	at org.apache.tomcat.util.net.SocketProcessorBase.run(SocketProcessorBase.java:52)
	at org.apache.tomcat.util.threads.ThreadPoolExecutor.runWorker(ThreadPoolExecutor.java:1190)
	at org.apache.tomcat.util.threads.ThreadPoolExecutor$Worker.run(ThreadPoolExecutor.java:659)
	at org.apache.tomcat.util.threads.TaskThread$WrappingRunnable.run(TaskThread.java:63)
	at java.base/java.lang.Thread.run(Thread.java:1583)
2025-08-11 14:23:16.790 INFO  [http-nio-8081-exec-10] r.d.d.controller.DealController - Received request for loan offers: LoanStatementRequestDto(amount=25000, term=8, firstName=Coul, lastName=Rust, middleName=Jackson, email=coulexample.com, birthdate=2023-01-01, passportSeries=1234, passportNumber=567890)
2025-08-11 14:23:16.790 DEBUG [http-nio-8081-exec-10] r.d.d.service.impl.DealServiceImpl - Get loan offers from request LoanStatementRequestDto(amount=25000, term=8, firstName=Coul, lastName=Rust, middleName=Jackson, email=coulexample.com, birthdate=2023-01-01, passportSeries=1234, passportNumber=567890)
2025-08-11 14:23:16.790 DEBUG [http-nio-8081-exec-10] r.d.d.service.impl.ClientServiceImpl - Creating client based on LoanStatementRequestDto LoanStatementRequestDto(amount=25000, term=8, firstName=Coul, lastName=Rust, middleName=Jackson, email=coulexample.com, birthdate=2023-01-01, passportSeries=1234, passportNumber=567890)
2025-08-11 14:23:16.790 DEBUG [http-nio-8081-exec-10] r.d.d.service.impl.ClientServiceImpl - Created client Client(id=null, lastName=Rust, firstName=Coul, middleName=Jackson, birthDate=2023-01-01, email=coulexample.com, gender=null, maritalStatus=null, dependentAmount=null, passportId=null, employmentId=null, accountNumber=null, passport=Passport(series=1234, number=567890, issueBranch=null, issueDate=null), employment=Employment(status=null, employerInn=null, salary=null, position=null, workExperienceTotal=null, workExperienceCurrent=null))
2025-08-11 14:23:16.794 DEBUG [http-nio-8081-exec-10] org.hibernate.SQL - 
    insert 
    into
        client
        (account_number, birth_date, dependent_amount, email, employment, employment_id, first_name, gender, last_name, marital_status, middle_name, passport, passport_id, client_id) 
    values
        (?, ?, ?, ?, ?, ?, ?, ?, ?, ?, ?, ?, ?, ?)
2025-08-11 14:23:16.796 DEBUG [http-nio-8081-exec-10] r.d.d.s.impl.StatementServiceImpl - Creating new statement for client: Client(id=f1b04051-bea2-403f-bf9d-3ecac42f253f, lastName=Rust, firstName=Coul, middleName=Jackson, birthDate=2023-01-01, email=coulexample.com, gender=null, maritalStatus=null, dependentAmount=null, passportId=null, employmentId=null, accountNumber=null, passport=Passport(series=1234, number=567890, issueBranch=null, issueDate=null), employment=Employment(status=null, employerInn=null, salary=null, position=null, workExperienceTotal=null, workExperienceCurrent=null))
2025-08-11 14:23:16.797 DEBUG [http-nio-8081-exec-10] r.d.d.s.impl.StatementServiceImpl - Creating new status history entry: status = PREAPPROVAL, changeType = AUTOMATIC
2025-08-11 14:23:16.798 DEBUG [http-nio-8081-exec-10] r.d.d.s.impl.StatementServiceImpl - Statement created: Statement(statementId=1c295629-aede-41dd-bc6a-151c339f84d1, status=PREAPPROVAL, creationDate=2025-08-11T14:23:16.797514600+03:00, appliedOffer=null, signDate=null, sesCode=null, statusHistory=[StatusHistory(status=PREAPPROVAL, time=2025-08-11, changeType=AUTOMATIC)], client=Client(id=f1b04051-bea2-403f-bf9d-3ecac42f253f, lastName=Rust, firstName=Coul, middleName=Jackson, birthDate=2023-01-01, email=coulexample.com, gender=null, maritalStatus=null, dependentAmount=null, passportId=null, employmentId=null, accountNumber=null, passport=Passport(series=1234, number=567890, issueBranch=null, issueDate=null), employment=Employment(status=null, employerInn=null, salary=null, position=null, workExperienceTotal=null, workExperienceCurrent=null)), credit=null)
2025-08-11 14:23:16.799 DEBUG [http-nio-8081-exec-10] org.hibernate.SQL - 
    insert 
    into
        statement
        (applied_offer, client_id, creation_date, credit_id, ses_code, sign_date, status, status_history, statement_id) 
    values
        (?, ?, ?, ?, ?, ?, ?, ?, ?)
2025-08-11 14:23:16.815 ERROR [http-nio-8081-exec-10] o.a.c.c.C.[.[.[.[dispatcherServlet] - Servlet.service() for servlet [dispatcherServlet] in context with path [] threw exception [Request processing failed: org.springframework.web.client.HttpClientErrorException$BadRequest: 400 Bad Request: "{"timestamp":"2025-08-11T14:23:16.8098735","status":400,"error":"Validation failed","message":"{email=должно соответствовать \"[a-zA-Z0-9_!#$%&'*+/=?`{|}~^.-]+@[a-zA-Z0-9.-]+\"}"}"] with root cause
org.springframework.web.client.HttpClientErrorException$BadRequest: 400 Bad Request: "{"timestamp":"2025-08-11T14:23:16.8098735","status":400,"error":"Validation failed","message":"{email=должно соответствовать \"[a-zA-Z0-9_!#$%&'*+/=?`{|}~^.-]+@[a-zA-Z0-9.-]+\"}"}"
	at org.springframework.web.client.HttpClientErrorException.create(HttpClientErrorException.java:103)
	at org.springframework.web.client.StatusHandler.lambda$defaultHandler$3(StatusHandler.java:86)
	at org.springframework.web.client.StatusHandler.handle(StatusHandler.java:146)
	at org.springframework.web.client.DefaultRestClient$DefaultResponseSpec.applyStatusHandlers(DefaultRestClient.java:826)
	at org.springframework.web.client.DefaultRestClient$DefaultResponseSpec.lambda$readBody$4(DefaultRestClient.java:815)
	at org.springframework.web.client.DefaultRestClient.readWithMessageConverters(DefaultRestClient.java:215)
	at org.springframework.web.client.DefaultRestClient$DefaultResponseSpec.readBody(DefaultRestClient.java:814)
	at org.springframework.web.client.DefaultRestClient$DefaultResponseSpec.lambda$body$1(DefaultRestClient.java:753)
	at org.springframework.web.client.DefaultRestClient$DefaultRequestBodyUriSpec.exchangeInternal(DefaultRestClient.java:574)
	at org.springframework.web.client.DefaultRestClient$DefaultRequestBodyUriSpec.exchange(DefaultRestClient.java:535)
	at org.springframework.web.client.RestClient$RequestHeadersSpec.exchange(RestClient.java:677)
	at org.springframework.web.client.DefaultRestClient$DefaultResponseSpec.executeAndExtract(DefaultRestClient.java:809)
	at org.springframework.web.client.DefaultRestClient$DefaultResponseSpec.body(DefaultRestClient.java:753)
	at ru.duhov.dealService.utils.RestClientServiceImpl.getLoanOffers(RestClientServiceImpl.java:37)
	at ru.duhov.dealService.service.impl.DealServiceImpl.getLoanOffers(DealServiceImpl.java:33)
	at ru.duhov.dealService.controller.DealController.dealStatementPost(DealController.java:42)
	at java.base/jdk.internal.reflect.DirectMethodHandleAccessor.invoke(DirectMethodHandleAccessor.java:103)
	at java.base/java.lang.reflect.Method.invoke(Method.java:580)
	at org.springframework.web.method.support.InvocableHandlerMethod.doInvoke(InvocableHandlerMethod.java:258)
	at org.springframework.web.method.support.InvocableHandlerMethod.invokeForRequest(InvocableHandlerMethod.java:191)
	at org.springframework.web.servlet.mvc.method.annotation.ServletInvocableHandlerMethod.invokeAndHandle(ServletInvocableHandlerMethod.java:118)
	at org.springframework.web.servlet.mvc.method.annotation.RequestMappingHandlerAdapter.invokeHandlerMethod(RequestMappingHandlerAdapter.java:986)
	at org.springframework.web.servlet.mvc.method.annotation.RequestMappingHandlerAdapter.handleInternal(RequestMappingHandlerAdapter.java:891)
	at org.springframework.web.servlet.mvc.method.AbstractHandlerMethodAdapter.handle(AbstractHandlerMethodAdapter.java:87)
	at org.springframework.web.servlet.DispatcherServlet.doDispatch(DispatcherServlet.java:1089)
	at org.springframework.web.servlet.DispatcherServlet.doService(DispatcherServlet.java:979)
	at org.springframework.web.servlet.FrameworkServlet.processRequest(FrameworkServlet.java:1014)
	at org.springframework.web.servlet.FrameworkServlet.doPost(FrameworkServlet.java:914)
	at jakarta.servlet.http.HttpServlet.service(HttpServlet.java:590)
	at org.springframework.web.servlet.FrameworkServlet.service(FrameworkServlet.java:885)
	at jakarta.servlet.http.HttpServlet.service(HttpServlet.java:658)
	at org.apache.catalina.core.ApplicationFilterChain.internalDoFilter(ApplicationFilterChain.java:195)
	at org.apache.catalina.core.ApplicationFilterChain.doFilter(ApplicationFilterChain.java:140)
	at org.apache.tomcat.websocket.server.WsFilter.doFilter(WsFilter.java:51)
	at org.apache.catalina.core.ApplicationFilterChain.internalDoFilter(ApplicationFilterChain.java:164)
	at org.apache.catalina.core.ApplicationFilterChain.doFilter(ApplicationFilterChain.java:140)
	at org.springframework.web.filter.RequestContextFilter.doFilterInternal(RequestContextFilter.java:100)
	at org.springframework.web.filter.OncePerRequestFilter.doFilter(OncePerRequestFilter.java:116)
	at org.apache.catalina.core.ApplicationFilterChain.internalDoFilter(ApplicationFilterChain.java:164)
	at org.apache.catalina.core.ApplicationFilterChain.doFilter(ApplicationFilterChain.java:140)
	at org.springframework.web.filter.FormContentFilter.doFilterInternal(FormContentFilter.java:93)
	at org.springframework.web.filter.OncePerRequestFilter.doFilter(OncePerRequestFilter.java:116)
	at org.apache.catalina.core.ApplicationFilterChain.internalDoFilter(ApplicationFilterChain.java:164)
	at org.apache.catalina.core.ApplicationFilterChain.doFilter(ApplicationFilterChain.java:140)
	at org.springframework.web.filter.CharacterEncodingFilter.doFilterInternal(CharacterEncodingFilter.java:201)
	at org.springframework.web.filter.OncePerRequestFilter.doFilter(OncePerRequestFilter.java:116)
	at org.apache.catalina.core.ApplicationFilterChain.internalDoFilter(ApplicationFilterChain.java:164)
	at org.apache.catalina.core.ApplicationFilterChain.doFilter(ApplicationFilterChain.java:140)
	at org.apache.catalina.core.StandardWrapperValve.invoke(StandardWrapperValve.java:167)
	at org.apache.catalina.core.StandardContextValve.invoke(StandardContextValve.java:90)
	at org.apache.catalina.authenticator.AuthenticatorBase.invoke(AuthenticatorBase.java:483)
	at org.apache.catalina.core.StandardHostValve.invoke(StandardHostValve.java:115)
	at org.apache.catalina.valves.ErrorReportValve.invoke(ErrorReportValve.java:93)
	at org.apache.catalina.core.StandardEngineValve.invoke(StandardEngineValve.java:74)
	at org.apache.catalina.connector.CoyoteAdapter.service(CoyoteAdapter.java:344)
	at org.apache.coyote.http11.Http11Processor.service(Http11Processor.java:397)
	at org.apache.coyote.AbstractProcessorLight.process(AbstractProcessorLight.java:63)
	at org.apache.coyote.AbstractProtocol$ConnectionHandler.process(AbstractProtocol.java:905)
	at org.apache.tomcat.util.net.NioEndpoint$SocketProcessor.doRun(NioEndpoint.java:1743)
	at org.apache.tomcat.util.net.SocketProcessorBase.run(SocketProcessorBase.java:52)
	at org.apache.tomcat.util.threads.ThreadPoolExecutor.runWorker(ThreadPoolExecutor.java:1190)
	at org.apache.tomcat.util.threads.ThreadPoolExecutor$Worker.run(ThreadPoolExecutor.java:659)
	at org.apache.tomcat.util.threads.TaskThread$WrappingRunnable.run(TaskThread.java:63)
	at java.base/java.lang.Thread.run(Thread.java:1583)
2025-08-11 14:24:19.986 INFO  [http-nio-8081-exec-1] r.d.d.controller.DealController - Received request to select loan offer: LoanOfferDto(statementId=17c0ef96-caf9-4be5-a857-6d095339a520, requestedAmount=29000, totalAmount=25000, term=8, monthlyPayment=4700, rate=20, isInsuranceEnabled=true, isSalaryClient=true)
2025-08-11 14:24:19.986 DEBUG [http-nio-8081-exec-1] r.d.d.service.impl.DealServiceImpl - Selecting loan offer: LoanOfferDto(statementId=17c0ef96-caf9-4be5-a857-6d095339a520, requestedAmount=29000, totalAmount=25000, term=8, monthlyPayment=4700, rate=20, isInsuranceEnabled=true, isSalaryClient=true)
2025-08-11 14:24:19.989 DEBUG [http-nio-8081-exec-1] org.hibernate.SQL - 
    select
        s1_0.statement_id,
        s1_0.applied_offer,
        s1_0.client_id,
        s1_0.creation_date,
        s1_0.credit_id,
        s1_0.ses_code,
        s1_0.sign_date,
        s1_0.status,
        s1_0.status_history 
    from
        statement s1_0 
    where
        s1_0.statement_id=?
2025-08-11 14:24:19.992 DEBUG [http-nio-8081-exec-1] r.d.d.s.impl.StatementServiceImpl - Find statement by Statement(statementId=17c0ef96-caf9-4be5-a857-6d095339a520, status=PREAPPROVAL, creationDate=2025-08-08T09:58:42.324016Z, appliedOffer=null, signDate=null, sesCode=null, statusHistory=[StatusHistory(status=PREAPPROVAL, time=2025-08-08, changeType=AUTOMATIC)], client=Client(id=95ba2616-107a-4c66-87e6-3f4432d1d97e, lastName=Rust, firstName=null, middleName=Jackson, birthDate=2013-01-01, email=coul@example.com, gender=null, maritalStatus=null, dependentAmount=null, passportId=null, employmentId=null, accountNumber=null, passport=Passport(series=1234, number=567890, issueBranch=null, issueDate=null), employment=Employment(status=null, employerInn=null, salary=null, position=null, workExperienceTotal=null, workExperienceCurrent=null)), credit=null) by id 17c0ef96-caf9-4be5-a857-6d095339a520
2025-08-11 14:24:19.995 DEBUG [http-nio-8081-exec-1] r.d.d.s.impl.StatementServiceImpl - Updating statement: Statement(statementId=17c0ef96-caf9-4be5-a857-6d095339a520, status=PREAPPROVAL, creationDate=2025-08-08T09:58:42.324016Z, appliedOffer=null, signDate=null, sesCode=null, statusHistory=[StatusHistory(status=PREAPPROVAL, time=2025-08-08, changeType=AUTOMATIC)], client=Client(id=95ba2616-107a-4c66-87e6-3f4432d1d97e, lastName=Rust, firstName=null, middleName=Jackson, birthDate=2013-01-01, email=coul@example.com, gender=null, maritalStatus=null, dependentAmount=null, passportId=null, employmentId=null, accountNumber=null, passport=Passport(series=1234, number=567890, issueBranch=null, issueDate=null), employment=Employment(status=null, employerInn=null, salary=null, position=null, workExperienceTotal=null, workExperienceCurrent=null)), credit=null)
2025-08-11 14:24:19.996 DEBUG [http-nio-8081-exec-1] r.d.d.s.impl.StatementServiceImpl - Creating new status history entry: status = APPROVED, changeType = AUTOMATIC
2025-08-11 14:24:19.997 DEBUG [http-nio-8081-exec-1] org.hibernate.SQL - 
    update
        statement 
    set
        applied_offer=?,
        client_id=?,
        creation_date=?,
        credit_id=?,
        ses_code=?,
        sign_date=?,
        status=?,
        status_history=? 
    where
        statement_id=?
2025-08-11 14:24:20.000 DEBUG [http-nio-8081-exec-1] r.d.d.s.impl.StatementServiceImpl - Statement updated: Statement(statementId=17c0ef96-caf9-4be5-a857-6d095339a520, status=APPROVED, creationDate=2025-08-08T09:58:42.324016Z, appliedOffer=LoanOfferDto(statementId=17c0ef96-caf9-4be5-a857-6d095339a520, requestedAmount=29000, totalAmount=25000, term=8, monthlyPayment=4700, rate=20, isInsuranceEnabled=true, isSalaryClient=true), signDate=null, sesCode=null, statusHistory=[StatusHistory(status=PREAPPROVAL, time=2025-08-08, changeType=AUTOMATIC)], client=Client(id=95ba2616-107a-4c66-87e6-3f4432d1d97e, lastName=Rust, firstName=null, middleName=Jackson, birthDate=2013-01-01, email=coul@example.com, gender=null, maritalStatus=null, dependentAmount=null, passportId=null, employmentId=null, accountNumber=null, passport=Passport(series=1234, number=567890, issueBranch=null, issueDate=null), employment=Employment(status=null, employerInn=null, salary=null, position=null, workExperienceTotal=null, workExperienceCurrent=null)), credit=null)
2025-08-11 14:24:20.000 DEBUG [http-nio-8081-exec-1] r.d.d.service.impl.DealServiceImpl - Loan offer selected.
2025-08-11 14:24:20.000 INFO  [http-nio-8081-exec-1] r.d.d.controller.DealController - Loan offer selected successfully.
2025-08-11 14:24:41.197 INFO  [http-nio-8081-exec-5] r.d.d.controller.DealController - Received request to select loan offer: LoanOfferDto(statementId=17c0ef96-caf9-4be5-a857-6d095339a520, requestedAmount=200, totalAmount=25000, term=8, monthlyPayment=4700, rate=20, isInsuranceEnabled=true, isSalaryClient=true)
2025-08-11 14:24:41.197 DEBUG [http-nio-8081-exec-5] r.d.d.service.impl.DealServiceImpl - Selecting loan offer: LoanOfferDto(statementId=17c0ef96-caf9-4be5-a857-6d095339a520, requestedAmount=200, totalAmount=25000, term=8, monthlyPayment=4700, rate=20, isInsuranceEnabled=true, isSalaryClient=true)
2025-08-11 14:24:41.199 DEBUG [http-nio-8081-exec-5] org.hibernate.SQL - 
    select
        s1_0.statement_id,
        s1_0.applied_offer,
        s1_0.client_id,
        s1_0.creation_date,
        s1_0.credit_id,
        s1_0.ses_code,
        s1_0.sign_date,
        s1_0.status,
        s1_0.status_history 
    from
        statement s1_0 
    where
        s1_0.statement_id=?
2025-08-11 14:24:41.205 DEBUG [http-nio-8081-exec-5] r.d.d.s.impl.StatementServiceImpl - Find statement by Statement(statementId=17c0ef96-caf9-4be5-a857-6d095339a520, status=APPROVED, creationDate=2025-08-08T09:58:42.324016Z, appliedOffer=LoanOfferDto(statementId=17c0ef96-caf9-4be5-a857-6d095339a520, requestedAmount=29000, totalAmount=25000, term=8, monthlyPayment=4700, rate=20, isInsuranceEnabled=true, isSalaryClient=true), signDate=null, sesCode=null, statusHistory=[StatusHistory(status=PREAPPROVAL, time=2025-08-08, changeType=AUTOMATIC)], client=Client(id=95ba2616-107a-4c66-87e6-3f4432d1d97e, lastName=Rust, firstName=null, middleName=Jackson, birthDate=2013-01-01, email=coul@example.com, gender=null, maritalStatus=null, dependentAmount=null, passportId=null, employmentId=null, accountNumber=null, passport=Passport(series=1234, number=567890, issueBranch=null, issueDate=null), employment=Employment(status=null, employerInn=null, salary=null, position=null, workExperienceTotal=null, workExperienceCurrent=null)), credit=null) by id 17c0ef96-caf9-4be5-a857-6d095339a520
2025-08-11 14:24:41.208 DEBUG [http-nio-8081-exec-5] r.d.d.s.impl.StatementServiceImpl - Updating statement: Statement(statementId=17c0ef96-caf9-4be5-a857-6d095339a520, status=APPROVED, creationDate=2025-08-08T09:58:42.324016Z, appliedOffer=LoanOfferDto(statementId=17c0ef96-caf9-4be5-a857-6d095339a520, requestedAmount=29000, totalAmount=25000, term=8, monthlyPayment=4700, rate=20, isInsuranceEnabled=true, isSalaryClient=true), signDate=null, sesCode=null, statusHistory=[StatusHistory(status=PREAPPROVAL, time=2025-08-08, changeType=AUTOMATIC)], client=Client(id=95ba2616-107a-4c66-87e6-3f4432d1d97e, lastName=Rust, firstName=null, middleName=Jackson, birthDate=2013-01-01, email=coul@example.com, gender=null, maritalStatus=null, dependentAmount=null, passportId=null, employmentId=null, accountNumber=null, passport=Passport(series=1234, number=567890, issueBranch=null, issueDate=null), employment=Employment(status=null, employerInn=null, salary=null, position=null, workExperienceTotal=null, workExperienceCurrent=null)), credit=null)
2025-08-11 14:24:41.208 DEBUG [http-nio-8081-exec-5] r.d.d.s.impl.StatementServiceImpl - Creating new status history entry: status = APPROVED, changeType = AUTOMATIC
2025-08-11 14:24:41.210 DEBUG [http-nio-8081-exec-5] org.hibernate.SQL - 
    update
        statement 
    set
        applied_offer=?,
        client_id=?,
        creation_date=?,
        credit_id=?,
        ses_code=?,
        sign_date=?,
        status=?,
        status_history=? 
    where
        statement_id=?
2025-08-11 14:24:41.213 DEBUG [http-nio-8081-exec-5] r.d.d.s.impl.StatementServiceImpl - Statement updated: Statement(statementId=17c0ef96-caf9-4be5-a857-6d095339a520, status=APPROVED, creationDate=2025-08-08T09:58:42.324016Z, appliedOffer=LoanOfferDto(statementId=17c0ef96-caf9-4be5-a857-6d095339a520, requestedAmount=200, totalAmount=25000, term=8, monthlyPayment=4700, rate=20, isInsuranceEnabled=true, isSalaryClient=true), signDate=null, sesCode=null, statusHistory=[StatusHistory(status=PREAPPROVAL, time=2025-08-08, changeType=AUTOMATIC)], client=Client(id=95ba2616-107a-4c66-87e6-3f4432d1d97e, lastName=Rust, firstName=null, middleName=Jackson, birthDate=2013-01-01, email=coul@example.com, gender=null, maritalStatus=null, dependentAmount=null, passportId=null, employmentId=null, accountNumber=null, passport=Passport(series=1234, number=567890, issueBranch=null, issueDate=null), employment=Employment(status=null, employerInn=null, salary=null, position=null, workExperienceTotal=null, workExperienceCurrent=null)), credit=null)
2025-08-11 14:24:41.213 DEBUG [http-nio-8081-exec-5] r.d.d.service.impl.DealServiceImpl - Loan offer selected.
2025-08-11 14:24:41.214 INFO  [http-nio-8081-exec-5] r.d.d.controller.DealController - Loan offer selected successfully.
2025-08-11 14:24:59.090 INFO  [http-nio-8081-exec-8] r.d.d.controller.DealController - Received request to select loan offer: LoanOfferDto(statementId=17c0ef96-caf9-4be5-a857-6d095339a520, requestedAmount=200, totalAmount=200, term=8, monthlyPayment=4700, rate=20, isInsuranceEnabled=true, isSalaryClient=true)
2025-08-11 14:24:59.090 DEBUG [http-nio-8081-exec-8] r.d.d.service.impl.DealServiceImpl - Selecting loan offer: LoanOfferDto(statementId=17c0ef96-caf9-4be5-a857-6d095339a520, requestedAmount=200, totalAmount=200, term=8, monthlyPayment=4700, rate=20, isInsuranceEnabled=true, isSalaryClient=true)
2025-08-11 14:24:59.092 DEBUG [http-nio-8081-exec-8] org.hibernate.SQL - 
    select
        s1_0.statement_id,
        s1_0.applied_offer,
        s1_0.client_id,
        s1_0.creation_date,
        s1_0.credit_id,
        s1_0.ses_code,
        s1_0.sign_date,
        s1_0.status,
        s1_0.status_history 
    from
        statement s1_0 
    where
        s1_0.statement_id=?
2025-08-11 14:24:59.097 DEBUG [http-nio-8081-exec-8] r.d.d.s.impl.StatementServiceImpl - Find statement by Statement(statementId=17c0ef96-caf9-4be5-a857-6d095339a520, status=APPROVED, creationDate=2025-08-08T09:58:42.324016Z, appliedOffer=LoanOfferDto(statementId=17c0ef96-caf9-4be5-a857-6d095339a520, requestedAmount=200, totalAmount=25000, term=8, monthlyPayment=4700, rate=20, isInsuranceEnabled=true, isSalaryClient=true), signDate=null, sesCode=null, statusHistory=[StatusHistory(status=PREAPPROVAL, time=2025-08-08, changeType=AUTOMATIC)], client=Client(id=95ba2616-107a-4c66-87e6-3f4432d1d97e, lastName=Rust, firstName=null, middleName=Jackson, birthDate=2013-01-01, email=coul@example.com, gender=null, maritalStatus=null, dependentAmount=null, passportId=null, employmentId=null, accountNumber=null, passport=Passport(series=1234, number=567890, issueBranch=null, issueDate=null), employment=Employment(status=null, employerInn=null, salary=null, position=null, workExperienceTotal=null, workExperienceCurrent=null)), credit=null) by id 17c0ef96-caf9-4be5-a857-6d095339a520
2025-08-11 14:24:59.099 DEBUG [http-nio-8081-exec-8] r.d.d.s.impl.StatementServiceImpl - Updating statement: Statement(statementId=17c0ef96-caf9-4be5-a857-6d095339a520, status=APPROVED, creationDate=2025-08-08T09:58:42.324016Z, appliedOffer=LoanOfferDto(statementId=17c0ef96-caf9-4be5-a857-6d095339a520, requestedAmount=200, totalAmount=25000, term=8, monthlyPayment=4700, rate=20, isInsuranceEnabled=true, isSalaryClient=true), signDate=null, sesCode=null, statusHistory=[StatusHistory(status=PREAPPROVAL, time=2025-08-08, changeType=AUTOMATIC)], client=Client(id=95ba2616-107a-4c66-87e6-3f4432d1d97e, lastName=Rust, firstName=null, middleName=Jackson, birthDate=2013-01-01, email=coul@example.com, gender=null, maritalStatus=null, dependentAmount=null, passportId=null, employmentId=null, accountNumber=null, passport=Passport(series=1234, number=567890, issueBranch=null, issueDate=null), employment=Employment(status=null, employerInn=null, salary=null, position=null, workExperienceTotal=null, workExperienceCurrent=null)), credit=null)
2025-08-11 14:24:59.100 DEBUG [http-nio-8081-exec-8] r.d.d.s.impl.StatementServiceImpl - Creating new status history entry: status = APPROVED, changeType = AUTOMATIC
2025-08-11 14:24:59.101 DEBUG [http-nio-8081-exec-8] org.hibernate.SQL - 
    update
        statement 
    set
        applied_offer=?,
        client_id=?,
        creation_date=?,
        credit_id=?,
        ses_code=?,
        sign_date=?,
        status=?,
        status_history=? 
    where
        statement_id=?
2025-08-11 14:24:59.104 DEBUG [http-nio-8081-exec-8] r.d.d.s.impl.StatementServiceImpl - Statement updated: Statement(statementId=17c0ef96-caf9-4be5-a857-6d095339a520, status=APPROVED, creationDate=2025-08-08T09:58:42.324016Z, appliedOffer=LoanOfferDto(statementId=17c0ef96-caf9-4be5-a857-6d095339a520, requestedAmount=200, totalAmount=200, term=8, monthlyPayment=4700, rate=20, isInsuranceEnabled=true, isSalaryClient=true), signDate=null, sesCode=null, statusHistory=[StatusHistory(status=PREAPPROVAL, time=2025-08-08, changeType=AUTOMATIC)], client=Client(id=95ba2616-107a-4c66-87e6-3f4432d1d97e, lastName=Rust, firstName=null, middleName=Jackson, birthDate=2013-01-01, email=coul@example.com, gender=null, maritalStatus=null, dependentAmount=null, passportId=null, employmentId=null, accountNumber=null, passport=Passport(series=1234, number=567890, issueBranch=null, issueDate=null), employment=Employment(status=null, employerInn=null, salary=null, position=null, workExperienceTotal=null, workExperienceCurrent=null)), credit=null)
2025-08-11 14:24:59.104 DEBUG [http-nio-8081-exec-8] r.d.d.service.impl.DealServiceImpl - Loan offer selected.
2025-08-11 14:24:59.104 INFO  [http-nio-8081-exec-8] r.d.d.controller.DealController - Loan offer selected successfully.
2025-08-11 14:27:10.068 INFO  [http-nio-8081-exec-3] r.d.d.controller.DealController - Received request to calculate loan for statementId: 17c0ef96-caf9-4be5-a857-6d095339a520 with request: FinishRegistrationRequestDto(gender=FEMALE, maritalStatus=MARRIED, dependentAmount=25000, passportIssueDate=2003-01-01, passportIssueBranch=MG Russia, employmentDto=EmploymentDto(employmentStatus=SELF_EMPLOYED, employerINN=123456789012, salary=60000, position=MANAGER, workExperienceTotal=20, workExperienceCurrent=10), accountNumber=12345678901234567000)
2025-08-11 14:27:10.068 DEBUG [http-nio-8081-exec-3] r.d.d.service.impl.DealServiceImpl - Calculating loan for statementId: 17c0ef96-caf9-4be5-a857-6d095339a520 with request: FinishRegistrationRequestDto(gender=FEMALE, maritalStatus=MARRIED, dependentAmount=25000, passportIssueDate=2003-01-01, passportIssueBranch=MG Russia, employmentDto=EmploymentDto(employmentStatus=SELF_EMPLOYED, employerINN=123456789012, salary=60000, position=MANAGER, workExperienceTotal=20, workExperienceCurrent=10), accountNumber=12345678901234567000)
2025-08-11 14:27:10.069 DEBUG [http-nio-8081-exec-3] org.hibernate.SQL - 
    select
        s1_0.statement_id,
        s1_0.applied_offer,
        s1_0.client_id,
        s1_0.creation_date,
        s1_0.credit_id,
        s1_0.ses_code,
        s1_0.sign_date,
        s1_0.status,
        s1_0.status_history 
    from
        statement s1_0 
    where
        s1_0.statement_id=?
2025-08-11 14:27:10.071 DEBUG [http-nio-8081-exec-3] r.d.d.s.impl.StatementServiceImpl - Find statement by Statement(statementId=17c0ef96-caf9-4be5-a857-6d095339a520, status=APPROVED, creationDate=2025-08-08T09:58:42.324016Z, appliedOffer=LoanOfferDto(statementId=17c0ef96-caf9-4be5-a857-6d095339a520, requestedAmount=200, totalAmount=200, term=8, monthlyPayment=4700, rate=20, isInsuranceEnabled=true, isSalaryClient=true), signDate=null, sesCode=null, statusHistory=[StatusHistory(status=PREAPPROVAL, time=2025-08-08, changeType=AUTOMATIC)], client=Client(id=95ba2616-107a-4c66-87e6-3f4432d1d97e, lastName=Rust, firstName=null, middleName=Jackson, birthDate=2013-01-01, email=coul@example.com, gender=null, maritalStatus=null, dependentAmount=null, passportId=null, employmentId=null, accountNumber=null, passport=Passport(series=1234, number=567890, issueBranch=null, issueDate=null), employment=Employment(status=null, employerInn=null, salary=null, position=null, workExperienceTotal=null, workExperienceCurrent=null)), credit=null) by id 17c0ef96-caf9-4be5-a857-6d095339a520
2025-08-11 14:27:10.074 DEBUG [http-nio-8081-exec-3] r.d.d.service.impl.DealServiceImpl - Creating scoring data DTO.
2025-08-11 14:27:10.074 DEBUG [http-nio-8081-exec-3] r.d.d.service.impl.DealServiceImpl - Scoring data created: ScoringDataDto(amount=200, term=8, firstName=null, lastName=Rust, middleName=Jackson, gender=FEMALE, birthdate=2013-01-01, passportSeries=1234, passportNumber=567890, passportIssueDate=2003-01-01, passportIssueBranch=MG Russia, maritalStatus=MARRIED, dependentAmount=25000, employment=EmploymentDto(employmentStatus=SELF_EMPLOYED, employerINN=123456789012, salary=60000, position=MANAGER, workExperienceTotal=20, workExperienceCurrent=10), accountNumber=12345678901234567000, isInsuranceEnabled=true, isSalaryClient=true)
2025-08-11 14:27:10.091 ERROR [http-nio-8081-exec-3] o.a.c.c.C.[.[.[.[dispatcherServlet] - Servlet.service() for servlet [dispatcherServlet] in context with path [] threw exception [Request processing failed: org.springframework.web.client.HttpClientErrorException$BadRequest: 400 Bad Request: "{"timestamp":"2025-08-11T14:27:10.0871654","status":400,"error":"Validation failed","message":"{firstName=не должно быть пустым, amount=должно быть больше, чем или равно 20000}"}"] with root cause
org.springframework.web.client.HttpClientErrorException$BadRequest: 400 Bad Request: "{"timestamp":"2025-08-11T14:27:10.0871654","status":400,"error":"Validation failed","message":"{firstName=не должно быть пустым, amount=должно быть больше, чем или равно 20000}"}"
	at org.springframework.web.client.HttpClientErrorException.create(HttpClientErrorException.java:103)
	at org.springframework.web.client.StatusHandler.lambda$defaultHandler$3(StatusHandler.java:86)
	at org.springframework.web.client.StatusHandler.handle(StatusHandler.java:146)
	at org.springframework.web.client.DefaultRestClient$DefaultResponseSpec.applyStatusHandlers(DefaultRestClient.java:826)
	at org.springframework.web.client.DefaultRestClient$DefaultResponseSpec.lambda$readBody$4(DefaultRestClient.java:815)
	at org.springframework.web.client.DefaultRestClient.readWithMessageConverters(DefaultRestClient.java:215)
	at org.springframework.web.client.DefaultRestClient$DefaultResponseSpec.readBody(DefaultRestClient.java:814)
	at org.springframework.web.client.DefaultRestClient$DefaultResponseSpec.lambda$body$0(DefaultRestClient.java:745)
	at org.springframework.web.client.DefaultRestClient$DefaultRequestBodyUriSpec.exchangeInternal(DefaultRestClient.java:574)
	at org.springframework.web.client.DefaultRestClient$DefaultRequestBodyUriSpec.exchange(DefaultRestClient.java:535)
	at org.springframework.web.client.RestClient$RequestHeadersSpec.exchange(RestClient.java:677)
	at org.springframework.web.client.DefaultRestClient$DefaultResponseSpec.executeAndExtract(DefaultRestClient.java:809)
	at org.springframework.web.client.DefaultRestClient$DefaultResponseSpec.body(DefaultRestClient.java:745)
	at ru.duhov.dealService.utils.RestClientServiceImpl.calculateCredit(RestClientServiceImpl.java:47)
	at ru.duhov.dealService.service.impl.DealServiceImpl.calculateLoan(DealServiceImpl.java:52)
	at ru.duhov.dealService.controller.DealController.dealCalculateStatementIdPost(DealController.java:70)
	at java.base/jdk.internal.reflect.DirectMethodHandleAccessor.invoke(DirectMethodHandleAccessor.java:103)
	at java.base/java.lang.reflect.Method.invoke(Method.java:580)
	at org.springframework.web.method.support.InvocableHandlerMethod.doInvoke(InvocableHandlerMethod.java:258)
	at org.springframework.web.method.support.InvocableHandlerMethod.invokeForRequest(InvocableHandlerMethod.java:191)
	at org.springframework.web.servlet.mvc.method.annotation.ServletInvocableHandlerMethod.invokeAndHandle(ServletInvocableHandlerMethod.java:118)
	at org.springframework.web.servlet.mvc.method.annotation.RequestMappingHandlerAdapter.invokeHandlerMethod(RequestMappingHandlerAdapter.java:986)
	at org.springframework.web.servlet.mvc.method.annotation.RequestMappingHandlerAdapter.handleInternal(RequestMappingHandlerAdapter.java:891)
	at org.springframework.web.servlet.mvc.method.AbstractHandlerMethodAdapter.handle(AbstractHandlerMethodAdapter.java:87)
	at org.springframework.web.servlet.DispatcherServlet.doDispatch(DispatcherServlet.java:1089)
	at org.springframework.web.servlet.DispatcherServlet.doService(DispatcherServlet.java:979)
	at org.springframework.web.servlet.FrameworkServlet.processRequest(FrameworkServlet.java:1014)
	at org.springframework.web.servlet.FrameworkServlet.doPost(FrameworkServlet.java:914)
	at jakarta.servlet.http.HttpServlet.service(HttpServlet.java:590)
	at org.springframework.web.servlet.FrameworkServlet.service(FrameworkServlet.java:885)
	at jakarta.servlet.http.HttpServlet.service(HttpServlet.java:658)
	at org.apache.catalina.core.ApplicationFilterChain.internalDoFilter(ApplicationFilterChain.java:195)
	at org.apache.catalina.core.ApplicationFilterChain.doFilter(ApplicationFilterChain.java:140)
	at org.apache.tomcat.websocket.server.WsFilter.doFilter(WsFilter.java:51)
	at org.apache.catalina.core.ApplicationFilterChain.internalDoFilter(ApplicationFilterChain.java:164)
	at org.apache.catalina.core.ApplicationFilterChain.doFilter(ApplicationFilterChain.java:140)
	at org.springframework.web.filter.RequestContextFilter.doFilterInternal(RequestContextFilter.java:100)
	at org.springframework.web.filter.OncePerRequestFilter.doFilter(OncePerRequestFilter.java:116)
	at org.apache.catalina.core.ApplicationFilterChain.internalDoFilter(ApplicationFilterChain.java:164)
	at org.apache.catalina.core.ApplicationFilterChain.doFilter(ApplicationFilterChain.java:140)
	at org.springframework.web.filter.FormContentFilter.doFilterInternal(FormContentFilter.java:93)
	at org.springframework.web.filter.OncePerRequestFilter.doFilter(OncePerRequestFilter.java:116)
	at org.apache.catalina.core.ApplicationFilterChain.internalDoFilter(ApplicationFilterChain.java:164)
	at org.apache.catalina.core.ApplicationFilterChain.doFilter(ApplicationFilterChain.java:140)
	at org.springframework.web.filter.CharacterEncodingFilter.doFilterInternal(CharacterEncodingFilter.java:201)
	at org.springframework.web.filter.OncePerRequestFilter.doFilter(OncePerRequestFilter.java:116)
	at org.apache.catalina.core.ApplicationFilterChain.internalDoFilter(ApplicationFilterChain.java:164)
	at org.apache.catalina.core.ApplicationFilterChain.doFilter(ApplicationFilterChain.java:140)
	at org.apache.catalina.core.StandardWrapperValve.invoke(StandardWrapperValve.java:167)
	at org.apache.catalina.core.StandardContextValve.invoke(StandardContextValve.java:90)
	at org.apache.catalina.authenticator.AuthenticatorBase.invoke(AuthenticatorBase.java:483)
	at org.apache.catalina.core.StandardHostValve.invoke(StandardHostValve.java:115)
	at org.apache.catalina.valves.ErrorReportValve.invoke(ErrorReportValve.java:93)
	at org.apache.catalina.core.StandardEngineValve.invoke(StandardEngineValve.java:74)
	at org.apache.catalina.connector.CoyoteAdapter.service(CoyoteAdapter.java:344)
	at org.apache.coyote.http11.Http11Processor.service(Http11Processor.java:397)
	at org.apache.coyote.AbstractProcessorLight.process(AbstractProcessorLight.java:63)
	at org.apache.coyote.AbstractProtocol$ConnectionHandler.process(AbstractProtocol.java:905)
	at org.apache.tomcat.util.net.NioEndpoint$SocketProcessor.doRun(NioEndpoint.java:1743)
	at org.apache.tomcat.util.net.SocketProcessorBase.run(SocketProcessorBase.java:52)
	at org.apache.tomcat.util.threads.ThreadPoolExecutor.runWorker(ThreadPoolExecutor.java:1190)
	at org.apache.tomcat.util.threads.ThreadPoolExecutor$Worker.run(ThreadPoolExecutor.java:659)
	at org.apache.tomcat.util.threads.TaskThread$WrappingRunnable.run(TaskThread.java:63)
	at java.base/java.lang.Thread.run(Thread.java:1583)
2025-08-11 14:27:44.623 INFO  [http-nio-8081-exec-6] r.d.d.controller.DealController - Received request to calculate loan for statementId: 11b7ff71-d60c-4481-a128-816f6fd1863a with request: FinishRegistrationRequestDto(gender=FEMALE, maritalStatus=MARRIED, dependentAmount=25000, passportIssueDate=2003-01-01, passportIssueBranch=MG Russia, employmentDto=EmploymentDto(employmentStatus=SELF_EMPLOYED, employerINN=123456789012, salary=60000, position=MANAGER, workExperienceTotal=20, workExperienceCurrent=10), accountNumber=12345678901234567000)
2025-08-11 14:27:44.623 DEBUG [http-nio-8081-exec-6] r.d.d.service.impl.DealServiceImpl - Calculating loan for statementId: 11b7ff71-d60c-4481-a128-816f6fd1863a with request: FinishRegistrationRequestDto(gender=FEMALE, maritalStatus=MARRIED, dependentAmount=25000, passportIssueDate=2003-01-01, passportIssueBranch=MG Russia, employmentDto=EmploymentDto(employmentStatus=SELF_EMPLOYED, employerINN=123456789012, salary=60000, position=MANAGER, workExperienceTotal=20, workExperienceCurrent=10), accountNumber=12345678901234567000)
2025-08-11 14:27:44.623 DEBUG [http-nio-8081-exec-6] org.hibernate.SQL - 
    select
        s1_0.statement_id,
        s1_0.applied_offer,
        s1_0.client_id,
        s1_0.creation_date,
        s1_0.credit_id,
        s1_0.ses_code,
        s1_0.sign_date,
        s1_0.status,
        s1_0.status_history 
    from
        statement s1_0 
    where
        s1_0.statement_id=?
2025-08-11 14:27:44.623 DEBUG [http-nio-8081-exec-6] r.d.d.s.impl.StatementServiceImpl - Find statement by Statement(statementId=11b7ff71-d60c-4481-a128-816f6fd1863a, status=APPROVED, creationDate=2025-08-11T09:38:40.857805Z, appliedOffer=LoanOfferDto(statementId=11b7ff71-d60c-4481-a128-816f6fd1863a, requestedAmount=25000, totalAmount=25000, term=8, monthlyPayment=4700, rate=20, isInsuranceEnabled=true, isSalaryClient=true), signDate=null, sesCode=null, statusHistory=[StatusHistory(status=PREAPPROVAL, time=2025-08-11, changeType=AUTOMATIC)], client=Client(id=ab603dd3-13dd-4644-b159-b56b29821772, lastName=Rust, firstName=Coul, middleName=Jackson, birthDate=2003-01-01, email=coul@example.com, gender=null, maritalStatus=null, dependentAmount=null, passportId=null, employmentId=null, accountNumber=null, passport=Passport(series=1234, number=567890, issueBranch=null, issueDate=null), employment=Employment(status=null, employerInn=null, salary=null, position=null, workExperienceTotal=null, workExperienceCurrent=null)), credit=null) by id 11b7ff71-d60c-4481-a128-816f6fd1863a
2025-08-11 14:27:44.623 DEBUG [http-nio-8081-exec-6] r.d.d.service.impl.DealServiceImpl - Creating scoring data DTO.
2025-08-11 14:27:44.623 DEBUG [http-nio-8081-exec-6] r.d.d.service.impl.DealServiceImpl - Scoring data created: ScoringDataDto(amount=25000, term=8, firstName=Coul, lastName=Rust, middleName=Jackson, gender=FEMALE, birthdate=2003-01-01, passportSeries=1234, passportNumber=567890, passportIssueDate=2003-01-01, passportIssueBranch=MG Russia, maritalStatus=MARRIED, dependentAmount=25000, employment=EmploymentDto(employmentStatus=SELF_EMPLOYED, employerINN=123456789012, salary=60000, position=MANAGER, workExperienceTotal=20, workExperienceCurrent=10), accountNumber=12345678901234567000, isInsuranceEnabled=true, isSalaryClient=true)
2025-08-11 14:27:44.637 DEBUG [http-nio-8081-exec-6] r.d.d.service.impl.DealServiceImpl - Credit data calculated: CreditDto(amount=125000, term=8, monthlyPayment=16396.29, rate=13, psk=409500.00, isInsuranceEnabled=true, isSalaryClient=true, paymentSchedule=[PaymentScheduleElementDto(number=1, date=2025-09-11, totalPayment=16396.29, interestPayment=1354.16, debtPayment=15042.13, remainingDebt=125000.00), PaymentScheduleElementDto(number=2, date=2025-10-11, totalPayment=16396.29, interestPayment=1354.16, debtPayment=15042.13, remainingDebt=125000.00), PaymentScheduleElementDto(number=3, date=2025-11-11, totalPayment=16396.29, interestPayment=1354.16, debtPayment=15042.13, remainingDebt=125000.00), PaymentScheduleElementDto(number=4, date=2025-12-11, totalPayment=16396.29, interestPayment=1354.16, debtPayment=15042.13, remainingDebt=125000.00), PaymentScheduleElementDto(number=5, date=2026-01-11, totalPayment=16396.29, interestPayment=1354.16, debtPayment=15042.13, remainingDebt=125000.00), PaymentScheduleElementDto(number=6, date=2026-02-11, totalPayment=16396.29, interestPayment=1354.16, debtPayment=15042.13, remainingDebt=125000.00), PaymentScheduleElementDto(number=7, date=2026-03-11, totalPayment=16396.29, interestPayment=1354.16, debtPayment=15042.13, remainingDebt=125000.00), PaymentScheduleElementDto(number=8, date=2026-04-11, totalPayment=141396.29, interestPayment=1354.16, debtPayment=15042.13, remainingDebt=0.00)])
2025-08-11 14:27:44.637 DEBUG [http-nio-8081-exec-6] r.d.d.service.impl.CreditServiceImpl - Creating new credit with data: CreditDto(amount=125000, term=8, monthlyPayment=16396.29, rate=13, psk=409500.00, isInsuranceEnabled=true, isSalaryClient=true, paymentSchedule=[PaymentScheduleElementDto(number=1, date=2025-09-11, totalPayment=16396.29, interestPayment=1354.16, debtPayment=15042.13, remainingDebt=125000.00), PaymentScheduleElementDto(number=2, date=2025-10-11, totalPayment=16396.29, interestPayment=1354.16, debtPayment=15042.13, remainingDebt=125000.00), PaymentScheduleElementDto(number=3, date=2025-11-11, totalPayment=16396.29, interestPayment=1354.16, debtPayment=15042.13, remainingDebt=125000.00), PaymentScheduleElementDto(number=4, date=2025-12-11, totalPayment=16396.29, interestPayment=1354.16, debtPayment=15042.13, remainingDebt=125000.00), PaymentScheduleElementDto(number=5, date=2026-01-11, totalPayment=16396.29, interestPayment=1354.16, debtPayment=15042.13, remainingDebt=125000.00), PaymentScheduleElementDto(number=6, date=2026-02-11, totalPayment=16396.29, interestPayment=1354.16, debtPayment=15042.13, remainingDebt=125000.00), PaymentScheduleElementDto(number=7, date=2026-03-11, totalPayment=16396.29, interestPayment=1354.16, debtPayment=15042.13, remainingDebt=125000.00), PaymentScheduleElementDto(number=8, date=2026-04-11, totalPayment=141396.29, interestPayment=1354.16, debtPayment=15042.13, remainingDebt=0.00)])
2025-08-11 14:27:44.642 DEBUG [http-nio-8081-exec-6] org.hibernate.SQL - 
    insert 
    into
        credit
        (amount, credit_status, insurance_enabled, monthly_payment, payment_schedule, psk, rate, salary_client, term, credit_id) 
    values
        (?, ?, ?, ?, ?, ?, ?, ?, ?, ?)
2025-08-11 14:27:44.644 DEBUG [http-nio-8081-exec-6] r.d.d.service.impl.CreditServiceImpl - Credit created: Credit(id=46fcdf3c-003d-4f38-968c-ec957ba1ac90, amount=125000, term=8, monthlyPayment=16396.29, rate=13, psk=409500.00, paymentSchedule=[PaymentScheduleElementDto(number=1, date=2025-09-11, totalPayment=16396.29, interestPayment=1354.16, debtPayment=15042.13, remainingDebt=125000.00), PaymentScheduleElementDto(number=2, date=2025-10-11, totalPayment=16396.29, interestPayment=1354.16, debtPayment=15042.13, remainingDebt=125000.00), PaymentScheduleElementDto(number=3, date=2025-11-11, totalPayment=16396.29, interestPayment=1354.16, debtPayment=15042.13, remainingDebt=125000.00), PaymentScheduleElementDto(number=4, date=2025-12-11, totalPayment=16396.29, interestPayment=1354.16, debtPayment=15042.13, remainingDebt=125000.00), PaymentScheduleElementDto(number=5, date=2026-01-11, totalPayment=16396.29, interestPayment=1354.16, debtPayment=15042.13, remainingDebt=125000.00), PaymentScheduleElementDto(number=6, date=2026-02-11, totalPayment=16396.29, interestPayment=1354.16, debtPayment=15042.13, remainingDebt=125000.00), PaymentScheduleElementDto(number=7, date=2026-03-11, totalPayment=16396.29, interestPayment=1354.16, debtPayment=15042.13, remainingDebt=125000.00), PaymentScheduleElementDto(number=8, date=2026-04-11, totalPayment=141396.29, interestPayment=1354.16, debtPayment=15042.13, remainingDebt=0.00)], insuranceEnabled=true, salaryClient=true, creditStatus=CALCULATED)
2025-08-11 14:27:44.644 DEBUG [http-nio-8081-exec-6] r.d.d.service.impl.DealServiceImpl - Loan calculated and credit created successfully.
2025-08-11 14:27:44.644 INFO  [http-nio-8081-exec-6] r.d.d.controller.DealController - Loan calculated successfully.
2025-08-11 14:28:36.304 INFO  [http-nio-8081-exec-7] r.d.d.controller.DealController - Received request to calculate loan for statementId: 11b7ff71-d60c-4481-a128-816f6fd1863a with request: FinishRegistrationRequestDto(gender=FEMALE, maritalStatus=MARRIED, dependentAmount=20000, passportIssueDate=2003-01-01, passportIssueBranch=MG Russia, employmentDto=EmploymentDto(employmentStatus=SELF_EMPLOYED, employerINN=123456789012, salary=60000, position=MANAGER, workExperienceTotal=20, workExperienceCurrent=10), accountNumber=12345678901234567000)
2025-08-11 14:28:36.304 DEBUG [http-nio-8081-exec-7] r.d.d.service.impl.DealServiceImpl - Calculating loan for statementId: 11b7ff71-d60c-4481-a128-816f6fd1863a with request: FinishRegistrationRequestDto(gender=FEMALE, maritalStatus=MARRIED, dependentAmount=20000, passportIssueDate=2003-01-01, passportIssueBranch=MG Russia, employmentDto=EmploymentDto(employmentStatus=SELF_EMPLOYED, employerINN=123456789012, salary=60000, position=MANAGER, workExperienceTotal=20, workExperienceCurrent=10), accountNumber=12345678901234567000)
2025-08-11 14:28:36.307 DEBUG [http-nio-8081-exec-7] org.hibernate.SQL - 
    select
        s1_0.statement_id,
        s1_0.applied_offer,
        s1_0.client_id,
        s1_0.creation_date,
        s1_0.credit_id,
        s1_0.ses_code,
        s1_0.sign_date,
        s1_0.status,
        s1_0.status_history 
    from
        statement s1_0 
    where
        s1_0.statement_id=?
2025-08-11 14:28:36.309 DEBUG [http-nio-8081-exec-7] r.d.d.s.impl.StatementServiceImpl - Find statement by Statement(statementId=11b7ff71-d60c-4481-a128-816f6fd1863a, status=APPROVED, creationDate=2025-08-11T09:38:40.857805Z, appliedOffer=LoanOfferDto(statementId=11b7ff71-d60c-4481-a128-816f6fd1863a, requestedAmount=25000, totalAmount=25000, term=8, monthlyPayment=4700, rate=20, isInsuranceEnabled=true, isSalaryClient=true), signDate=null, sesCode=null, statusHistory=[StatusHistory(status=PREAPPROVAL, time=2025-08-11, changeType=AUTOMATIC)], client=Client(id=ab603dd3-13dd-4644-b159-b56b29821772, lastName=Rust, firstName=Coul, middleName=Jackson, birthDate=2003-01-01, email=coul@example.com, gender=null, maritalStatus=null, dependentAmount=null, passportId=null, employmentId=null, accountNumber=null, passport=Passport(series=1234, number=567890, issueBranch=null, issueDate=null), employment=Employment(status=null, employerInn=null, salary=null, position=null, workExperienceTotal=null, workExperienceCurrent=null)), credit=null) by id 11b7ff71-d60c-4481-a128-816f6fd1863a
2025-08-11 14:28:36.309 DEBUG [http-nio-8081-exec-7] r.d.d.service.impl.DealServiceImpl - Creating scoring data DTO.
2025-08-11 14:28:36.309 DEBUG [http-nio-8081-exec-7] r.d.d.service.impl.DealServiceImpl - Scoring data created: ScoringDataDto(amount=25000, term=8, firstName=Coul, lastName=Rust, middleName=Jackson, gender=FEMALE, birthdate=2003-01-01, passportSeries=1234, passportNumber=567890, passportIssueDate=2003-01-01, passportIssueBranch=MG Russia, maritalStatus=MARRIED, dependentAmount=20000, employment=EmploymentDto(employmentStatus=SELF_EMPLOYED, employerINN=123456789012, salary=60000, position=MANAGER, workExperienceTotal=20, workExperienceCurrent=10), accountNumber=12345678901234567000, isInsuranceEnabled=true, isSalaryClient=true)
2025-08-11 14:28:36.395 DEBUG [http-nio-8081-exec-7] r.d.d.service.impl.DealServiceImpl - Credit data calculated: CreditDto(amount=125000, term=8, monthlyPayment=16396.29, rate=13, psk=409500.00, isInsuranceEnabled=true, isSalaryClient=true, paymentSchedule=[PaymentScheduleElementDto(number=1, date=2025-09-11, totalPayment=16396.29, interestPayment=1354.16, debtPayment=15042.13, remainingDebt=125000.00), PaymentScheduleElementDto(number=2, date=2025-10-11, totalPayment=16396.29, interestPayment=1354.16, debtPayment=15042.13, remainingDebt=125000.00), PaymentScheduleElementDto(number=3, date=2025-11-11, totalPayment=16396.29, interestPayment=1354.16, debtPayment=15042.13, remainingDebt=125000.00), PaymentScheduleElementDto(number=4, date=2025-12-11, totalPayment=16396.29, interestPayment=1354.16, debtPayment=15042.13, remainingDebt=125000.00), PaymentScheduleElementDto(number=5, date=2026-01-11, totalPayment=16396.29, interestPayment=1354.16, debtPayment=15042.13, remainingDebt=125000.00), PaymentScheduleElementDto(number=6, date=2026-02-11, totalPayment=16396.29, interestPayment=1354.16, debtPayment=15042.13, remainingDebt=125000.00), PaymentScheduleElementDto(number=7, date=2026-03-11, totalPayment=16396.29, interestPayment=1354.16, debtPayment=15042.13, remainingDebt=125000.00), PaymentScheduleElementDto(number=8, date=2026-04-11, totalPayment=141396.29, interestPayment=1354.16, debtPayment=15042.13, remainingDebt=0.00)])
2025-08-11 14:28:36.395 DEBUG [http-nio-8081-exec-7] r.d.d.service.impl.CreditServiceImpl - Creating new credit with data: CreditDto(amount=125000, term=8, monthlyPayment=16396.29, rate=13, psk=409500.00, isInsuranceEnabled=true, isSalaryClient=true, paymentSchedule=[PaymentScheduleElementDto(number=1, date=2025-09-11, totalPayment=16396.29, interestPayment=1354.16, debtPayment=15042.13, remainingDebt=125000.00), PaymentScheduleElementDto(number=2, date=2025-10-11, totalPayment=16396.29, interestPayment=1354.16, debtPayment=15042.13, remainingDebt=125000.00), PaymentScheduleElementDto(number=3, date=2025-11-11, totalPayment=16396.29, interestPayment=1354.16, debtPayment=15042.13, remainingDebt=125000.00), PaymentScheduleElementDto(number=4, date=2025-12-11, totalPayment=16396.29, interestPayment=1354.16, debtPayment=15042.13, remainingDebt=125000.00), PaymentScheduleElementDto(number=5, date=2026-01-11, totalPayment=16396.29, interestPayment=1354.16, debtPayment=15042.13, remainingDebt=125000.00), PaymentScheduleElementDto(number=6, date=2026-02-11, totalPayment=16396.29, interestPayment=1354.16, debtPayment=15042.13, remainingDebt=125000.00), PaymentScheduleElementDto(number=7, date=2026-03-11, totalPayment=16396.29, interestPayment=1354.16, debtPayment=15042.13, remainingDebt=125000.00), PaymentScheduleElementDto(number=8, date=2026-04-11, totalPayment=141396.29, interestPayment=1354.16, debtPayment=15042.13, remainingDebt=0.00)])
2025-08-11 14:28:36.398 DEBUG [http-nio-8081-exec-7] org.hibernate.SQL - 
    insert 
    into
        credit
        (amount, credit_status, insurance_enabled, monthly_payment, payment_schedule, psk, rate, salary_client, term, credit_id) 
    values
        (?, ?, ?, ?, ?, ?, ?, ?, ?, ?)
2025-08-11 14:28:36.400 DEBUG [http-nio-8081-exec-7] r.d.d.service.impl.CreditServiceImpl - Credit created: Credit(id=faa113a3-c230-4ac4-b9ff-792cc5b90937, amount=125000, term=8, monthlyPayment=16396.29, rate=13, psk=409500.00, paymentSchedule=[PaymentScheduleElementDto(number=1, date=2025-09-11, totalPayment=16396.29, interestPayment=1354.16, debtPayment=15042.13, remainingDebt=125000.00), PaymentScheduleElementDto(number=2, date=2025-10-11, totalPayment=16396.29, interestPayment=1354.16, debtPayment=15042.13, remainingDebt=125000.00), PaymentScheduleElementDto(number=3, date=2025-11-11, totalPayment=16396.29, interestPayment=1354.16, debtPayment=15042.13, remainingDebt=125000.00), PaymentScheduleElementDto(number=4, date=2025-12-11, totalPayment=16396.29, interestPayment=1354.16, debtPayment=15042.13, remainingDebt=125000.00), PaymentScheduleElementDto(number=5, date=2026-01-11, totalPayment=16396.29, interestPayment=1354.16, debtPayment=15042.13, remainingDebt=125000.00), PaymentScheduleElementDto(number=6, date=2026-02-11, totalPayment=16396.29, interestPayment=1354.16, debtPayment=15042.13, remainingDebt=125000.00), PaymentScheduleElementDto(number=7, date=2026-03-11, totalPayment=16396.29, interestPayment=1354.16, debtPayment=15042.13, remainingDebt=125000.00), PaymentScheduleElementDto(number=8, date=2026-04-11, totalPayment=141396.29, interestPayment=1354.16, debtPayment=15042.13, remainingDebt=0.00)], insuranceEnabled=true, salaryClient=true, creditStatus=CALCULATED)
2025-08-11 14:28:36.400 DEBUG [http-nio-8081-exec-7] r.d.d.service.impl.DealServiceImpl - Loan calculated and credit created successfully.
2025-08-11 14:28:36.400 INFO  [http-nio-8081-exec-7] r.d.d.controller.DealController - Loan calculated successfully.
2025-08-11 14:29:15.142 INFO  [http-nio-8081-exec-2] r.d.d.controller.DealController - Received request to calculate loan for statementId: 11b7ff71-d60c-4481-a128-816f6fd1863a with request: FinishRegistrationRequestDto(gender=FEMALE, maritalStatus=MARRIED, dependentAmount=20000, passportIssueDate=2003-01-01, passportIssueBranch=MG Russia, employmentDto=EmploymentDto(employmentStatus=SELF_EMPLOYED, employerINN=123456789012, salary=60000, position=MANAGER, workExperienceTotal=20, workExperienceCurrent=10), accountNumber=12345678901234567000)
2025-08-11 14:29:15.142 DEBUG [http-nio-8081-exec-2] r.d.d.service.impl.DealServiceImpl - Calculating loan for statementId: 11b7ff71-d60c-4481-a128-816f6fd1863a with request: FinishRegistrationRequestDto(gender=FEMALE, maritalStatus=MARRIED, dependentAmount=20000, passportIssueDate=2003-01-01, passportIssueBranch=MG Russia, employmentDto=EmploymentDto(employmentStatus=SELF_EMPLOYED, employerINN=123456789012, salary=60000, position=MANAGER, workExperienceTotal=20, workExperienceCurrent=10), accountNumber=12345678901234567000)
2025-08-11 14:29:15.142 DEBUG [http-nio-8081-exec-2] org.hibernate.SQL - 
    select
        s1_0.statement_id,
        s1_0.applied_offer,
        s1_0.client_id,
        s1_0.creation_date,
        s1_0.credit_id,
        s1_0.ses_code,
        s1_0.sign_date,
        s1_0.status,
        s1_0.status_history 
    from
        statement s1_0 
    where
        s1_0.statement_id=?
2025-08-11 14:29:15.147 DEBUG [http-nio-8081-exec-2] r.d.d.s.impl.StatementServiceImpl - Find statement by Statement(statementId=11b7ff71-d60c-4481-a128-816f6fd1863a, status=APPROVED, creationDate=2025-08-11T09:38:40.857805Z, appliedOffer=LoanOfferDto(statementId=11b7ff71-d60c-4481-a128-816f6fd1863a, requestedAmount=25000, totalAmount=25000, term=8, monthlyPayment=4700, rate=20, isInsuranceEnabled=true, isSalaryClient=true), signDate=null, sesCode=null, statusHistory=[StatusHistory(status=PREAPPROVAL, time=2025-08-11, changeType=AUTOMATIC)], client=Client(id=ab603dd3-13dd-4644-b159-b56b29821772, lastName=Rust, firstName=Coul, middleName=Jackson, birthDate=2003-01-01, email=coul@example.com, gender=null, maritalStatus=null, dependentAmount=null, passportId=null, employmentId=null, accountNumber=null, passport=Passport(series=1234, number=567890, issueBranch=null, issueDate=null), employment=Employment(status=null, employerInn=null, salary=null, position=null, workExperienceTotal=null, workExperienceCurrent=null)), credit=null) by id 11b7ff71-d60c-4481-a128-816f6fd1863a
2025-08-11 14:29:15.148 DEBUG [http-nio-8081-exec-2] r.d.d.service.impl.DealServiceImpl - Creating scoring data DTO.
2025-08-11 14:29:15.148 DEBUG [http-nio-8081-exec-2] r.d.d.service.impl.DealServiceImpl - Scoring data created: ScoringDataDto(amount=25000, term=8, firstName=Coul, lastName=Rust, middleName=Jackson, gender=FEMALE, birthdate=2003-01-01, passportSeries=1234, passportNumber=567890, passportIssueDate=2003-01-01, passportIssueBranch=MG Russia, maritalStatus=MARRIED, dependentAmount=20000, employment=EmploymentDto(employmentStatus=SELF_EMPLOYED, employerINN=123456789012, salary=60000, position=MANAGER, workExperienceTotal=20, workExperienceCurrent=10), accountNumber=12345678901234567000, isInsuranceEnabled=true, isSalaryClient=true)
2025-08-11 14:29:15.168 DEBUG [http-nio-8081-exec-2] r.d.d.service.impl.DealServiceImpl - Credit data calculated: CreditDto(amount=125000, term=8, monthlyPayment=16396.29, rate=13, psk=409500.00, isInsuranceEnabled=true, isSalaryClient=true, paymentSchedule=[PaymentScheduleElementDto(number=1, date=2025-09-11, totalPayment=16396.29, interestPayment=1354.16, debtPayment=15042.13, remainingDebt=125000.00), PaymentScheduleElementDto(number=2, date=2025-10-11, totalPayment=16396.29, interestPayment=1354.16, debtPayment=15042.13, remainingDebt=125000.00), PaymentScheduleElementDto(number=3, date=2025-11-11, totalPayment=16396.29, interestPayment=1354.16, debtPayment=15042.13, remainingDebt=125000.00), PaymentScheduleElementDto(number=4, date=2025-12-11, totalPayment=16396.29, interestPayment=1354.16, debtPayment=15042.13, remainingDebt=125000.00), PaymentScheduleElementDto(number=5, date=2026-01-11, totalPayment=16396.29, interestPayment=1354.16, debtPayment=15042.13, remainingDebt=125000.00), PaymentScheduleElementDto(number=6, date=2026-02-11, totalPayment=16396.29, interestPayment=1354.16, debtPayment=15042.13, remainingDebt=125000.00), PaymentScheduleElementDto(number=7, date=2026-03-11, totalPayment=16396.29, interestPayment=1354.16, debtPayment=15042.13, remainingDebt=125000.00), PaymentScheduleElementDto(number=8, date=2026-04-11, totalPayment=141396.29, interestPayment=1354.16, debtPayment=15042.13, remainingDebt=0.00)])
2025-08-11 14:29:15.168 DEBUG [http-nio-8081-exec-2] r.d.d.service.impl.CreditServiceImpl - Creating new credit with data: CreditDto(amount=125000, term=8, monthlyPayment=16396.29, rate=13, psk=409500.00, isInsuranceEnabled=true, isSalaryClient=true, paymentSchedule=[PaymentScheduleElementDto(number=1, date=2025-09-11, totalPayment=16396.29, interestPayment=1354.16, debtPayment=15042.13, remainingDebt=125000.00), PaymentScheduleElementDto(number=2, date=2025-10-11, totalPayment=16396.29, interestPayment=1354.16, debtPayment=15042.13, remainingDebt=125000.00), PaymentScheduleElementDto(number=3, date=2025-11-11, totalPayment=16396.29, interestPayment=1354.16, debtPayment=15042.13, remainingDebt=125000.00), PaymentScheduleElementDto(number=4, date=2025-12-11, totalPayment=16396.29, interestPayment=1354.16, debtPayment=15042.13, remainingDebt=125000.00), PaymentScheduleElementDto(number=5, date=2026-01-11, totalPayment=16396.29, interestPayment=1354.16, debtPayment=15042.13, remainingDebt=125000.00), PaymentScheduleElementDto(number=6, date=2026-02-11, totalPayment=16396.29, interestPayment=1354.16, debtPayment=15042.13, remainingDebt=125000.00), PaymentScheduleElementDto(number=7, date=2026-03-11, totalPayment=16396.29, interestPayment=1354.16, debtPayment=15042.13, remainingDebt=125000.00), PaymentScheduleElementDto(number=8, date=2026-04-11, totalPayment=141396.29, interestPayment=1354.16, debtPayment=15042.13, remainingDebt=0.00)])
2025-08-11 14:29:15.172 DEBUG [http-nio-8081-exec-2] org.hibernate.SQL - 
    insert 
    into
        credit
        (amount, credit_status, insurance_enabled, monthly_payment, payment_schedule, psk, rate, salary_client, term, credit_id) 
    values
        (?, ?, ?, ?, ?, ?, ?, ?, ?, ?)
2025-08-11 14:29:15.175 DEBUG [http-nio-8081-exec-2] r.d.d.service.impl.CreditServiceImpl - Credit created: Credit(id=0f9d8191-977b-4a92-afe8-cdfad5e6ae60, amount=125000, term=8, monthlyPayment=16396.29, rate=13, psk=409500.00, paymentSchedule=[PaymentScheduleElementDto(number=1, date=2025-09-11, totalPayment=16396.29, interestPayment=1354.16, debtPayment=15042.13, remainingDebt=125000.00), PaymentScheduleElementDto(number=2, date=2025-10-11, totalPayment=16396.29, interestPayment=1354.16, debtPayment=15042.13, remainingDebt=125000.00), PaymentScheduleElementDto(number=3, date=2025-11-11, totalPayment=16396.29, interestPayment=1354.16, debtPayment=15042.13, remainingDebt=125000.00), PaymentScheduleElementDto(number=4, date=2025-12-11, totalPayment=16396.29, interestPayment=1354.16, debtPayment=15042.13, remainingDebt=125000.00), PaymentScheduleElementDto(number=5, date=2026-01-11, totalPayment=16396.29, interestPayment=1354.16, debtPayment=15042.13, remainingDebt=125000.00), PaymentScheduleElementDto(number=6, date=2026-02-11, totalPayment=16396.29, interestPayment=1354.16, debtPayment=15042.13, remainingDebt=125000.00), PaymentScheduleElementDto(number=7, date=2026-03-11, totalPayment=16396.29, interestPayment=1354.16, debtPayment=15042.13, remainingDebt=125000.00), PaymentScheduleElementDto(number=8, date=2026-04-11, totalPayment=141396.29, interestPayment=1354.16, debtPayment=15042.13, remainingDebt=0.00)], insuranceEnabled=true, salaryClient=true, creditStatus=CALCULATED)
2025-08-11 14:29:15.175 DEBUG [http-nio-8081-exec-2] r.d.d.service.impl.DealServiceImpl - Loan calculated and credit created successfully.
2025-08-11 14:29:15.175 INFO  [http-nio-8081-exec-2] r.d.d.controller.DealController - Loan calculated successfully.
2025-08-11 14:29:47.639 INFO  [http-nio-8081-exec-9] r.d.d.controller.DealController - Received request to calculate loan for statementId: 11b7ff71-d60c-4481-a128-816f6fd1863a with request: FinishRegistrationRequestDto(gender=FEMALE, maritalStatus=MARRIED, dependentAmount=20000, passportIssueDate=2003-01-01, passportIssueBranch=MG Russia, employmentDto=EmploymentDto(employmentStatus=SELF_EMPLOYED, employerINN=123456789012, salary=60000, position=MANAGER, workExperienceTotal=8, workExperienceCurrent=4), accountNumber=12345678901234567000)
2025-08-11 14:29:47.640 DEBUG [http-nio-8081-exec-9] r.d.d.service.impl.DealServiceImpl - Calculating loan for statementId: 11b7ff71-d60c-4481-a128-816f6fd1863a with request: FinishRegistrationRequestDto(gender=FEMALE, maritalStatus=MARRIED, dependentAmount=20000, passportIssueDate=2003-01-01, passportIssueBranch=MG Russia, employmentDto=EmploymentDto(employmentStatus=SELF_EMPLOYED, employerINN=123456789012, salary=60000, position=MANAGER, workExperienceTotal=8, workExperienceCurrent=4), accountNumber=12345678901234567000)
2025-08-11 14:29:47.640 DEBUG [http-nio-8081-exec-9] org.hibernate.SQL - 
    select
        s1_0.statement_id,
        s1_0.applied_offer,
        s1_0.client_id,
        s1_0.creation_date,
        s1_0.credit_id,
        s1_0.ses_code,
        s1_0.sign_date,
        s1_0.status,
        s1_0.status_history 
    from
        statement s1_0 
    where
        s1_0.statement_id=?
2025-08-11 14:29:47.643 DEBUG [http-nio-8081-exec-9] r.d.d.s.impl.StatementServiceImpl - Find statement by Statement(statementId=11b7ff71-d60c-4481-a128-816f6fd1863a, status=APPROVED, creationDate=2025-08-11T09:38:40.857805Z, appliedOffer=LoanOfferDto(statementId=11b7ff71-d60c-4481-a128-816f6fd1863a, requestedAmount=25000, totalAmount=25000, term=8, monthlyPayment=4700, rate=20, isInsuranceEnabled=true, isSalaryClient=true), signDate=null, sesCode=null, statusHistory=[StatusHistory(status=PREAPPROVAL, time=2025-08-11, changeType=AUTOMATIC)], client=Client(id=ab603dd3-13dd-4644-b159-b56b29821772, lastName=Rust, firstName=Coul, middleName=Jackson, birthDate=2003-01-01, email=coul@example.com, gender=null, maritalStatus=null, dependentAmount=null, passportId=null, employmentId=null, accountNumber=null, passport=Passport(series=1234, number=567890, issueBranch=null, issueDate=null), employment=Employment(status=null, employerInn=null, salary=null, position=null, workExperienceTotal=null, workExperienceCurrent=null)), credit=null) by id 11b7ff71-d60c-4481-a128-816f6fd1863a
2025-08-11 14:29:47.645 DEBUG [http-nio-8081-exec-9] r.d.d.service.impl.DealServiceImpl - Creating scoring data DTO.
2025-08-11 14:29:47.645 DEBUG [http-nio-8081-exec-9] r.d.d.service.impl.DealServiceImpl - Scoring data created: ScoringDataDto(amount=25000, term=8, firstName=Coul, lastName=Rust, middleName=Jackson, gender=FEMALE, birthdate=2003-01-01, passportSeries=1234, passportNumber=567890, passportIssueDate=2003-01-01, passportIssueBranch=MG Russia, maritalStatus=MARRIED, dependentAmount=20000, employment=EmploymentDto(employmentStatus=SELF_EMPLOYED, employerINN=123456789012, salary=60000, position=MANAGER, workExperienceTotal=8, workExperienceCurrent=4), accountNumber=12345678901234567000, isInsuranceEnabled=true, isSalaryClient=true)
2025-08-11 14:29:47.658 ERROR [http-nio-8081-exec-9] o.a.c.c.C.[.[.[.[dispatcherServlet] - Servlet.service() for servlet [dispatcherServlet] in context with path [] threw exception [Request processing failed: org.springframework.web.client.HttpClientErrorException$BadRequest: 400 Bad Request: "{"timestamp":"2025-08-11T14:29:47.6547718","status":400,"error":"Credit refused","message":"Work experience in total must me more than 18 months."}"] with root cause
org.springframework.web.client.HttpClientErrorException$BadRequest: 400 Bad Request: "{"timestamp":"2025-08-11T14:29:47.6547718","status":400,"error":"Credit refused","message":"Work experience in total must me more than 18 months."}"
	at org.springframework.web.client.HttpClientErrorException.create(HttpClientErrorException.java:103)
	at org.springframework.web.client.StatusHandler.lambda$defaultHandler$3(StatusHandler.java:86)
	at org.springframework.web.client.StatusHandler.handle(StatusHandler.java:146)
	at org.springframework.web.client.DefaultRestClient$DefaultResponseSpec.applyStatusHandlers(DefaultRestClient.java:826)
	at org.springframework.web.client.DefaultRestClient$DefaultResponseSpec.lambda$readBody$4(DefaultRestClient.java:815)
	at org.springframework.web.client.DefaultRestClient.readWithMessageConverters(DefaultRestClient.java:215)
	at org.springframework.web.client.DefaultRestClient$DefaultResponseSpec.readBody(DefaultRestClient.java:814)
	at org.springframework.web.client.DefaultRestClient$DefaultResponseSpec.lambda$body$0(DefaultRestClient.java:745)
	at org.springframework.web.client.DefaultRestClient$DefaultRequestBodyUriSpec.exchangeInternal(DefaultRestClient.java:574)
	at org.springframework.web.client.DefaultRestClient$DefaultRequestBodyUriSpec.exchange(DefaultRestClient.java:535)
	at org.springframework.web.client.RestClient$RequestHeadersSpec.exchange(RestClient.java:677)
	at org.springframework.web.client.DefaultRestClient$DefaultResponseSpec.executeAndExtract(DefaultRestClient.java:809)
	at org.springframework.web.client.DefaultRestClient$DefaultResponseSpec.body(DefaultRestClient.java:745)
	at ru.duhov.dealService.utils.RestClientServiceImpl.calculateCredit(RestClientServiceImpl.java:47)
	at ru.duhov.dealService.service.impl.DealServiceImpl.calculateLoan(DealServiceImpl.java:52)
	at ru.duhov.dealService.controller.DealController.dealCalculateStatementIdPost(DealController.java:70)
	at java.base/jdk.internal.reflect.DirectMethodHandleAccessor.invoke(DirectMethodHandleAccessor.java:103)
	at java.base/java.lang.reflect.Method.invoke(Method.java:580)
	at org.springframework.web.method.support.InvocableHandlerMethod.doInvoke(InvocableHandlerMethod.java:258)
	at org.springframework.web.method.support.InvocableHandlerMethod.invokeForRequest(InvocableHandlerMethod.java:191)
	at org.springframework.web.servlet.mvc.method.annotation.ServletInvocableHandlerMethod.invokeAndHandle(ServletInvocableHandlerMethod.java:118)
	at org.springframework.web.servlet.mvc.method.annotation.RequestMappingHandlerAdapter.invokeHandlerMethod(RequestMappingHandlerAdapter.java:986)
	at org.springframework.web.servlet.mvc.method.annotation.RequestMappingHandlerAdapter.handleInternal(RequestMappingHandlerAdapter.java:891)
	at org.springframework.web.servlet.mvc.method.AbstractHandlerMethodAdapter.handle(AbstractHandlerMethodAdapter.java:87)
	at org.springframework.web.servlet.DispatcherServlet.doDispatch(DispatcherServlet.java:1089)
	at org.springframework.web.servlet.DispatcherServlet.doService(DispatcherServlet.java:979)
	at org.springframework.web.servlet.FrameworkServlet.processRequest(FrameworkServlet.java:1014)
	at org.springframework.web.servlet.FrameworkServlet.doPost(FrameworkServlet.java:914)
	at jakarta.servlet.http.HttpServlet.service(HttpServlet.java:590)
	at org.springframework.web.servlet.FrameworkServlet.service(FrameworkServlet.java:885)
	at jakarta.servlet.http.HttpServlet.service(HttpServlet.java:658)
	at org.apache.catalina.core.ApplicationFilterChain.internalDoFilter(ApplicationFilterChain.java:195)
	at org.apache.catalina.core.ApplicationFilterChain.doFilter(ApplicationFilterChain.java:140)
	at org.apache.tomcat.websocket.server.WsFilter.doFilter(WsFilter.java:51)
	at org.apache.catalina.core.ApplicationFilterChain.internalDoFilter(ApplicationFilterChain.java:164)
	at org.apache.catalina.core.ApplicationFilterChain.doFilter(ApplicationFilterChain.java:140)
	at org.springframework.web.filter.RequestContextFilter.doFilterInternal(RequestContextFilter.java:100)
	at org.springframework.web.filter.OncePerRequestFilter.doFilter(OncePerRequestFilter.java:116)
	at org.apache.catalina.core.ApplicationFilterChain.internalDoFilter(ApplicationFilterChain.java:164)
	at org.apache.catalina.core.ApplicationFilterChain.doFilter(ApplicationFilterChain.java:140)
	at org.springframework.web.filter.FormContentFilter.doFilterInternal(FormContentFilter.java:93)
	at org.springframework.web.filter.OncePerRequestFilter.doFilter(OncePerRequestFilter.java:116)
	at org.apache.catalina.core.ApplicationFilterChain.internalDoFilter(ApplicationFilterChain.java:164)
	at org.apache.catalina.core.ApplicationFilterChain.doFilter(ApplicationFilterChain.java:140)
	at org.springframework.web.filter.CharacterEncodingFilter.doFilterInternal(CharacterEncodingFilter.java:201)
	at org.springframework.web.filter.OncePerRequestFilter.doFilter(OncePerRequestFilter.java:116)
	at org.apache.catalina.core.ApplicationFilterChain.internalDoFilter(ApplicationFilterChain.java:164)
	at org.apache.catalina.core.ApplicationFilterChain.doFilter(ApplicationFilterChain.java:140)
	at org.apache.catalina.core.StandardWrapperValve.invoke(StandardWrapperValve.java:167)
	at org.apache.catalina.core.StandardContextValve.invoke(StandardContextValve.java:90)
	at org.apache.catalina.authenticator.AuthenticatorBase.invoke(AuthenticatorBase.java:483)
	at org.apache.catalina.core.StandardHostValve.invoke(StandardHostValve.java:115)
	at org.apache.catalina.valves.ErrorReportValve.invoke(ErrorReportValve.java:93)
	at org.apache.catalina.core.StandardEngineValve.invoke(StandardEngineValve.java:74)
	at org.apache.catalina.connector.CoyoteAdapter.service(CoyoteAdapter.java:344)
	at org.apache.coyote.http11.Http11Processor.service(Http11Processor.java:397)
	at org.apache.coyote.AbstractProcessorLight.process(AbstractProcessorLight.java:63)
	at org.apache.coyote.AbstractProtocol$ConnectionHandler.process(AbstractProtocol.java:905)
	at org.apache.tomcat.util.net.NioEndpoint$SocketProcessor.doRun(NioEndpoint.java:1743)
	at org.apache.tomcat.util.net.SocketProcessorBase.run(SocketProcessorBase.java:52)
	at org.apache.tomcat.util.threads.ThreadPoolExecutor.runWorker(ThreadPoolExecutor.java:1190)
	at org.apache.tomcat.util.threads.ThreadPoolExecutor$Worker.run(ThreadPoolExecutor.java:659)
	at org.apache.tomcat.util.threads.TaskThread$WrappingRunnable.run(TaskThread.java:63)
	at java.base/java.lang.Thread.run(Thread.java:1583)
2025-08-11 14:30:12.326 INFO  [http-nio-8081-exec-10] r.d.d.controller.DealController - Received request to calculate loan for statementId: 11b7ff71-d60c-4481-a128-816f6fd1863a with request: FinishRegistrationRequestDto(gender=FEMALE, maritalStatus=MARRIED, dependentAmount=20000, passportIssueDate=2003-01-01, passportIssueBranch=MG Russia, employmentDto=EmploymentDto(employmentStatus=SELF_EMPLOYED, employerINN=123456789012, salary=60, position=MANAGER, workExperienceTotal=20, workExperienceCurrent=10), accountNumber=12345678901234567000)
2025-08-11 14:30:12.326 DEBUG [http-nio-8081-exec-10] r.d.d.service.impl.DealServiceImpl - Calculating loan for statementId: 11b7ff71-d60c-4481-a128-816f6fd1863a with request: FinishRegistrationRequestDto(gender=FEMALE, maritalStatus=MARRIED, dependentAmount=20000, passportIssueDate=2003-01-01, passportIssueBranch=MG Russia, employmentDto=EmploymentDto(employmentStatus=SELF_EMPLOYED, employerINN=123456789012, salary=60, position=MANAGER, workExperienceTotal=20, workExperienceCurrent=10), accountNumber=12345678901234567000)
2025-08-11 14:30:12.327 DEBUG [http-nio-8081-exec-10] org.hibernate.SQL - 
    select
        s1_0.statement_id,
        s1_0.applied_offer,
        s1_0.client_id,
        s1_0.creation_date,
        s1_0.credit_id,
        s1_0.ses_code,
        s1_0.sign_date,
        s1_0.status,
        s1_0.status_history 
    from
        statement s1_0 
    where
        s1_0.statement_id=?
2025-08-11 14:30:12.330 DEBUG [http-nio-8081-exec-10] r.d.d.s.impl.StatementServiceImpl - Find statement by Statement(statementId=11b7ff71-d60c-4481-a128-816f6fd1863a, status=APPROVED, creationDate=2025-08-11T09:38:40.857805Z, appliedOffer=LoanOfferDto(statementId=11b7ff71-d60c-4481-a128-816f6fd1863a, requestedAmount=25000, totalAmount=25000, term=8, monthlyPayment=4700, rate=20, isInsuranceEnabled=true, isSalaryClient=true), signDate=null, sesCode=null, statusHistory=[StatusHistory(status=PREAPPROVAL, time=2025-08-11, changeType=AUTOMATIC)], client=Client(id=ab603dd3-13dd-4644-b159-b56b29821772, lastName=Rust, firstName=Coul, middleName=Jackson, birthDate=2003-01-01, email=coul@example.com, gender=null, maritalStatus=null, dependentAmount=null, passportId=null, employmentId=null, accountNumber=null, passport=Passport(series=1234, number=567890, issueBranch=null, issueDate=null), employment=Employment(status=null, employerInn=null, salary=null, position=null, workExperienceTotal=null, workExperienceCurrent=null)), credit=null) by id 11b7ff71-d60c-4481-a128-816f6fd1863a
2025-08-11 14:30:12.332 DEBUG [http-nio-8081-exec-10] r.d.d.service.impl.DealServiceImpl - Creating scoring data DTO.
2025-08-11 14:30:12.333 DEBUG [http-nio-8081-exec-10] r.d.d.service.impl.DealServiceImpl - Scoring data created: ScoringDataDto(amount=25000, term=8, firstName=Coul, lastName=Rust, middleName=Jackson, gender=FEMALE, birthdate=2003-01-01, passportSeries=1234, passportNumber=567890, passportIssueDate=2003-01-01, passportIssueBranch=MG Russia, maritalStatus=MARRIED, dependentAmount=20000, employment=EmploymentDto(employmentStatus=SELF_EMPLOYED, employerINN=123456789012, salary=60, position=MANAGER, workExperienceTotal=20, workExperienceCurrent=10), accountNumber=12345678901234567000, isInsuranceEnabled=true, isSalaryClient=true)
2025-08-11 14:30:12.347 ERROR [http-nio-8081-exec-10] o.a.c.c.C.[.[.[.[dispatcherServlet] - Servlet.service() for servlet [dispatcherServlet] in context with path [] threw exception [Request processing failed: org.springframework.web.client.HttpClientErrorException$BadRequest: 400 Bad Request: "{"timestamp":"2025-08-11T14:30:12.3420799","status":400,"error":"Credit refused","message":"Loan amount must not be greater than 24 times the salary."}"] with root cause
org.springframework.web.client.HttpClientErrorException$BadRequest: 400 Bad Request: "{"timestamp":"2025-08-11T14:30:12.3420799","status":400,"error":"Credit refused","message":"Loan amount must not be greater than 24 times the salary."}"
	at org.springframework.web.client.HttpClientErrorException.create(HttpClientErrorException.java:103)
	at org.springframework.web.client.StatusHandler.lambda$defaultHandler$3(StatusHandler.java:86)
	at org.springframework.web.client.StatusHandler.handle(StatusHandler.java:146)
	at org.springframework.web.client.DefaultRestClient$DefaultResponseSpec.applyStatusHandlers(DefaultRestClient.java:826)
	at org.springframework.web.client.DefaultRestClient$DefaultResponseSpec.lambda$readBody$4(DefaultRestClient.java:815)
	at org.springframework.web.client.DefaultRestClient.readWithMessageConverters(DefaultRestClient.java:215)
	at org.springframework.web.client.DefaultRestClient$DefaultResponseSpec.readBody(DefaultRestClient.java:814)
	at org.springframework.web.client.DefaultRestClient$DefaultResponseSpec.lambda$body$0(DefaultRestClient.java:745)
	at org.springframework.web.client.DefaultRestClient$DefaultRequestBodyUriSpec.exchangeInternal(DefaultRestClient.java:574)
	at org.springframework.web.client.DefaultRestClient$DefaultRequestBodyUriSpec.exchange(DefaultRestClient.java:535)
	at org.springframework.web.client.RestClient$RequestHeadersSpec.exchange(RestClient.java:677)
	at org.springframework.web.client.DefaultRestClient$DefaultResponseSpec.executeAndExtract(DefaultRestClient.java:809)
	at org.springframework.web.client.DefaultRestClient$DefaultResponseSpec.body(DefaultRestClient.java:745)
	at ru.duhov.dealService.utils.RestClientServiceImpl.calculateCredit(RestClientServiceImpl.java:47)
	at ru.duhov.dealService.service.impl.DealServiceImpl.calculateLoan(DealServiceImpl.java:52)
	at ru.duhov.dealService.controller.DealController.dealCalculateStatementIdPost(DealController.java:70)
	at java.base/jdk.internal.reflect.DirectMethodHandleAccessor.invoke(DirectMethodHandleAccessor.java:103)
	at java.base/java.lang.reflect.Method.invoke(Method.java:580)
	at org.springframework.web.method.support.InvocableHandlerMethod.doInvoke(InvocableHandlerMethod.java:258)
	at org.springframework.web.method.support.InvocableHandlerMethod.invokeForRequest(InvocableHandlerMethod.java:191)
	at org.springframework.web.servlet.mvc.method.annotation.ServletInvocableHandlerMethod.invokeAndHandle(ServletInvocableHandlerMethod.java:118)
	at org.springframework.web.servlet.mvc.method.annotation.RequestMappingHandlerAdapter.invokeHandlerMethod(RequestMappingHandlerAdapter.java:986)
	at org.springframework.web.servlet.mvc.method.annotation.RequestMappingHandlerAdapter.handleInternal(RequestMappingHandlerAdapter.java:891)
	at org.springframework.web.servlet.mvc.method.AbstractHandlerMethodAdapter.handle(AbstractHandlerMethodAdapter.java:87)
	at org.springframework.web.servlet.DispatcherServlet.doDispatch(DispatcherServlet.java:1089)
	at org.springframework.web.servlet.DispatcherServlet.doService(DispatcherServlet.java:979)
	at org.springframework.web.servlet.FrameworkServlet.processRequest(FrameworkServlet.java:1014)
	at org.springframework.web.servlet.FrameworkServlet.doPost(FrameworkServlet.java:914)
	at jakarta.servlet.http.HttpServlet.service(HttpServlet.java:590)
	at org.springframework.web.servlet.FrameworkServlet.service(FrameworkServlet.java:885)
	at jakarta.servlet.http.HttpServlet.service(HttpServlet.java:658)
	at org.apache.catalina.core.ApplicationFilterChain.internalDoFilter(ApplicationFilterChain.java:195)
	at org.apache.catalina.core.ApplicationFilterChain.doFilter(ApplicationFilterChain.java:140)
	at org.apache.tomcat.websocket.server.WsFilter.doFilter(WsFilter.java:51)
	at org.apache.catalina.core.ApplicationFilterChain.internalDoFilter(ApplicationFilterChain.java:164)
	at org.apache.catalina.core.ApplicationFilterChain.doFilter(ApplicationFilterChain.java:140)
	at org.springframework.web.filter.RequestContextFilter.doFilterInternal(RequestContextFilter.java:100)
	at org.springframework.web.filter.OncePerRequestFilter.doFilter(OncePerRequestFilter.java:116)
	at org.apache.catalina.core.ApplicationFilterChain.internalDoFilter(ApplicationFilterChain.java:164)
	at org.apache.catalina.core.ApplicationFilterChain.doFilter(ApplicationFilterChain.java:140)
	at org.springframework.web.filter.FormContentFilter.doFilterInternal(FormContentFilter.java:93)
	at org.springframework.web.filter.OncePerRequestFilter.doFilter(OncePerRequestFilter.java:116)
	at org.apache.catalina.core.ApplicationFilterChain.internalDoFilter(ApplicationFilterChain.java:164)
	at org.apache.catalina.core.ApplicationFilterChain.doFilter(ApplicationFilterChain.java:140)
	at org.springframework.web.filter.CharacterEncodingFilter.doFilterInternal(CharacterEncodingFilter.java:201)
	at org.springframework.web.filter.OncePerRequestFilter.doFilter(OncePerRequestFilter.java:116)
	at org.apache.catalina.core.ApplicationFilterChain.internalDoFilter(ApplicationFilterChain.java:164)
	at org.apache.catalina.core.ApplicationFilterChain.doFilter(ApplicationFilterChain.java:140)
	at org.apache.catalina.core.StandardWrapperValve.invoke(StandardWrapperValve.java:167)
	at org.apache.catalina.core.StandardContextValve.invoke(StandardContextValve.java:90)
	at org.apache.catalina.authenticator.AuthenticatorBase.invoke(AuthenticatorBase.java:483)
	at org.apache.catalina.core.StandardHostValve.invoke(StandardHostValve.java:115)
	at org.apache.catalina.valves.ErrorReportValve.invoke(ErrorReportValve.java:93)
	at org.apache.catalina.core.StandardEngineValve.invoke(StandardEngineValve.java:74)
	at org.apache.catalina.connector.CoyoteAdapter.service(CoyoteAdapter.java:344)
	at org.apache.coyote.http11.Http11Processor.service(Http11Processor.java:397)
	at org.apache.coyote.AbstractProcessorLight.process(AbstractProcessorLight.java:63)
	at org.apache.coyote.AbstractProtocol$ConnectionHandler.process(AbstractProtocol.java:905)
	at org.apache.tomcat.util.net.NioEndpoint$SocketProcessor.doRun(NioEndpoint.java:1743)
	at org.apache.tomcat.util.net.SocketProcessorBase.run(SocketProcessorBase.java:52)
	at org.apache.tomcat.util.threads.ThreadPoolExecutor.runWorker(ThreadPoolExecutor.java:1190)
	at org.apache.tomcat.util.threads.ThreadPoolExecutor$Worker.run(ThreadPoolExecutor.java:659)
	at org.apache.tomcat.util.threads.TaskThread$WrappingRunnable.run(TaskThread.java:63)
	at java.base/java.lang.Thread.run(Thread.java:1583)
2025-08-11 14:30:41.004 WARN  [http-nio-8081-exec-1] o.s.w.s.m.s.DefaultHandlerExceptionResolver - Resolved [org.springframework.http.converter.HttpMessageNotReadableException: JSON parse error: Cannot deserialize value of type `ru.duhov.dealService.dto.enums.Gender` from String "Mal": not one of the values accepted for Enum class: [NON_BINARY, FEMALE, MALE]]
2025-08-11 14:38:10.790 INFO  [SpringApplicationShutdownHook] com.zaxxer.hikari.HikariDataSource - HikariPool-1 - Shutdown initiated...
2025-08-11 14:38:10.794 INFO  [SpringApplicationShutdownHook] com.zaxxer.hikari.HikariDataSource - HikariPool-1 - Shutdown completed.
